,gdp_level,gdp_growth,cpi_level,m2_level,fed_funds_rate,unrate,indpro_level,cpi_growth,indpro_growth,m2_growth,recession,covid_shock,quarter,country,country_id,wb_gdp_growth_pct,wb_cpi_inflation_pct,wb_unemployment_pct,wb_trade_bal_gdp_pct,wb_gross_savings_pct,interest_rate,oecd_leading_index,brent_crude,sentiment
2000-01-01,,1.8791456746,99.02434999999998,,,4.833333333333333,103.4289,,,,0,0,1,japan,2,2.76464755136783,-0.676578683595175,4.748,1.36461682159555,31.0308729044071,0.025463333333333334,84.91079166666667,,
2000-01-01,,3.84099115659129,35.79232,,,,,,,,0,0,1,india,1,3.84099115659129,4.0094359104519,7.589,-0.906450287751646,26.1190237335753,,,,
2000-04-01,14130.908,1.8049010344979521,171.4333333333333,4765.7,6.273333333333333,3.9333333333333336,92.87833333333333,0.7807964710944582,1.1270407901489143,1.6708608464515606,0,0,2,us,0,,,,,,,,,
2000-04-01,600554.6,0.7945835875991847,79.64032666666667,,,8.0,82.44201,0.11721199976477692,2.653089214785176,,0,0,2,germany,3,2.8765231247659,1.44026838719741,7.917,0.165707202088596,22.3961975609088,3.9665,68.27700066666667,26.766666666666666,-40.4
2000-04-01,,0.6116375183,99.26190333333334,,,4.7,106.01553333333334,0.23960657180408518,2.4701204135567423,,0,0,2,japan,2,2.76464755136783,-0.676578683595175,4.748,1.36461682159555,31.0308729044071,0.020636666666666668,68.27700066666667,,
2000-04-01,,3.84099115659129,36.483290000000004,,,,,1.912100228990976,,,0,0,2,india,1,3.84099115659129,4.0094359104519,7.589,-0.906450287751646,26.1190237335753,,,,
2000-07-01,600993.3,0.07302247700557984,80.16898333333334,,,7.900000000000001,83.85954,0.6616117610084515,1.7048119301569464,,0,0,3,germany,3,2.8765231247659,1.44026838719741,7.917,0.165707202088596,22.3961975609088,4.4394,70.580798,30.673333333333332,-43.63333333333333
2000-07-01,,3.84099115659129,36.814960000000006,,,,,0.904993676335053,,,0,0,3,india,1,3.84099115659129,4.0094359104519,7.589,-0.906450287751646,26.1190237335753,,,,
2000-07-01,,-0.0451332109,99.02434999999998,,,4.666666666666667,106.75959999999999,-0.23960657180408518,0.6993953551181598,,0,0,3,japan,2,2.76464755136783,-0.676578683595175,4.748,1.36461682159555,31.0308729044071,0.14190666666666665,70.580798,,
2000-07-01,14145.312,0.10188067037173454,173.0,4822.0,6.52,4.0,92.7787,0.9097130385018914,-0.10733053427509631,1.1744348930157855,0,0,3,us,0,,,,,,,,,
2000-10-01,14229.765,0.5952635784890248,174.23333333333335,4893.866666666667,6.473333333333334,3.9,92.5344,0.7103802552987482,-0.2636620309371729,1.479394064571693,0,0,4,us,0,,,,,,,,,
2000-10-01,,3.84099115659129,37.174263333333336,,,,,0.971239165872273,,,0,0,4,india,1,3.84099115659129,4.0094359104519,7.589,-0.906450287751646,26.1190237335753,,,,
2000-10-01,,1.0363330442,98.88860333333332,,,4.733333333333333,107.99973333333332,-0.13717817421001754,1.1549180177683027,,0,0,4,japan,2,2.76464755136783,-0.676578683595175,4.748,1.36461682159555,31.0308729044071,0.2455166666666667,67.84753777777779,,
2000-10-01,598434.0,-0.426754315855149,80.41776333333333,,,7.766666666666667,84.1817,0.3098390174636201,0.3834301564259235,,0,0,4,germany,3,2.8765231247659,1.44026838719741,7.917,0.165707202088596,22.3961975609088,4.8062000000000005,67.84753777777779,29.723333333333333,-41.800000000000004
2001-01-01,14183.12,-0.3283372449143229,175.9,5023.366666666667,5.593333333333334,4.233333333333333,91.44053333333333,0.9520254692745311,-1.1891615201818695,2.6117639243649293,1,0,1,us,0,,,,,,,,,
2001-01-01,,4.82396626555771,36.842600000000004,,,,,-0.8961891606932948,,,0,0,1,india,1,4.82396626555771,3.77929312235637,7.611,-0.876495485614968,26.25988449921,,,,
2001-01-01,,0.5847957883,98.61712,,,4.766666666666667,104.84623333333333,-0.27491203772020967,-2.963392561908851,,1,0,1,japan,2,0.386103426142029,-0.740055504162738,5.02,0.593995454561699,29.7229420266358,0.20134666666666667,43.551220855555556,,
2001-01-01,611139.0,2.100818597867793,80.91531333333334,,,7.666666666666667,84.5683,0.6168004574014674,0.45819339420480887,,0,0,1,germany,3,1.63614170690956,1.98385731334471,7.773,1.56153639440135,22.5642466339945,4.843266666666666,43.551220855555556,25.873333333333335,-41.86666666666667
2001-04-01,609603.5,-0.2515683380901024,81.66165333333333,,,7.666666666666667,83.60181,0.9181438899497074,-1.1494321327196744,,0,0,2,germany,3,1.63614170690956,1.98385731334471,7.773,1.56153639440135,22.5642466339945,4.752433333333333,40.85448977444444,27.27333333333333,-44.333333333333336
2001-04-01,14271.694,0.6225609914771724,177.13333333333333,5152.133333333334,4.326666666666667,4.3999999999999995,90.34100000000001,0.6987092914091164,-1.209745261483075,2.5310508736012594,1,0,2,us,0,,,,,,,,,
2001-04-01,,4.82396626555771,37.47829333333333,,,,,1.7107136578567328,,,0,0,2,india,1,4.82396626555771,3.77929312235637,7.611,-0.876495485614968,26.25988449921,,,,
2001-04-01,,-0.7586460643,98.54924666666666,,,4.8999999999999995,101.51550000000002,-0.06884879724866622,-3.228333618371959,,1,0,2,japan,2,0.386103426142029,-0.740055504162738,5.02,0.593995454561699,29.7229420266358,0.01873,40.85448977444444,,
2001-07-01,,-1.177252022,98.31169666666666,,,5.133333333333333,97.22811999999999,-0.2413379833263285,-4.315152614393991,,0,0,3,japan,2,0.386103426142029,-0.740055504162738,5.02,0.593995454561699,29.7229420266358,0.009303333333333334,51.199304516666665,,
2001-07-01,,4.82396626555771,38.52856666666667,,,,,2.763803655944841,,,0,0,3,india,1,4.82396626555771,3.77929312235637,7.611,-0.876495485614968,26.25988449921,,,,
2001-07-01,609603.5,0.0,81.78604333333334,,,7.833333333333333,82.76418,0.15220774174435903,-1.006981148056152,,0,0,3,germany,3,1.63614170690956,1.98385731334471,7.773,1.56153639440135,22.5642466339945,4.327766666666666,51.199304516666665,25.30333333333333,-45.06666666666666
2001-07-01,14214.516,-0.4014439041817752,177.63333333333333,5269.633333333334,3.4966666666666666,4.833333333333333,89.08386666666667,0.2818755977023635,-1.4013151336200735,2.254991553079222,1,0,3,us,0,,,,,,,,,
2001-10-01,,-0.2183521819,97.97233999999999,,,5.366666666666667,94.88954000000001,-0.345781562837022,-2.43464917831151,,0,0,4,japan,2,0.386103426142029,-0.740055504162738,5.02,0.593995454561699,29.7229420266358,0.00247,62.94903923388889,,
2001-10-01,14253.574,0.2743986302357726,177.5,5390.599999999999,2.1333333333333333,5.5,88.13586666666667,-0.07508917191563214,-1.0698684899683286,2.2695912064623514,1,0,4,us,0,,,,,,,,,
2001-10-01,607702.4,-0.3123457375162175,81.75494333333333,,,8.033333333333333,80.96005,-0.03803327961851011,-2.2039535965526547,,0,0,4,germany,3,1.63614170690956,1.98385731334471,7.773,1.56153639440135,22.5642466339945,3.605833333333333,62.94903923388889,19.349999999999998,-45.199999999999996
2001-10-01,,4.82396626555771,38.94314666666667,,,,,1.0702847263818427,,,0,0,4,india,1,4.82396626555771,3.77929312235637,7.611,-0.876495485614968,26.25988449921,,,,
2002-01-01,,3.80397532112175,38.72203666666667,,,,,-0.5693943872753682,,,0,0,1,india,1,3.80397532112175,4.29715203929563,7.681,-0.979895086431919,28.1114783442436,,,,
2002-01-01,14372.785,0.8328805568895703,178.0666666666667,5484.366666666666,1.7333333333333334,5.7,88.738,0.318740309228005,0.6808644722963386,1.7244924657079608,0,0,1,us,0,,,,,,,,,
2002-01-01,,0.2535556665,97.25968999999999,,,5.266666666666667,95.42103666666667,-0.7300576296386474,0.5585586022722744,,0,0,1,japan,2,0.0419624992862282,-0.923494026942321,5.386,1.26376914829906,28.5044109298517,0.001386666666666667,63.88765878708333,,
2002-01-01,604868.8,-0.46737134413223913,82.53238,,,8.166666666666666,81.37887,0.946442432862149,0.5159833873695341,,0,0,1,germany,3,-0.228255715793637,1.42080615551526,8.482,4.04833225388601,22.1015279657997,3.2802000000000002,63.88765878708333,21.133333333333336,-50.199999999999996
2002-04-01,,0.7177072257,97.70085666666667,,,5.3999999999999995,98.14937666666667,0.45257097111077726,2.8191505600505096,,0,0,2,japan,2,0.0419624992862282,-0.923494026942321,5.386,1.26376914829906,28.5044109298517,0.00142,61.436077722222215,,
2002-04-01,607208.7,0.3860979032729972,82.71896333333332,,,8.4,82.05541,0.2258177257233207,0.827909376610414,,0,0,2,germany,3,-0.228255715793637,1.42080615551526,8.482,4.04833225388601,22.1015279657997,3.3249,61.436077722222215,25.05333333333333,-50.1
2002-04-01,,3.80397532112175,39.164260000000006,,,,,1.1355735332349681,,,0,0,2,india,1,3.80397532112175,4.29715203929563,7.681,-0.979895086431919,28.1114783442436,,,,
2002-04-01,14460.848,0.6108371693470005,179.46666666666667,5527.900000000001,1.75,5.833333333333333,90.09136666666666,0.7831477654657526,1.513613261740332,0.790637593985899,0,0,2,us,0,,,,,,,,,
2002-07-01,,3.80397532112175,40.076343333333334,,,,,2.3021622196585767,,,0,0,3,india,1,3.80397532112175,4.29715203929563,7.681,-0.979895086431919,28.1114783442436,,,,
2002-07-01,,0.3077069601,97.53118333333333,,,5.433333333333334,99.88558666666665,-0.17381714195270348,1.753482775581361,,0,0,3,japan,2,0.0419624992862282,-0.923494026942321,5.386,1.26376914829906,28.5044109298517,0.0029666666666666665,55.947813333333336,,
2002-07-01,611376.7,0.6840745431100359,82.78115666666666,,,8.733333333333333,82.57088,0.07515805578988122,0.6262325228682641,,0,0,3,germany,3,-0.228255715793637,1.42080615551526,8.482,4.04833225388601,22.1015279657997,3.3043333333333336,55.947813333333336,26.929999999999996,-48.666666666666664
2002-07-01,14519.633,0.40568740473787557,180.4333333333333,5632.2,1.74,5.733333333333333,90.6354,0.5371875472413912,0.6020524647806447,1.8692133012152112,0,0,3,us,0,,,,,,,,,
2002-10-01,14537.58,0.1235287243973815,181.5,5748.2,1.4433333333333334,5.866666666666667,90.63353333333333,0.5894288570083006,-0.0020595549743873676,2.038663273379626,0,0,4,us,0,,,,,,,,,
2002-10-01,,3.80397532112175,40.35273,,,,,0.6872832003577578,,,0,0,4,india,1,3.80397532112175,4.29715203929563,7.681,-0.979895086431919,28.1114783442436,,,,
2002-10-01,609694.9,-0.2754631363890425,82.71896333333333,,,9.1,82.21649,-0.0751580557897924,-0.4301185780888339,,0,0,4,germany,3,-0.228255715793637,1.42080615551526,8.482,4.04833225388601,22.1015279657997,3.2330666666666663,50.38472494444445,26.736666666666665,-50.199999999999996
2002-10-01,,0.2335861803,97.42937,,,5.333333333333333,100.3462,-0.10444506937226095,0.46008094269325284,,0,0,4,japan,2,0.0419624992862282,-0.923494026942321,5.386,1.26376914829906,28.5044109298517,0.0019366666666666666,50.38472494444445,,
2003-01-01,,7.8603814759073,40.1869,,,,,-0.4117978548991985,,,0,0,1,india,1,7.8603814759073,3.80585899528851,7.633,-0.696608416561172,30.4709582553129,,,,
2003-01-01,601413.9,-1.3675285084945088,83.4653,,,9.5,82.63531,0.8982098177540365,0.5081180807303909,,0,0,1,germany,3,-0.529801394291297,1.03422218628562,9.779,3.62114592491108,21.0728443660249,2.7664333333333335,72.19885264111112,31.52,-50.76666666666667
2003-01-01,14614.141,0.5252600765849991,183.36666666666667,5842.900000000001,1.25,5.866666666666667,91.22833333333334,1.0232137508397798,0.6541251684675231,1.6340486607207438,0,0,1,us,0,,,,,,,,,
2003-01-01,,-0.1149958171,97.02214333333332,,,5.333333333333333,101.5856,-0.418847099749442,1.2275585754467855,,0,0,1,japan,2,1.53512549946694,-0.256541816316025,5.251,1.60547788550688,28.7158958913962,0.0016666666666666668,72.19885264111112,,
2003-04-01,602291.3,0.1457832292146577,83.37200999999999,,,9.733333333333333,81.95876,-0.11183350981012197,-0.8220877097926405,,0,0,2,germany,3,-0.529801394291297,1.03422218628562,9.779,3.62114592491108,21.0728443660249,2.443633333333333,71.12502320485714,26.169999999999998,-47.13333333333333
2003-04-01,,7.8603814759073,41.01606666666667,,,,,2.0422787991211333,,,0,0,2,india,1,7.8603814759073,3.80585899528851,7.633,-0.696608416561172,30.4709582553129,,,,
2003-04-01,14743.567,0.8817230452867975,183.0666666666667,5957.666666666667,1.2466666666666668,6.133333333333333,90.5838,-0.16374059875960967,-0.7090132232326241,1.9451656610263157,0,0,2,us,0,,,,,,,,,
2003-04-01,,0.8251119789,97.46330999999999,,,5.433333333333334,101.1146,0.45367652519843205,-0.4647265742066864,,0,0,2,japan,2,1.53512549946694,-0.256541816316025,5.251,1.60547788550688,28.7158958913962,0.001,71.12502320485714,,
2003-07-01,,7.8603814759073,41.43064666666667,,,,,1.0057004762626054,,,0,0,3,india,1,7.8603814759073,3.80585899528851,7.633,-0.696608416561172,30.4709582553129,,,,
2003-07-01,607775.3,0.9064025972620016,83.65188333333333,,,9.8,81.76546,0.33513001007321463,-0.23612888772968077,,0,0,3,germany,3,-0.529801394291297,1.03422218628562,9.779,3.62114592491108,21.0728443660249,2.0657666666666668,72.64526201111111,28.45,-46.9
2003-07-01,14988.782,1.6495202585943503,184.4333333333333,6078.633333333334,1.0166666666666666,6.133333333333333,91.18136666666668,0.7437676010247252,0.6575174226204794,2.0100984469221927,0,0,3,us,0,,,,,,,,,
2003-07-01,,0.2901458623,97.29363000000001,,,5.166666666666667,101.76673333333333,-0.17424800670244878,0.6428739091977498,,0,0,3,japan,2,1.53512549946694,-0.256541816316025,5.251,1.60547788550688,28.7158958913962,0.0016666666666666668,72.64526201111111,,
2003-10-01,,7.8603814759073,41.70703666666666,,,,,0.6648994948246223,,,0,0,4,india,1,7.8603814759073,3.80585899528851,7.633,-0.696608416561172,30.4709582553129,,,,
2003-10-01,608506.6,0.12025174231808933,83.68298333333333,,,9.8,83.63402,0.037170974558531356,2.2595470065397194,,0,0,4,germany,3,-0.529801394291297,1.03422218628562,9.779,3.62114592491108,21.0728443660249,2.0148333333333333,74.83521878,29.39,-46.93333333333334
2003-10-01,15162.76,1.1540367047402356,185.13333333333333,6073.099999999999,0.9966666666666667,5.833333333333333,92.03723333333333,0.3788224968635845,0.9342641980834898,-0.09107069031202286,0,0,4,us,0,,,,,,,,,
2003-10-01,,1.011327337,97.12394666666667,,,5.033333333333333,104.70123333333333,-0.17455559248045205,2.842763132924997,,0,0,4,japan,2,1.53512549946694,-0.256541816316025,5.251,1.60547788550688,28.7158958913962,0.001,74.83521878,,
2004-01-01,,0.8555411107,96.8864,,,4.8999999999999995,106.00546666666666,-0.24488053287354816,1.2379767614195458,,0,0,1,japan,2,2.18611569439318,-0.0085733882031027,4.734,1.90817582667502,29.3158843764027,0.0006666666666666666,80.26779506349207,,
2004-01-01,607574.3,-0.1533286449364013,84.27383333333334,,,10.066666666666668,84.08505,0.7035766086535666,0.5378411497947155,,0,0,1,germany,3,1.16208684507278,1.66573696655991,10.727,4.96393434043889,23.541443180607,2.0195333333333334,80.26779506349207,31.923333333333336,-45.53333333333333
2004-01-01,15248.68,0.565052023890189,186.70000000000002,6120.599999999999,1.0033333333333332,5.7,92.64823333333334,0.8426764343087534,0.6616679050932106,0.7790947828159034,0,0,1,us,0,,,,,,,,,
2004-01-01,,7.92293661199932,41.78995,,,,,0.19860204277097893,,,0,0,1,india,1,7.92293661199932,3.76725173477515,7.598,-1.78556413335122,33.3325546576999,,,,
2004-04-01,,-0.0729344139,97.15788666666667,,,4.733333333333333,107.56333333333333,0.2798194664454634,1.4589156266105796,,0,0,2,japan,2,2.18611569439318,-0.0085733882031027,4.734,1.90817582667502,29.3158843764027,0.0006666666666666666,81.12311146031747,,
2004-04-01,15366.85,0.7719649918941585,188.16666666666666,6250.833333333333,1.01,5.599999999999999,93.13409999999999,0.7825044373929835,0.5230505674585828,2.105465725915323,0,0,2,us,0,,,,,,,,,
2004-04-01,,7.92293661199932,42.12162,,,,,0.7905268063984838,,,0,0,2,india,1,7.92293661199932,3.76725173477515,7.598,-1.78556413335122,33.3325546576999,,,,
2004-04-01,611157.3,0.5879900583497744,84.92687333333333,,,10.3,85.18041,0.771915502596876,1.2942691209031132,,0,0,2,germany,3,1.16208684507278,1.66573696655991,10.727,4.96393434043889,23.541443180607,2.0403,81.12311146031747,35.446666666666665,-47.23333333333333
2004-07-01,,0.5541783612,97.19182,,,4.766666666666667,108.4328,0.0349198712569887,0.8050804886955198,,0,0,3,japan,2,2.18611569439318,-0.0085733882031027,4.734,1.90817582667502,29.3158843764027,0.0006666666666666666,77.42403817883597,,
2004-07-01,609183.0,-0.3235657664490077,85.17565,,,10.366666666666667,85.47036,0.29250223825529886,0.3398171353320656,,0,0,3,germany,3,1.16208684507278,1.66573696655991,10.727,4.96393434043889,23.541443180607,2.0533333333333332,77.42403817883597,41.38666666666666,-49.0
2004-07-01,,7.92293661199932,43.17189666666667,,,,,2.4628595368956674,,,0,0,3,india,1,7.92293661199932,3.76725173477515,7.598,-1.78556413335122,33.3325546576999,,,,
2004-07-01,15512.619,0.9441229885171154,189.36666666666667,6320.366666666666,1.4333333333333333,5.433333333333334,93.64643333333333,0.635707597336399,0.5485953049900516,1.1062435159944428,0,0,3,us,0,,,,,,,,,
2004-10-01,608963.7,-0.03600551598079704,85.36223666666667,,,10.6,85.18041,0.21882145342146941,-0.3398171353320656,,0,0,4,germany,3,1.16208684507278,1.66573696655991,10.727,4.96393434043889,23.541443180607,2.0833,81.42577048148148,44.163333333333334,-48.6
2004-10-01,,7.92293661199932,43.44828666666666,,,,,0.6381675202700166,,,0,0,4,india,1,7.92293661199932,3.76725173477515,7.598,-1.78556413335122,33.3325546576999,,,,
2004-10-01,15670.88,1.0150391321133156,191.4,6403.533333333333,1.95,5.433333333333334,94.95476666666667,1.0680308123882654,1.3874294762526773,1.307269800353339,0,0,4,us,0,,,,,,,,,
2004-10-01,,-0.3811643579,97.63298333333334,,,4.533333333333333,106.47646666666667,0.45288287714635445,-1.8206635796452098,,0,0,4,japan,2,2.18611569439318,-0.0085733882031027,4.734,1.90817582667502,29.3158843764027,0.001,81.42577048148148,,
2005-01-01,15844.727,1.1032550529236573,192.36666666666667,6439.333333333333,2.47,5.3,96.30059999999999,0.5037794029957077,1.4073911455413146,0.5575093731971847,0,0,1,us,0,,,,,,,,,
2005-01-01,,0.6190192968,96.92033333333332,,,4.533333333333333,108.57776666666666,-0.7326045112876933,1.9542669248250988,,0,0,1,japan,2,1.80390087215821,-0.282946068764391,4.446,1.40183686637537,29.5148769788967,0.0013333333333333333,81.42195666666667,,
2005-01-01,,7.92343062148318,43.55884,,,,,0.25412491381886504,,,0,0,1,india,1,7.92343062148318,4.24634362031922,7.551,-2.79117622520215,34.4180152872324,,,,
2005-01-01,609932.4,0.15894713322079923,85.64211,,,10.833333333333334,86.27577,0.32732920382354536,1.2777316073582234,,0,0,1,germany,3,0.885485292551564,1.54691114751328,11.193,4.95319708820102,23.3755952730244,2.0641000000000003,81.42195666666667,47.696666666666665,-47.333333333333336
2005-04-01,,7.92343062148318,43.807590000000005,,,,,0.5694422266603549,,,0,0,2,india,1,7.92343062148318,4.24634362031922,7.551,-2.79117622520215,34.4180152872324,,,,
2005-04-01,15922.782,0.49141503086236327,193.66666666666666,6484.166666666667,2.9433333333333334,5.1000000000000005,96.85623333333332,0.6735195134990768,0.5753199162912281,0.6938292751843989,0,0,2,us,0,,,,,,,,,
2005-04-01,613588.6,0.5976539647436496,85.98418333333332,,,11.199999999999998,87.1134,0.3986263172850002,0.9661924285667922,,0,0,2,germany,3,0.885485292551564,1.54691114751328,11.193,4.95319708820102,23.3755952730244,2.0693333333333332,84.62662389121212,51.626666666666665,-43.666666666666664
2005-04-01,,0.9611549334,97.05607666666667,,,4.433333333333334,108.79513333333334,0.13995862227949019,0.19999433150879042,,0,0,2,japan,2,1.80390087215821,-0.282946068764391,4.446,1.40183686637537,29.5148769788967,0.001,84.62662389121212,,
2005-07-01,16047.587,0.7807581701131383,196.6,6576.633333333334,3.4599999999999995,4.966666666666667,96.45046666666667,1.5032739529264205,-0.4198170706178672,1.4159655089011736,0,0,3,us,0,,,,,,,,,
2005-07-01,,0.9011589312,96.8864,,,4.3,108.43283333333333,-0.1749763258406034,-0.33356693568764584,,0,0,3,japan,2,1.80390087215821,-0.282946068764391,4.446,1.40183686637537,29.5148769788967,0.001,88.68293483787879,,
2005-07-01,618414.8,0.7834758714745149,86.57503666666668,,,11.166666666666666,88.24098,0.6848149202840048,1.2860762778720058,,0,0,3,germany,3,0.885485292551564,1.54691114751328,11.193,4.95319708820102,23.3755952730244,2.0759666666666665,88.68293483787879,61.47,-40.4
2005-07-01,,7.92343062148318,44.77495,,,,,2.1841741210508303,,,0,0,3,india,1,7.92343062148318,4.24634362031922,7.551,-2.79117622520215,34.4180152872324,,,,
2005-10-01,,7.92343062148318,45.631750000000004,,,,,1.8954914913754894,,,0,0,4,india,1,7.92343062148318,4.24634362031922,7.551,-2.79117622520215,34.4180152872324,,,,
2005-10-01,,0.2812815278,96.8864,,,4.433333333333334,109.62836666666665,0.0,1.0965227304772007,,0,0,4,japan,2,1.80390087215821,-0.282946068764391,4.446,1.40183686637537,29.5148769788967,0.001,87.25611562973138,,
2005-10-01,620754.8,0.3776727223479881,86.79271666666666,,,10.866666666666667,89.88402,0.25111949622385055,1.8448691660755578,,0,0,4,germany,3,0.885485292551564,1.54691114751328,11.193,4.95319708820102,23.3755952730244,2.1429,87.25611562973138,56.879999999999995,-35.36666666666667
2005-10-01,16136.734,0.5539792372076136,198.4333333333333,6664.133333333334,3.98,4.966666666666667,97.34793333333333,0.9281983778168801,0.9261924580298064,1.3216949737735462,0,0,4,us,0,,,,,,,,,
2006-01-01,,0.0776765855,96.78459,,,4.2,111.07753333333334,-0.10513707745101186,1.3132294997149074,,0,0,1,japan,2,1.3723501275831,0.249355116079085,4.192,1.29837199455426,29.8159321777965,0.0013333333333333333,89.56988972222223,,
2006-01-01,627683.0,1.1099105015366817,87.10369000000001,,,10.533333333333333,90.39948,0.35765392831539344,0.5718342550523836,,0,0,1,germany,3,3.86668241523209,1.57742642840563,10.277,5.17970636968403,25.7235523953492,2.398633333333333,89.56988972222223,61.75333333333333,-28.8
2006-01-01,16353.835,1.3364138447713003,199.46666666666667,6751.366666666666,4.456666666666667,4.733333333333333,98.30133333333333,0.5193946500923197,0.9746088629808192,1.300504085854648,0,0,1,us,0,,,,,,,,,
2006-01-01,,8.06073257166651,45.5212,,,,,-0.24255946560551855,,,0,0,1,india,1,8.06073257166651,5.79652337561634,7.553,-3.18859765487213,36.3605321112763,,,,
2006-04-01,,8.06073257166651,46.41377,,,,,1.9418030937633723,,,0,0,2,india,1,8.06073257166651,5.79652337561634,7.553,-3.18859765487213,36.3605321112763,,,,
2006-04-01,16396.151,0.25841857488995146,201.26666666666665,6824.133333333334,4.906666666666667,4.633333333333333,98.88279999999999,0.8983590612470671,0.5897719479456498,1.072039535474012,0,0,2,us,0,,,,,,,,,
2006-04-01,638432.0,1.6979908237349406,87.57015333333334,,,10.200000000000001,92.20361,0.5340976454097479,1.9760768639867976,,0,0,2,germany,3,3.86668241523209,1.57742642840563,10.277,5.17970636968403,25.7235523953492,2.6342666666666665,90.89160913186812,69.53333333333335,-18.833333333333332
2006-04-01,,0.2769286667,97.22576,,,4.133333333333333,112.92516666666666,0.45479095358640365,1.6496901471119152,,0,0,2,japan,2,1.3723501275831,0.249355116079085,4.192,1.29837199455426,29.8159321777965,0.019333333333333334,90.89160913186812,,
2006-07-01,,-0.0138324271,97.49723999999999,,,4.1,113.97586666666666,0.27883729800475265,0.9261372631906184,,0,0,3,japan,2,1.3723501275831,0.249355116079085,4.192,1.29837199455426,29.8159321777965,0.222,87.20753218888888,,
2006-07-01,643258.1,0.7530873194623311,87.85002999999999,,,9.9,94.07217,0.31909316114582253,2.006296983687328,,0,0,3,germany,3,3.86668241523209,1.57742642840563,10.277,5.17970636968403,25.7235523953492,2.9410333333333334,87.20753218888888,69.62,-15.200000000000001
2006-07-01,,8.06073257166651,47.56136,,,,,2.442448442520595,,,0,0,3,india,1,8.06073257166651,5.79652337561634,7.553,-3.18859765487213,36.3605321112763,,,,
2006-07-01,16420.738,0.14984360400802643,203.16666666666666,6923.7,5.246666666666667,4.633333333333334,99.28359999999999,0.9395931648588096,0.40450908581473044,1.4484959938098285,0,0,3,us,0,,,,,,,,,
2006-10-01,,1.34414997,97.22575666666667,,,4.033333333333333,115.20763333333332,-0.2788407264515236,1.0749277563341764,,0,0,4,japan,2,1.3723501275831,0.249355116079085,4.192,1.29837199455426,29.8159321777965,0.25533333333333336,81.33247207692307,,
2006-10-01,,8.06073257166651,48.58145,,,,,2.12211039304262,,,0,0,4,india,1,8.06073257166651,5.79652337561634,7.553,-3.18859765487213,36.3605321112763,,,,
2006-10-01,16561.866,0.8557775565416037,202.33333333333334,7039.666666666667,5.246666666666667,4.433333333333334,99.51353333333334,-0.4110157861828334,0.23132469971898217,1.6610511745156487,0,0,4,us,0,,,,,,,,,
2006-10-01,652690.9,1.4557620069989952,87.91222333333333,,,9.566666666666666,95.03866,0.07076984363765249,1.0221502542401062,,0,0,4,germany,3,3.86668241523209,1.57742642840563,10.277,5.17970636968403,25.7235523953492,3.3689999999999998,81.33247207692307,59.68,-16.400000000000002
2007-01-01,,0.7187303864,96.68278333333335,,,4.0,114.88153333333332,-0.5600318092890966,-0.28345551689135107,,0,0,1,japan,2,1.48396941157472,0.060039454498669,3.888,1.76167668956688,30.3433799383529,0.37766666666666665,78.07401874665032,,
2007-01-01,16611.69,0.3003840617131104,204.317,7140.266666666666,5.256666666666667,4.5,100.52153333333332,0.9756206934616429,1.0078318255620111,1.4189303362579508,0,0,1,us,0,,,,,,,,,
2007-01-01,,7.6608150670107,48.70896,,,,,0.26212259360041124,,,0,0,1,india,1,7.6608150670107,6.37288135593231,7.562,-4.08686918154154,37.0113890041504,,,,
2007-01-01,653550.2,0.13156837952124079,88.65855666666666,,,9.066666666666666,96.61727,0.8453695204288181,1.6473747519076376,,0,0,1,germany,3,2.8891174138025,2.2983440070095,8.732,6.3897695714769,27.472723293629,3.6078666666666668,78.07401874665032,57.76333333333333,-22.866666666666664
2007-04-01,,0.1549147501,97.15788666666667,,,3.766666666666667,115.64236666666666,0.4902008280459391,0.6600930280417749,,0,0,2,japan,2,1.48396941157472,0.060039454498669,3.888,1.76167668956688,30.3433799383529,0.514,86.23793716666667,,
2007-04-01,,7.6608150670107,49.34651,,,,,1.3004047288651677,,,0,0,2,india,1,7.6608150670107,6.37288135593231,7.562,-4.08686918154154,37.0113890041504,,,,
2007-04-01,16713.314,0.6098982914680917,206.631,7261.033333333333,5.25,4.5,101.71776666666666,1.1261884506108544,1.183001804599737,1.6772027196759964,0,0,2,us,0,,,,,,,,,
2007-04-01,657864.4,0.6579483808286213,89.37379,,,8.6,97.68041,0.8034912696096796,1.0943523465422267,,0,0,2,germany,3,2.8891174138025,2.2983440070095,8.732,6.3897695714769,27.472723293629,3.855233333333333,86.23793716666667,68.58333333333333,-25.3
2007-07-01,,7.6608150670107,50.749120000000005,,,,,2.8027233842891963,,,0,0,3,india,1,7.6608150670107,6.37288135593231,7.562,-4.08686918154154,37.0113890041504,,,,
2007-07-01,16809.587,0.5743731109307149,207.939,7375.5,5.073333333333333,4.666666666666667,101.8732,0.6310173626604687,0.15269180757604417,1.5641545414499802,0,0,3,us,0,,,,,,,,,
2007-07-01,661227.9,0.5099730003140124,89.84025666666666,,,8.433333333333334,99.48454,0.5205704895958618,1.8301228035048744,,0,0,3,germany,3,2.8891174138025,2.2983440070095,8.732,6.3897695714769,27.472723293629,4.046399999999999,87.66476666017316,74.95333333333333,-24.599999999999998
2007-07-01,,-0.6560698682,97.36149999999999,,,3.733333333333333,117.56246666666668,0.20935024645929445,1.646744077191542,,0,0,3,japan,2,1.48396941157472,0.060039454498669,3.888,1.76167668956688,30.3433799383529,0.498,87.66476666017316,,
2007-10-01,16915.191,0.6262715512194816,210.4896666666667,7455.2,4.496666666666667,4.8,102.17546666666668,1.219179498927403,0.2962694073932681,1.0748078951342777,1,0,4,us,0,,,,,,,,,
2007-10-01,666127.0,0.7381781988019753,90.61769,,,8.200000000000001,100.4188,0.8616280495567175,0.9347185516478618,,0,0,4,germany,3,2.8891174138025,2.2983440070095,8.732,6.3897695714769,27.472723293629,3.947533333333334,90.77176603962704,88.56,-23.266666666666666
2007-10-01,,7.6608150670107,51.25916,,,,,1.0000055885144743,,,0,0,4,india,1,7.6608150670107,6.37288135593231,7.562,-4.08686918154154,37.0113890041504,,,,
2007-10-01,,0.5676381569,97.70085666666667,,,3.8333333333333335,118.3233,0.3479472050276655,0.6450884956060499,,0,0,4,japan,2,1.48396941157472,0.060039454498669,3.888,1.76167668956688,30.3433799383529,0.501,90.77176603962704,,
2008-01-01,670039.3,0.5856024329270682,91.27073666666666,,,7.8999999999999995,101.482,0.7180769934010733,1.053200212941885,,0,0,1,germany,3,0.887902330743628,2.62837981637219,7.508,5.78458104183402,26.46361515504,4.0469,88.85645084090909,96.93666666666667,-23.633333333333336
2008-01-01,,3.08669805921981,51.76920666666666,,,,,0.9901172850838691,,,0,0,1,india,1,3.08669805921981,8.34926704907581,7.629,-5.17350591894442,36.2540826332604,,,,
2008-01-01,,0.2084682641,97.63298666666667,,,3.9,118.95823333333334,-0.06949128893696255,0.5351742631194867,,0,0,1,japan,2,-1.22428900061713,1.3800788616492,4.002,0.341610211589549,28.6421074070242,0.5056666666666666,88.85645084090909,,
2008-01-01,16843.003,-0.42767755900321447,212.76966666666667,7597.166666666667,3.1766666666666663,5.0,101.87406666666668,1.0773640999506284,-0.29541868023414963,1.8863595275620426,1,0,1,us,0,,,,,,,,,
2008-04-01,,3.08669805921981,53.17182,,,,,2.673305015320615,,,0,0,2,india,1,3.08669805921981,8.34926704907581,7.629,-5.17350591894442,36.2540826332604,,,,
2008-04-01,16943.291,0.5936625931315831,215.5376666666667,7727.2,2.0866666666666664,5.333333333333333,100.39313333333332,1.2925478139099944,-1.464359814044247,1.6971201118019863,1,0,2,us,0,,,,,,,,,
2008-04-01,,-0.4794450097,98.44743999999999,,,3.966666666666667,117.07653333333333,0.8307387240440889,-1.5944599109916524,,0,0,2,japan,2,-1.22428900061713,1.3800788616492,4.002,0.341610211589549,28.6421074070242,0.5066666666666667,89.66962621818182,,
2008-04-01,667626.3,-0.3607781522255493,91.95488,,,7.533333333333334,100.6765,0.746780417743409,-0.7969036798406215,,0,0,2,germany,3,0.887902330743628,2.62837981637219,7.508,5.78458104183402,26.46361515504,4.0010666666666665,89.66962621818182,121.39666666666666,-23.433333333333334
2008-07-01,16854.295,-0.5266423802783748,218.861,7823.133333333334,1.9400000000000002,6.0,97.1922,1.5301143524211192,-3.240335049156773,1.2338584434603561,1,0,3,us,0,,,,,,,,,
2008-07-01,,3.08669805921981,55.33950000000001,,,,,3.995838250267525,,,0,0,3,india,1,3.08669805921981,8.34926704907581,7.629,-5.17350591894442,36.2540826332604,,,,
2008-07-01,663970.0,-0.5491618126074016,92.60792666666667,,,7.133333333333333,99.45232,0.707671717651337,-1.2234072721816425,,1,0,3,germany,3,0.887902330743628,2.62837981637219,7.508,5.78458104183402,26.46361515504,4.254333333333333,85.61120035185185,114.39666666666666,-24.633333333333336
2008-07-01,,-1.1113362579,99.46551333333332,,,4.0,112.83413333333333,1.0288182720191053,-3.690895823893925,,1,0,3,japan,2,-1.22428900061713,1.3800788616492,4.002,0.341610211589549,28.6421074070242,0.5006666666666667,85.61120035185185,,
2008-10-01,16485.35,-2.2133412739485436,213.84866666666667,8068.866666666666,0.5066666666666667,6.866666666666667,93.00970000000001,-2.3168225357180994,-4.398667254331112,3.0927878266382436,1,0,4,us,0,,,,,,,,,
2008-10-01,,-2.373927771,98.71893,,,4.066666666666666,102.43341,-0.7534263057488388,-9.670596484015448,,1,0,4,japan,2,-1.22428900061713,1.3800788616492,4.002,0.341610211589549,28.6421074070242,0.333,82.78964960811966,,
2008-10-01,653659.5,-1.5650394058711825,92.07926666666667,,,7.033333333333334,92.68686,-0.5724938847755823,-7.045161838170433,,1,0,4,germany,3,0.887902330743628,2.62837981637219,7.508,5.78458104183402,26.46361515504,3.1521333333333335,82.78964960811966,54.660000000000004,-26.633333333333336
2008-10-01,,3.08669805921981,56.48709,,,,,2.0525177206137,,,0,0,4,india,1,3.08669805921981,8.34926704907581,7.629,-5.17350591894442,36.2540826332604,,,,
2009-01-01,,7.86188883286074,56.6146,,,,,0.2254786007571674,,,0,0,1,india,1,7.86188883286074,10.8823529411764,7.636,-5.471830894171,35.6174348132095,,,,
2009-01-01,623021.3,-4.800586606504353,92.01707333333333,,,7.2,81.0567,-0.06756607513151991,-13.407780516514478,,1,0,1,germany,3,-5.54455451920674,0.312739007368446,7.88,4.76990501088626,23.7954491975278,1.3771000000000002,75.86919696061538,44.43333333333334,-29.400000000000002
2009-01-01,,-4.4352411419,97.53118333333333,,,4.566666666666666,82.31622,-1.2104565433300962,-21.86447568181613,,1,0,1,japan,2,-5.69323635892741,-1.35283672951719,5.068,0.448964962104375,25.3311155031213,0.11033333333333334,75.86919696061538,,
2009-01-01,16298.262,-1.1413631359902254,212.37766666666667,8331.566666666666,0.18333333333333335,8.266666666666667,87.75126666666667,-0.6902463434634853,-5.819749159998544,3.203847914097935,1,0,1,us,0,,,,,,,,,
2009-04-01,16269.145,-0.178810721762801,213.50699999999998,8433.199999999999,0.18000000000000002,9.299999999999999,85.24893333333334,0.5303482697453177,-2.893069332317655,1.2124782938785827,1,0,2,us,0,,,,,,,,,
2009-04-01,,1.1190084116,97.53118,,,5.1000000000000005,86.38755333333334,-3.417710381370398e-06,4.827543468642492,,1,0,2,japan,2,-5.69323635892741,-1.35283672951719,5.068,0.448964962104375,25.3311155031213,0.10333333333333333,85.43743409578478,,
2009-04-01,,7.86188883286074,57.88970333333333,,,,,2.2272630940412874,,,0,0,2,india,1,7.86188883286074,10.8823529411764,7.636,-5.471830894171,35.6174348132095,,,,
2009-04-01,624556.9,0.24617306963090613,92.20366,,,7.466666666666666,80.50902,0.20256865456342865,-0.6779681949851124,,1,0,2,germany,3,-5.54455451920674,0.312739007368446,7.88,4.76990501088626,23.7954491975278,0.774,85.43743409578478,58.696666666666665,-30.03333333333333
2009-07-01,,7.86188883286074,61.842526666666664,,,,,6.605172815693194,,,0,0,3,india,1,7.86188883286074,10.8823529411764,7.636,-5.471830894171,35.6174348132095,,,,
2009-07-01,628432.6,0.6186344515294095,92.39024333333333,,,7.533333333333334,83.44072,0.2021555354822624,3.576721177336406,,0,0,3,germany,3,-5.54455451920674,0.312739007368446,7.88,4.76990501088626,23.7954491975278,0.3561,86.09474474545455,68.2,-28.5
2009-07-01,16326.281,0.3505771547139602,215.34399999999997,8462.699999999999,0.15666666666666665,9.633333333333333,86.58386666666667,0.8567130474912865,1.5537897194880301,0.34919749734125816,0,0,3,us,0,,,,,,,,,
2009-07-01,,-0.6493851914,97.22576,,,5.433333333333334,91.21157333333333,-0.31364248213394674,5.433818282329117,,0,0,3,japan,2,-5.69323635892741,-1.35283672951719,5.068,0.448964962104375,25.3311155031213,0.10333333333333333,86.09474474545455,,
2009-10-01,633258.8,0.7650402529854716,92.45243333333333,,,7.266666666666667,84.82603,0.06728965785187668,1.6466013632972398,,0,0,4,germany,3,-5.54455451920674,0.312739007368446,7.88,4.76990501088626,23.7954491975278,0.3585666666666667,88.83882087878789,74.63,-26.766666666666666
2009-10-01,16502.754,1.0751135379244658,217.03,8505.699999999999,0.12,9.933333333333334,88.01443333333333,0.7798843341534578,1.638731511944247,0.5068255350629158,0,0,4,us,0,,,,,,,,,
2009-10-01,,1.605487828,96.71672000000001,,,5.2,97.64359666666667,-0.5249403523508889,6.814229122862425,,0,0,4,japan,2,-5.69323635892741,-1.35283672951719,5.068,0.448964962104375,25.3311155031213,0.104,88.83882087878789,,
2009-10-01,,7.86188883286074,64.0102,,,,,3.4451184087826547,,,0,0,4,india,1,7.86188883286074,10.8823529411764,7.636,-5.471830894171,35.6174348132095,,,,
2010-01-01,,1.2398187413,96.68278333333332,,,5.033333333333333,101.407,-0.03509488538506744,3.781804146244294,,0,0,1,japan,2,4.09791791943181,-0.728243207517779,5.102,1.33853420544671,26.3773425046421,0.09800000000000002,90.63290854395605,,
2010-01-01,,8.49758470221235,65.28530333333333,,,,,1.9724501482834889,,,0,0,1,india,1,8.49758470221235,11.9893899204244,7.631,-4.45333999982715,36.3058750410672,,,,
2010-01-01,16582.71,0.483331022067901,217.37400000000002,8509.5,0.13333333333333333,9.833333333333334,89.7711,0.1583779485945236,1.9762281049632513,0.04466594648526723,0,0,1,us,0,,,,,,,,,
2010-01-01,637864.9,0.7247320084973197,92.76341333333333,,,7.0,86.50129,0.33580311601184576,1.9556873878231684,,0,0,1,germany,3,4.13463778522758,1.1038103778926,7.043,5.10545796593838,25.2468823707204,0.3441,90.63290854395605,76.25,-26.066666666666666
2010-04-01,,1.3786292406,96.75065666666666,,,5.133333333333333,102.4676,0.070177458581,1.0404528743172214,,0,0,2,japan,2,4.09791791943181,-0.728243207517779,5.102,1.33853420544671,26.3773425046421,0.09300000000000001,90.52603037916667,,
2010-04-01,16743.162,0.9629349822608546,217.29733333333334,8597.300000000001,0.19333333333333336,9.633333333333333,91.47163333333333,-0.035275695258629725,1.876580877061862,1.026501402478175,0,0,2,us,0,,,,,,,,,
2010-04-01,651685.4,2.1435424705705586,93.22986666666667,,,6.7,90.91495,0.5015818972270658,4.976512698552504,,0,0,2,germany,3,4.13463778522758,1.1038103778926,7.043,5.10545796593838,25.2468823707204,0.3505,90.52603037916667,78.51,-21.900000000000002
2010-04-01,,8.49758470221235,65.79534666666667,,,,,0.7782169335309064,,,0,0,2,india,1,8.49758470221235,11.9893899204244,7.631,-4.45333999982715,36.3058750410672,,,,
2010-07-01,,1.7244520398,96.24162333333334,,,5.066666666666666,103.9388,-0.5275180061719453,1.42556133433418,,0,0,3,japan,2,4.09791791943181,-0.728243207517779,5.102,1.33853420544671,26.3773425046421,0.09333333333333334,96.51950330555555,,
2010-07-01,16872.266,0.7681272705003295,217.93433333333334,8682.033333333333,0.18666666666666668,9.466666666666667,92.65876666666666,0.29271788044127334,1.2894663588866706,0.9807555753784669,0,0,3,us,0,,,,,,,,,
2010-07-01,,8.49758470221235,68.21804,,,,,3.615992952125602,,,0,0,3,india,1,8.49758470221235,11.9893899204244,7.631,-4.45333999982715,36.3058750410672,,,,
2010-07-01,657974.1,0.9603638707252671,93.41645,,,6.433333333333334,92.3969,0.19993257709876033,1.616897419432739,,0,0,3,germany,3,4.13463778522758,1.1038103778926,7.043,5.10545796593838,25.2468823707204,0.45343333333333335,96.51950330555555,76.82000000000001,-18.2
2010-10-01,662288.5,0.6535692759237932,93.72742666666666,,,6.2,95.81186,0.3323399711851138,3.6293048595460675,,0,0,4,germany,3,4.13463778522758,1.1038103778926,7.043,5.10545796593838,25.2468823707204,0.5973333333333334,93.72657715286935,86.46666666666665,-15.0
2010-10-01,,-0.8590121262,96.44523666666667,,,5.0,103.28873333333333,0.2113412498601086,-0.6273961655267613,,0,0,4,japan,2,4.09791791943181,-0.728243207517779,5.102,1.33853420544671,26.3773425046421,0.08966666666666667,93.72657715286935,,
2010-10-01,16960.864,0.523736364445071,219.69899999999998,8793.533333333333,0.18666666666666668,9.5,93.04663333333333,0.8064633548182876,0.41772315793240367,1.276084663465582,0,0,4,us,0,,,,,,,,,
2010-10-01,,8.49758470221235,69.87568,,,,,2.4008617091370255,,,0,0,4,india,1,8.49758470221235,11.9893899204244,7.631,-4.45333999982715,36.3058750410672,,,,
2011-01-01,,5.24131619937695,71.15078,,,,,1.8083624138918175,,,0,0,1,india,1,5.24131619937695,8.91179336483371,7.609,-6.54305737438719,35.1317930938104,,,,
2011-01-01,,-1.4346402233,96.17375,,,4.733333333333333,99.52529333333332,-0.28189001628415866,-3.711648652099342,,1,0,1,japan,2,0.0238095237995424,-0.27245561610124,4.55,-0.646036205929896,25.5805714085266,0.08766666666666667,86.29003977777778,,
2011-01-01,674262.0,1.7917497806566374,94.50486000000001,,,5.866666666666667,96.93943,0.8260408113117457,1.1699873577473596,,0,0,1,germany,3,3.75796884489337,2.07517283735874,5.967,4.85425441678104,27.5499098287462,0.6749333333333333,86.29003977777778,104.96,-12.1
2011-01-01,16920.632,-0.23748667360496967,222.04366666666667,8911.266666666666,0.15666666666666668,9.033333333333333,93.5568,1.0615631507868706,0.5467937311199655,1.3299790877173479,0,0,1,us,0,,,,,,,,,
2011-04-01,17035.114,0.6743037468666557,224.56833333333336,9108.333333333334,0.09333333333333334,9.066666666666666,93.94496666666667,1.1305981745300286,0.41404113475396187,2.187335165150195,0,0,2,us,0,,,,,,,,,
2011-04-01,,-0.6396674871,96.37736333333334,,,4.666666666666667,95.48818,0.21149024350179957,-4.14093460221201,,0,0,2,japan,2,0.0238095237995424,-0.27245561610124,4.55,-0.646036205929896,25.5805714085266,0.06666666666666667,82.44767552631579,,
2011-04-01,676090.1,0.2707591770805706,95.09571,,,5.566666666666666,97.84149,0.6232596375022936,0.9262369733957776,,0,0,2,germany,3,3.75796884489337,2.07517283735874,5.967,4.85425441678104,27.5499098287462,1.0411666666666666,82.44767552631579,117.36,-7.666666666666667
2011-04-01,,5.24131619937695,71.66082333333334,,,,,0.7142914021168956,,,0,0,2,india,1,5.24131619937695,8.91179336483371,7.609,-6.54305737438719,35.1317930938104,,,,
2011-07-01,17031.313,-0.0223152255784953,226.03266666666664,9475.566666666668,0.08333333333333333,9.0,95.03566666666666,0.6499490627828841,1.1543109909708527,3.952681029401539,0,0,3,us,0,,,,,,,,,
2011-07-01,,2.3935455665,96.37736333333334,,,4.466666666666667,101.81756666666666,0.0,6.418017961276856,,0,0,3,japan,2,0.0238095237995424,-0.27245561610124,4.55,-0.646036205929896,25.5805714085266,0.078,85.97330276883385,,
2011-07-01,,5.24131619937695,74.46605000000001,,,,,3.8399115570902254,,,0,0,3,india,1,5.24131619937695,8.91179336483371,7.609,-6.54305737438719,35.1317930938104,,,,
2011-07-01,679746.2,0.5393142021299369,95.46888,,,5.433333333333334,99.19459,0.39164723834250736,1.3734756305172624,,0,0,3,germany,3,3.75796884489337,2.07517283735874,5.967,4.85425441678104,27.5499098287462,0.9743666666666667,85.97330276883385,113.33999999999999,-6.866666666666667
2011-10-01,17222.583,1.1167896811464573,227.04733333333334,9634.933333333332,0.07333333333333335,8.633333333333333,96.02080000000001,0.44789810318626166,1.0312574928073914,1.6678826935754287,0,0,4,us,0,,,,,,,,,
2011-10-01,679673.1,-0.010754592062944823,95.81095333333333,,,5.233333333333333,98.26031,0.357668335486494,-0.9463294882644746,,0,0,4,germany,3,3.75796884489337,2.07517283735874,5.967,4.85425441678104,27.5499098287462,0.7921999999999999,87.921307825,109.39666666666666,-9.700000000000001
2011-10-01,,0.0347175849,96.13981666666666,,,4.466666666666667,102.87816666666667,-0.24677983255543268,1.0362790410629152,,0,0,4,japan,2,0.0238095237995424,-0.27245561610124,4.55,-0.646036205929896,25.5805714085266,0.07866666666666666,87.921307825,,
2011-10-01,,5.24131619937695,75.74115666666667,,,,,1.6978377077452755,,,0,0,4,india,1,5.24131619937695,8.91179336483371,7.609,-6.54305737438719,35.1317930938104,,,,
2012-01-01,681117.2,0.2122443909412297,96.52618666666666,,,5.1,98.2281,0.7437322091656817,-0.032785649075695034,,0,0,1,germany,3,0.463512036709204,2.00848884782956,5.372,6.03951730444972,26.6562055834459,0.36743333333333333,95.70949239928909,118.49000000000001,-9.700000000000001
2012-01-01,,1.5200236316,96.47917333333334,,,4.5,103.66506666666668,0.3523609149675089,0.7619749091936079,,0,0,1,japan,2,1.37475099905274,-0.0440645104432602,4.358,-1.64136169121036,24.895748835138,0.083,95.70949239928909,,
2012-01-01,,5.45638755166587,76.2512,,,,,0.6711459168564637,,,0,0,1,india,1,5.45638755166587,9.47899691419801,7.645,-6.72486040591518,35.261292320436,,,,
2012-01-01,17367.01,0.8350941818790147,228.32600000000002,9807.1,0.10333333333333333,8.266666666666667,96.97176666666667,0.5615919658330526,0.9855036177892629,1.771123053213941,0,0,1,us,0,,,,,,,,,
2012-04-01,,5.45638755166587,78.92891333333334,,,,,3.4514463083646696,,,0,0,2,india,1,5.45638755166587,9.47899691419801,7.645,-6.72486040591518,35.261292320436,,,,
2012-04-01,681848.5,0.10731012088953662,96.86826333333333,,,5.1,98.16366,0.35376095168704325,-0.06562393688271939,,0,0,2,germany,3,0.463512036709204,2.00848884782956,5.372,6.03951730444972,26.6562055834459,0.33803333333333335,92.84250288623188,108.41666666666667,-9.1
2012-04-01,,-0.926725457,96.54704,,,4.3999999999999995,101.47543333333334,0.07031860418456048,-2.134845624683912,,0,0,2,japan,2,1.37475099905274,-0.0440645104432602,4.358,-1.64136169121036,24.895748835138,0.07833333333333332,92.84250288623188,,
2012-04-01,17444.525,0.4453416266322563,228.808,9960.233333333334,0.15333333333333335,8.2,97.5877,0.21087916393058848,0.6331590043553881,1.5493885207195746,0,0,2,us,0,,,,,,,,,
2012-07-01,683237.7,0.20353300466613433,97.39691,,,5.033333333333333,98.48582,0.544253982868792,0.327649265291452,,0,0,3,germany,3,0.463512036709204,2.00848884782956,5.372,6.03951730444972,26.6562055834459,0.1312,92.08709861265432,109.61333333333334,-8.633333333333333
2012-07-01,,-0.3954007394,95.97013666666668,,,4.233333333333333,98.32785666666666,-0.5993284029599089,-3.1509361856141282,,0,0,3,japan,2,1.37475099905274,-0.0440645104432602,4.358,-1.64136169121036,24.895748835138,0.085,92.08709861265432,,
2012-07-01,,5.45638755166587,81.73414000000001,,,,,3.4924168687284762,,,0,0,3,india,1,5.45638755166587,9.47899691419801,7.645,-6.72486040591518,35.261292320436,,,,
2012-07-01,17469.65,0.14392437648620415,229.841,10148.733333333334,0.14333333333333334,8.033333333333333,97.56826666666666,0.45045415849909176,-0.01991569484607325,1.8748404591201862,0,0,3,us,0,,,,,,,,,
2012-10-01,,-0.0547667813,95.90226666666666,,,4.166666666666667,96.75406333333335,-0.07074493429133355,-1.61350419001014,,0,0,4,japan,2,1.37475099905274,-0.0440645104432602,4.358,-1.64136169121036,24.895748835138,0.08433333333333333,92.63655293655172,,
2012-10-01,,5.45638755166587,83.39178,,,,,2.0077958516617755,,,0,0,4,india,1,5.45638755166587,9.47899691419801,7.645,-6.72486040591518,35.261292320436,,,,
2012-10-01,681190.4,-0.3000966538968086,97.73898666666666,,,5.0,96.06959,0.35060388469707604,-2.483975373294456,,0,0,4,germany,3,0.463512036709204,2.00848884782956,5.372,6.03951730444972,26.6562055834459,0.08086666666666667,92.63655293655172,110.08666666666666,-10.700000000000001
2012-10-01,17489.852,0.11557374157504796,231.36933333333332,10379.466666666667,0.16,7.8,98.0357,0.6627513813426411,0.4779394110269841,2.2480592602272864,0,0,4,us,0,,,,,,,,,
2013-01-01,,1.277357741,95.83439666666668,,,4.2,96.75715000000001,-0.07079501818250122,0.0031901682737256465,,0,0,1,japan,2,2.00510017681211,0.335037912184741,4.038,-2.41045518719656,25.2525231315864,0.081,93.38316539124668,,
2013-01-01,,6.38610640094825,85.17692,,,,,2.1180761762468414,,,0,0,1,india,1,6.38610640094825,10.0178784746102,7.678,-2.98240934563964,34.3046574869553,,,,
2013-01-01,677424.3,-0.5544043718009206,98.01886,,,5.066666666666666,96.32732,0.2859384988013858,0.2679150659562701,,0,0,1,germany,3,0.396995583779145,1.50472330251876,5.316,5.77453880717814,26.5120831814718,0.0679,93.38316539124668,112.49333333333334,-6.6000000000000005
2013-01-01,17662.4,0.9817259265515688,232.29933333333335,10539.800000000001,0.14333333333333334,7.733333333333333,98.77346666666666,0.4011490592279898,0.7497314631875973,1.5329072044041325,0,0,1,us,0,,,,,,,,,
2013-04-01,,6.38610640094825,87.34460000000001,,,,,2.5130709287185304,,,0,0,2,india,1,6.38610640094825,10.0178784746102,7.678,-2.98240934563964,34.3046574869553,,,,
2013-04-01,,1.0257923869,96.27555666666666,,,4.033333333333333,98.75695,0.45927945722965546,2.045755006345651,,0,0,2,japan,2,2.00510017681211,0.335037912184741,4.038,-2.41045518719656,25.2525231315864,0.07,93.84805285097002,,
2013-04-01,685321.8,1.1590696777798115,98.32983666666667,,,4.966666666666667,97.68041,0.31675985831940423,1.3949051822187641,,0,0,2,germany,3,0.396995583779145,1.50472330251876,5.316,5.77453880717814,26.5120831814718,0.08196666666666667,93.84805285097002,102.57666666666667,-4.566666666666666
2013-04-01,17709.671,0.26727882651371715,232.045,10653.566666666666,0.11666666666666665,7.533333333333334,99.2267,-0.1095451545370274,0.457811862059998,1.0736166766969646,0,0,2,us,0,,,,,,,,,
2013-07-01,,0.9488288072,96.81853,,,3.933333333333333,100.55673333333334,0.5623939850610604,1.8060297950767357,,0,0,3,japan,2,2.00510017681211,0.335037912184741,4.038,-2.41045518719656,25.2525231315864,0.07,94.46219414767025,,
2013-07-01,,6.38610640094825,90.53236,,,,,3.58461414482667,,,0,0,3,india,1,6.38610640094825,10.0178784746102,7.678,-2.98240934563964,34.3046574869553,,,,
2013-07-01,688831.7,0.5108465150335917,98.98287999999998,,,4.9,98.2281,0.6619398170237822,0.559129796710689,,0,0,3,germany,3,0.396995583779145,1.50472330251876,5.316,5.77453880717814,26.5120831814718,0.08513333333333334,94.46219414767025,110.27,-4.133333333333334
2013-07-01,17860.45,0.8477896552497199,233.29999999999998,10802.0,0.08333333333333333,7.233333333333333,99.63223333333333,0.5393860652711524,0.4078608777667192,1.3836567802616884,0,0,3,us,0,,,,,,,,,
2013-10-01,,-0.1406598767,97.25968999999999,,,3.8666666666666667,101.75666666666666,0.45462160548179753,1.186226323958195,,0,0,4,japan,2,2.00510017681211,0.335037912184741,4.038,-2.41045518719656,25.2525231315864,0.07,94.57507478953544,,
2013-10-01,,6.38610640094825,92.18999333333333,,,,,1.814423664200504,,,0,0,4,india,1,6.38610640094825,10.0178784746102,7.678,-2.98240934563964,34.3046574869553,,,,
2013-10-01,689855.5,0.1485181248057188,99.04507666666666,,,4.8,99.16237,0.0628160485607765,0.9466282507863966,,0,0,4,germany,3,0.396995583779145,1.50472330251876,5.316,5.77453880717814,26.5120831814718,0.12166666666666666,94.57507478953544,109.21,-4.833333333333333
2013-10-01,18016.147,0.8679640238263175,234.1626666666667,11014.0,0.08666666666666667,6.933333333333334,100.3051,0.369085151597659,0.673080105375945,1.9435888669589119,0,0,4,us,0,,,,,,,,,
2014-01-01,,1.0469098284,97.29362333333334,,,3.6666666666666665,103.58980000000001,0.03488332642200831,1.7854527137978415,,0,0,1,japan,2,0.296205514141889,2.75922671353253,3.589,-2.59412387169894,25.7720886257814,0.07333333333333335,96.01232862752526,,
2014-01-01,,7.41022760508854,91.0424,,,,,-1.2526260426865221,,,0,0,1,india,1,7.41022760508854,6.66565671867899,7.656,-2.98625973083243,33.4660257489805,,,,
2014-01-01,697058.0,1.0386465701804681,99.20056333333333,,,4.8,99.25902,0.15686266648700098,0.09741894020978137,,0,0,1,germany,3,2.18018602168017,0.906794000434245,4.979,6.53898347110207,27.389383046964,0.18156666666666665,96.01232862752526,108.16666666666667,-7.633333333333333
2014-01-01,17953.974,-0.34569281496601434,235.621,11186.733333333332,0.07333333333333335,6.666666666666667,100.99029999999999,0.620855138749743,0.6807931492372354,1.5561361548414254,0,0,1,us,0,,,,,,,,,
2014-04-01,696911.7,-0.02099041328342821,99.38714666666665,,,4.733333333333333,98.77577,0.18791030747662418,-0.48804652880258814,,0,0,2,germany,3,2.18018602168017,0.906794000434245,4.979,6.53898347110207,27.389383046964,0.19256666666666666,95.310667786824,109.7,-9.566666666666668
2014-04-01,18185.911,1.2835690229149321,236.87233333333333,11339.533333333333,0.09333333333333334,6.2,102.37046666666667,0.5296736146774172,1.3573786923290143,1.3566592800749788,0,0,2,us,0,,,,,,,,,
2014-04-01,,-1.4400160707,99.70306666666666,,,3.6333333333333333,100.75676,2.4462984536384624,-2.772957402975873,,0,0,2,japan,2,0.296205514141889,2.75922671353253,3.589,-2.59412387169894,25.7720886257814,0.06666666666666667,95.310667786824,,
2014-04-01,,7.41022760508854,93.33758999999999,,,,,2.489758853481039,,,0,0,2,india,1,7.41022760508854,6.66565671867899,7.656,-2.98625973083243,33.4660257489805,,,,
2014-07-01,,0.1957817243,100.07638000000001,,,3.5666666666666664,100.15680333333334,0.37372590030750885,-0.597230410932692,,0,0,3,japan,2,0.296205514141889,2.75922671353253,3.589,-2.59412387169894,25.7720886257814,0.07,92.73536100685756,,
2014-07-01,700787.1,0.5545414979584606,99.82251000000001,,,4.7,98.74355,0.4370912873886468,-0.032624656955793085,,0,0,3,germany,3,2.18018602168017,0.906794000434245,4.979,6.53898347110207,27.389383046964,0.0226,92.73536100685756,101.82333333333334,-10.799999999999999
2014-07-01,,7.41022760508854,96.65285,,,,,3.4902772458290876,,,0,0,3,india,1,7.41022760508854,6.66565671867899,7.656,-2.98625973083243,33.4660257489805,,,,
2014-07-01,18406.941,1.2080648325781596,237.47833333333332,11483.133333333333,0.09000000000000001,6.066666666666666,102.93203333333334,0.25550731653547487,0.5470640320588416,1.258414690471632,0,0,3,us,0,,,,,,,,,
2014-10-01,,0.5779506798,99.77093666666667,,,3.466666666666667,100.45676666666668,-0.3056769300307849,0.2990461282130319,,0,0,4,japan,2,0.296205514141889,2.75922671353253,3.589,-2.59412387169894,25.7720886257814,0.06333333333333334,89.69775142501156,,
2014-10-01,18500.031,0.5044586015433339,236.88833333333332,11648.300000000001,0.09999999999999999,5.7,103.4978,-0.24875285119811963,0.5481456571783561,1.4280954522998712,0,0,4,us,0,,,,,,,,,
2014-10-01,,7.41022760508854,96.78036000000002,,,,,0.13183880727538622,,,0,0,4,india,1,7.41022760508854,6.66565671867899,7.656,-2.98625973083243,33.4660257489805,,,,
2014-10-01,706124.9,0.7588002108915859,99.54262999999999,,,4.633333333333333,99.93557,-0.28077143663516324,1.199959314532606,,0,0,4,germany,3,2.18018602168017,0.906794000434245,4.979,6.53898347110207,27.389383046964,-0.015399999999999999,89.69775142501156,76.40333333333334,-11.1
2015-01-01,,1.610956788,99.53338666666666,,,3.5,100.59010333333333,-0.2383792870282342,0.13264238952439555,,0,0,1,japan,2,1.56062669680782,0.795279630579839,3.385,-0.553888679174094,28.1789158205035,0.07333333333333335,87.78642538761726,,
2015-01-01,18666.621,0.8964547876924911,235.35500000000002,11882.833333333334,0.11,5.533333333333334,102.33846666666666,-0.6493850155202097,-1.1264735913441015,1.9934534953492289,0,0,1,us,0,,,,,,,,,
2015-01-01,,7.99625378571471,97.03538666666667,,,,,0.26316418375271766,,,0,0,1,india,1,7.99625378571471,4.90697344127256,7.629,-2.29653555305562,32.4539241111902,,,,
2015-01-01,704589.7,-0.2176486450245818,99.14985999999999,,,4.5,99.29124,-0.39535516576547636,-0.6468328700575121,,0,0,1,germany,3,1.66300602334775,0.514426137125456,4.612,7.41421366167481,27.624739160072,-0.04566666666666667,87.78642538761726,53.916666666666664,-11.833333333333334
2015-04-01,18782.243,0.6174946582536478,236.96,11986.800000000001,0.12333333333333334,5.433333333333334,100.9316,0.679633794368506,-1.38425608312156,0.8711262773307027,0,0,2,us,0,,,,,,,,,
2015-04-01,,0.0595788577,100.28000000000002,,,3.3666666666666667,99.95682666666666,0.7473141019365137,-0.631551698705568,,0,0,2,japan,2,1.56062669680782,0.795279630579839,3.385,-0.553888679174094,28.1789158205035,0.06666666666666667,88.74704007783585,,
2015-04-01,,7.99625378571471,98.82053,,,,,1.8229653717410699,,,0,0,2,india,1,7.99625378571471,4.90697344127256,7.629,-2.29653555305562,32.4539241111902,,,,
2015-04-01,708245.7,0.5175419812504245,100.35003333333334,,,4.4,100.5155,1.2031964450237354,1.2254594825730436,,0,0,2,germany,3,1.66300602334775,0.514426137125456,4.612,7.41421366167481,27.624739160072,-0.09960000000000001,88.74704007783585,61.693333333333335,-10.766666666666666
2015-07-01,,0.1471354178,100.1782,,,3.3666666666666667,99.89016,-0.101567318025797,-0.0667177126375762,,0,0,3,japan,2,1.56062669680782,0.795279630579839,3.385,-0.553888679174094,28.1789158205035,0.07333333333333335,87.94138351094277,,
2015-07-01,,7.99625378571471,101.11573333333332,,,,,2.2960358725518937,,,0,0,3,india,1,7.99625378571471,4.90697344127256,7.629,-2.29653555305562,32.4539241111902,,,,
2015-07-01,712048.0,0.5354257480286506,100.5501,,,4.3,100.3544,0.19917033352232494,-0.1604023644568464,,0,0,3,germany,3,1.66300602334775,0.514426137125456,4.612,7.41421366167481,27.624739160072,-0.1249,87.94138351094277,50.23333333333333,-9.200000000000001
2015-07-01,18857.418,0.39944621156902116,237.855,12117.633333333333,0.1366666666666667,5.1000000000000005,101.00473333333333,0.37698937901513574,0.07243207334060031,1.0855647702671334,0,0,3,us,0,,,,,,,,,
2015-10-01,715704.0,0.5121348792869185,99.94998,,,4.2,99.83892,-0.5986249901912544,-0.5149833563318218,,0,0,4,germany,3,1.66300602334775,0.514426137125456,4.612,7.41421366167481,27.624739160072,-0.15753333333333333,88.11216719917257,43.57,-6.1000000000000005
2015-10-01,,-0.1921674542,100.00849333333333,,,3.266666666666667,99.55687,-0.16954843950420795,-0.3342143628163541,,0,0,4,japan,2,1.56062669680782,0.795279630579839,3.385,-0.553888679174094,28.1789158205035,0.07666666666666667,88.11216719917257,,
2015-10-01,,7.99625378571471,103.02839999999999,,,,,1.873894296342904,,,0,0,4,india,1,7.99625378571471,4.90697344127256,7.629,-2.29653555305562,32.4539241111902,,,,
2015-10-01,18892.206,0.18430917271050618,237.837,12310.033333333333,0.16,5.033333333333333,99.613,-0.00756792210445667,-1.387470226797305,1.5752955971672478,0,0,4,us,0,,,,,,,,,
2016-01-01,,0.8684622915,99.56732333333332,,,3.233333333333333,99.89016,-0.4421083936520631,0.3342143628163541,,0,0,1,japan,2,0.753826745789127,-0.127258844489754,3.132,0.805691626531189,28.7272416114128,0.03233333333333333,90.16319475060493,,
2016-01-01,19001.69,0.5778466518471248,237.68933333333334,12594.733333333332,0.36000000000000004,4.8999999999999995,98.97160000000001,-0.06210662209937823,-0.6459737868611093,2.2864089139202903,0,0,1,us,0,,,,,,,,,
2016-01-01,,8.25630550179086,102.51833333333333,,,,,-0.49630340057351674,,,0,0,1,india,1,8.25630550179086,4.94821634062141,7.611,-1.76601589208677,31.7264147403683,,,,
2016-01-01,721992.8,0.8748492881089476,99.44991666666665,,,4.066666666666666,100.9021,-0.5015693488722661,1.0592652573892636,,0,0,1,germany,3,2.22222216259371,0.491747008445174,4.104,7.2650936871129,28.6547979791762,-0.2556,90.16319475060493,33.696666666666665,-4.0
2016-04-01,,8.25630550179086,104.94099999999999,,,,,2.3356643094756713,,,0,0,2,india,1,8.25630550179086,4.94821634062141,7.611,-1.76601589208677,31.7264147403683,,,,
2016-04-01,,-0.341818161,99.90667666666666,,,3.1666666666666665,99.02359000000001,0.3402485143143785,-0.8713077726684837,,0,0,2,japan,2,0.753826745789127,-0.127258844489754,3.132,0.805691626531189,28.7272416114128,-0.049999999999999996,90.2860769827389,,
2016-04-01,19062.709,0.32060956626729364,239.59033333333332,12799.233333333332,0.37333333333333335,4.933333333333334,98.64793333333334,0.7966021540333657,-0.32756575285581846,1.6106536140895855,0,0,2,us,0,,,,,,,,,
2016-04-01,723601.4,0.22255217459257182,100.48343333333332,,,4.0,100.5155,1.0338704099108753,-0.3838795366005954,,0,0,2,germany,3,2.22222216259371,0.491747008445174,4.104,7.2650936871129,28.6547979791762,-0.3361,90.2860769827389,45.52333333333333,-1.1666666666666667
2016-07-01,,0.2247886749,99.70306666666666,,,3.033333333333333,100.42346333333334,-0.20400814831731395,1.4037773915526408,,0,0,3,japan,2,0.753826745789127,-0.127258844489754,3.132,0.805691626531189,28.7272416114128,-0.04599999999999999,90.68540560662092,,
2016-07-01,,8.25630550179086,106.47113333333334,,,,,1.4475612427915507,,,0,0,3,india,1,8.25630550179086,4.94821634062141,7.611,-1.76601589208677,31.7264147403683,,,,
2016-07-01,726160.6,0.35305141923540617,101.05016666666667,,,3.8666666666666667,100.8698,0.5624221740052171,0.35186318518993787,,0,0,3,germany,3,2.22222216259371,0.491747008445174,4.104,7.2650936871129,28.6547979791762,-0.33686666666666665,90.68540560662092,45.78666666666667,2.4
2016-07-01,19197.938,0.7068859191104337,240.60733333333334,12985.5,0.39666666666666667,4.8999999999999995,98.86496666666666,0.42357620253197226,0.21976632481655045,1.4448077043390128,0,0,3,us,0,,,,,,,,,
2016-10-01,729524.2,0.4621338336843195,100.98353333333334,,,3.7000000000000006,100.9665,-0.06596259510107672,0.09582023392109562,,0,0,4,germany,3,2.22222216259371,0.491747008445174,4.104,7.2650936871129,28.6547979791762,-0.3485666666666667,91.88170266580619,49.18666666666667,3.233333333333333
2016-10-01,19304.352,0.5527685286210726,242.13466666666667,13188.800000000001,0.45,4.766666666666667,98.71053333333333,0.6327762778487234,-0.15632845649840021,1.553463423502599,0,0,4,us,0,,,,,,,,,
2016-10-01,,0.0157343092,100.31393333333334,,,3.0,101.55666666666667,0.6108166465214282,1.1221056483560865,,0,0,4,japan,2,0.753826745789127,-0.127258844489754,3.132,0.805691626531189,28.7272416114128,-0.043333333333333335,91.88170266580619,,
2016-10-01,,8.25630550179086,105.83356666666667,,,,,-0.6006165509274908,,,0,0,4,india,1,8.25630550179086,4.94821634062141,7.611,-1.76601589208677,31.7264147403683,,,,
2017-01-01,738993.4,1.2896449101441831,101.08353333333332,,,3.6333333333333333,101.4497,0.09897704738666135,0.47743304918022034,,0,0,1,germany,3,2.797906720551,1.50949485109628,3.781,6.95107572207338,28.6566319463924,-0.35259999999999997,91.04694235907196,53.68,6.166666666666667
2017-01-01,,6.79538341897911,104.94099999999999,,,,,-0.84694469186406,,,0,0,1,india,1,6.79538341897911,3.32817337461298,7.626,-3.15896727592607,31.7067531706123,,,,
2017-01-01,19398.343,0.48570873310360696,243.83866666666665,13391.366666666667,0.7000000000000001,4.566666666666666,98.71313333333335,0.7012759205097474,0.0026339294007193814,1.524223613642306,0,0,1,us,0,,,,,,,,,
2017-01-01,,0.7282147093,99.90667666666666,,,2.9,101.19003333333335,-0.40680849820411424,-0.36166678221869475,,0,0,1,japan,2,1.67533175173359,0.484199796126385,2.822,0.75966463739868,29.2896490905596,-0.041666666666666664,91.04694235907196,,
2017-04-01,19506.949,0.5583111012978037,244.12,13557.033333333333,0.9500000000000001,4.366666666666667,100.1701,0.11531032594547241,1.465174018440063,1.2295257135374271,0,0,2,us,0,,,,,,,,,
2017-04-01,,6.79538341897911,106.47113333333334,,,,,1.4475612427915507,,,0,0,2,india,1,6.79538341897911,3.32817337461298,7.626,-3.15896727592607,31.7067531706123,,,,
2017-04-01,744258.4,0.709929644175844,101.91699999999999,,,3.5666666666666664,103.4472,0.8211518820143482,1.949822846397531,,0,0,2,germany,3,2.797906720551,1.50949485109628,3.781,6.95107572207338,28.6566319463924,-0.3581666666666667,90.5637182101184,49.669999999999995,11.4
2017-04-01,,0.3215368304,100.31393333333334,,,2.8666666666666667,102.98986666666667,0.40680849820411424,1.763033435786987,,0,0,2,japan,2,1.67533175173359,0.484199796126385,2.822,0.75966463739868,29.2896490905596,-0.05433333333333334,90.5637182101184,,
2017-07-01,19660.766,0.785431525684821,245.287,13695.300000000001,1.1533333333333333,4.333333333333333,99.86489999999999,0.4769045852770937,-0.3051468361251253,1.0147230431527987,0,0,3,us,0,,,,,,,,,
2017-07-01,750181.4,0.7926757589737932,102.6171,,,3.466666666666667,105.1546,0.6845828976214108,1.6370310610198224,,0,0,3,germany,3,2.797906720551,1.50949485109628,3.781,6.95107572207338,28.6566319463924,-0.35779999999999995,90.06306014179926,52.10999999999999,12.1
2017-07-01,,1.1379159534,100.31393333333334,,,2.7999999999999994,102.95653333333333,0.0,-0.03237088254461895,,0,0,3,japan,2,1.67533175173359,0.484199796126385,2.822,0.75966463739868,29.2896490905596,-0.05366666666666667,90.06306014179926,,
2017-07-01,,6.79538341897911,109.02140000000001,,,,,2.367029333821691,,,0,0,3,india,1,6.79538341897911,3.32817337461298,7.626,-3.15896727592607,31.7067531706123,,,,
2017-10-01,,0.1558616235,100.89080000000001,,,2.7000000000000006,104.22306666666667,0.5734141913483093,1.222658129524401,,0,0,4,japan,2,1.67533175173359,0.484199796126385,2.822,0.75966463739868,29.2896490905596,-0.042333333333333334,90.16647710391187,,
2017-10-01,757786.3,1.0086375820364424,102.41706666666666,,,3.4,105.8956,-0.19512201312625876,0.7022054893518259,,0,0,4,germany,3,2.797906720551,1.50949485109628,3.781,6.95107572207338,28.6566319463924,-0.3501666666666667,90.16647710391187,61.53,11.766666666666666
2017-10-01,19882.352,1.1207427769393874,247.23833333333334,13841.766666666668,1.2033333333333334,4.166666666666667,101.25183333333332,0.7923830151004729,1.379254025379506,1.0637883088516986,0,0,4,us,0,,,,,,,,,
2017-10-01,,6.79538341897911,109.78643333333332,,,,,0.6992770223192224,,,0,0,4,india,1,6.79538341897911,3.32817337461298,7.626,-3.15896727592607,31.7067531706123,,,,
2018-01-01,20044.077,0.8101194549169577,249.3216666666667,13954.1,1.4466666666666665,4.033333333333333,101.79256666666667,0.8391113087693469,0.5326269640315573,0.8082780526596167,0,0,1,us,0,,,,,,,,,
2018-01-01,753599.8,-0.5539961903023638,102.4171,,,3.2999999999999994,105.3157,3.254665363883191e-05,-0.5491197271688897,,0,0,1,germany,3,1.13569604599849,1.73216879766941,3.384,5.86855676857803,30.0075324734044,-0.36366666666666664,90.8913484363418,66.80666666666666,14.6
2018-01-01,,-0.154412991,101.19619999999999,,,2.466666666666667,103.82526666666666,0.3022462924313629,-0.382411604464572,,0,0,1,japan,2,0.643391023533141,0.989094598021848,2.467,0.0199593949374998,29.1254854238882,-0.04800000000000001,90.8913484363418,,
2018-01-01,,6.45385134497769,109.91393333333333,,,,,0.11606718390879678,,,0,0,1,india,1,6.45385134497769,3.9388264669163,7.652,-3.76131213467656,31.4104922311412,,,,
2018-04-01,759522.8,0.7828883465743175,103.68393333333334,,,3.2000000000000006,106.0889,1.2293478275900327,0.7314916020706441,,0,0,2,germany,3,1.13569604599849,1.73216879766941,3.384,5.86855676857803,30.0075324734044,-0.36333333333333334,90.0593051100529,74.5,17.03333333333333
2018-04-01,,6.45385134497769,110.67900000000002,,,,,0.6936484525503772,,,0,0,2,india,1,6.45385134497769,3.9388264669163,7.652,-3.76131213467656,31.4104922311412,,,,
2018-04-01,,0.6304795507,100.9926,,,2.3666666666666667,103.91643333333333,-0.20139599109088024,0.08776925626303722,,0,0,2,japan,2,0.643391023533141,0.989094598021848,2.467,0.0199593949374998,29.1254854238882,-0.065,90.0593051100529,,
2018-04-01,20150.476,0.5294212303768475,250.679,14088.5,1.7366666666666666,3.9333333333333336,102.97776666666665,0.5429339431240798,1.1576024864932144,0.9585489867024677,0,0,2,us,0,,,,,,,,,
2018-07-01,,6.45385134497769,115.1419,,,,,3.9531160939787036,,,0,0,3,india,1,6.45385134497769,3.9388264669163,7.652,-3.76131213467656,31.4104922311412,,,,
2018-07-01,20276.154,0.621760482522582,251.68633333333332,14214.433333333334,1.9233333333333331,3.766666666666667,103.83256666666666,0.4010367024059214,0.8266558580679373,0.8899018552648741,0,0,3,us,0,,,,,,,,,
2018-07-01,,-0.4895146876,101.4338,,,2.433333333333333,103.18740000000001,0.4359122116857961,-0.704029793033456,,0,0,3,japan,2,0.643391023533141,0.989094598021848,2.467,0.0199593949374998,29.1254854238882,-0.06233333333333333,90.52743358768794,,
2018-07-01,754550.4,-0.6568266153371027,104.55076666666666,,,3.1666666666666665,105.1224,0.8325589735098227,-0.9152036336521618,,0,0,3,germany,3,1.13569604599849,1.73216879766941,3.384,5.86855676857803,30.0075324734044,-0.36179999999999995,90.52743358768794,75.22333333333334,19.4
2018-10-01,20304.874,0.14154399831838305,252.711,14308.733333333332,2.22,3.8333333333333335,104.0491,0.406294010101238,0.20832372100541008,0.6612193146487755,0,0,4,us,0,,,,,,,,,
2018-10-01,757914.1,0.4447979500694643,104.45076666666667,,,3.1,103.576,-0.0956930851521598,-1.4819742769557998,,0,0,4,germany,3,1.13569604599849,1.73216879766941,3.384,5.86855676857803,30.0075324734044,-0.36260000000000003,90.63609602015657,67.71333333333332,20.23333333333333
2018-10-01,,0.069809397,101.77316666666667,,,2.466666666666667,104.88846666666666,0.33401116875184655,1.6350810807203686,,0,0,4,japan,2,0.643391023533141,0.989094598021848,2.467,0.0199593949374998,29.1254854238882,-0.06633333333333334,90.63609602015657,,
2018-10-01,,6.45385134497769,115.3969,,,,,0.22122098665793288,,,0,0,4,india,1,6.45385134497769,3.9388264669163,7.652,-3.76131213467656,31.4104922311412,,,,
2019-01-01,762886.4,0.6539079541028059,103.8173,,,3.0,103.3827,-0.6083204499631734,-0.18680060921258956,,0,0,1,germany,3,0.977734697038784,1.44565976888253,3.163,5.60724624570291,29.2651262058024,-0.3673,89.23519056931504,63.169999999999995,17.733333333333334
2019-01-01,20431.641,0.6223772907267389,253.38566666666665,14507.833333333334,2.4033333333333333,3.8666666666666667,103.0383,0.26661589010670284,-0.9762139341846776,1.3818659978529269,0,0,1,us,0,,,,,,,,,
2019-01-01,,0.1290856968,101.50169999999999,,,2.466666666666667,102.73176666666666,-0.2670933524665742,-2.0776179113592974,,0,0,1,japan,2,-0.402169200894946,0.46877615938395,2.351,-0.289365253370252,29.1717018986434,-0.05333333333333334,89.23519056931504,,
2019-01-01,,3.87143694070356,117.69203333333333,,,,,1.969383513928591,,,0,0,1,india,1,3.87143694070356,3.72950573539129,6.51,-2.57687373613013,29.7022005792949,,,,
2019-04-01,20602.275,0.8316777932895647,255.24733333333333,14700.633333333333,2.3966666666666665,3.6333333333333333,102.36783333333334,0.732030749114454,-0.6528228119908164,1.3201843316878126,0,0,2,us,0,,,,,,,,,
2019-04-01,,0.3904555037,101.73923333333335,,,2.3333333333333335,102.8229,0.2337456708041863,0.08867065952076203,,0,0,2,japan,2,-0.402169200894946,0.46877615938395,2.351,-0.289365253370252,29.1717018986434,-0.05933333333333333,88.7637676945257,,
2019-04-01,,3.87143694070356,120.11476666666665,,,,,2.037634885492512,,,0,0,2,india,1,3.87143694070356,3.72950573539129,6.51,-2.57687373613013,29.7022005792949,,,,
2019-04-01,763325.1,0.057488757237500465,105.4509,,,2.9,102.2874,1.561281822789251,-1.0651138447761888,,0,0,2,germany,3,0.977734697038784,1.44565976888253,3.163,5.60724624570291,29.2651262058024,-0.36506666666666665,88.7637676945257,68.92333333333333,18.3
2019-07-01,766250.1,0.3824595960315591,106.08436666666667,,,2.9,101.1276,0.5989247752798299,-1.1403412414301428,,0,0,3,germany,3,0.977734697038784,1.44565976888253,3.163,5.60724624570291,29.2651262058024,-0.37706666666666666,93.98145088354585,61.93,15.6
2019-07-01,20843.322,1.1632102580909631,256.08933333333334,14969.4,2.19,3.6,102.2905,0.3293332224809653,-0.07557311325108174,1.8117540711152458,0,0,3,us,0,,,,,,,,,
2019-07-01,,0.0502981416,101.77316666666667,,,2.3333333333333335,101.97236666666667,0.033347681662387885,-0.8306229311580537,,0,0,3,japan,2,-0.402169200894946,0.46877615938395,2.351,-0.289365253370252,29.1717018986434,-0.05833333333333333,93.98145088354585,,
2019-07-01,,3.87143694070356,122.53743333333334,,,,,1.9968886914087491,,,0,0,3,india,1,3.87143694070356,3.72950573539129,6.51,-2.57687373613013,29.7022005792949,,,,
2019-10-01,763690.8,-0.3345622549506544,105.75096666666667,,,3.0,99.45232,-0.3147730551241956,-1.6704752468595707,,0,0,4,germany,3,0.977734697038784,1.44565976888253,3.163,5.60724624570291,29.2651262058024,-0.5429829259333333,95.97913149255622,63.410000000000004,13.4
2019-10-01,20985.448,0.6795635968053659,257.888,15275.866666666667,1.6433333333333333,3.6,101.68853333333334,0.6999040201002948,-0.590225774061448,2.0266123568809746,0,0,4,us,0,,,,,,,,,
2019-10-01,,-2.8781208685,102.28216666666667,,,2.3000000000000003,98.41837,0.4988853242683611,-3.54743879212549,,0,0,4,japan,2,-0.402169200894946,0.46877615938395,2.351,-0.289365253370252,29.1717018986434,-0.034,95.97913149255622,,
2019-10-01,,3.87143694070356,125.3427,,,,,2.2635024435332163,,,0,0,4,india,1,3.87143694070356,3.72950573539129,6.51,-2.57687373613013,29.7022005792949,,,,
2020-01-01,,-5.77772470686801,125.47019999999999,,,,,0.10166942049849581,,,0,0,1,india,1,-5.77772470686801,6.62343677628535,7.859,-0.393151469925627,28.6796821131572,,,,
2020-01-01,748188.8,-2.0507642664165715,105.49866666666667,,,3.3000000000000003,97.93814,-0.2388644334947898,-1.534227845883951,,1,0,1,germany,3,-4.13191443239947,0.144877925813981,3.881,5.30608104975194,28.0207954478952,-0.5370911666666667,92.66738002687032,50.44,11.933333333333332
2020-01-01,,0.3931739631,102.18036666666667,,,2.433333333333333,96.89956666666667,-0.0995781542489027,-1.5552426703733246,,1,0,1,japan,2,-4.16876457146743,-0.024995834027731,2.809,-0.268842908128662,28.1462434697604,-0.03166666666666667,92.66738002687032,,
2020-01-01,20709.212,-1.3250619707966038,258.81766666666664,15651.166666666666,1.26,3.8333333333333335,99.93836666666668,0.3598441936334851,-1.7360884136413013,2.4271220561688622,1,0,1,us,0,,,,,,,,,
2020-04-01,19077.992,-8.204320604026982,256.292,17727.5,0.06,13.0,87.3719,-0.9806404617330067,-13.43799419748013,12.457164459753045,1,1,2,us,0,,,,,,,,,
2020-04-01,,-5.77772470686801,126.36276666666667,,,,,0.7088590631804337,,,1,1,2,india,1,-5.77772470686801,6.62343677628535,7.859,-0.393151469925627,28.6796821131572,,,,
2020-04-01,681793.6,-9.292837979968915,105.88523333333335,,,3.6666666666666665,80.15464,0.36574885561195813,-20.037828604128105,,1,1,2,germany,3,-4.13191443239947,0.144877925813981,3.881,5.30608104975194,28.0207954478952,-0.5400418333333333,89.97709021430535,29.343333333333334,0.2333333333333333
2020-04-01,,-7.2401830181,101.87496666666668,,,2.733333333333333,82.92659,-0.29933079723072353,-15.57192883208316,,1,1,2,japan,2,-4.16876457146743,-0.024995834027731,2.809,-0.268842908128662,28.1462434697604,-0.043666666666666666,89.97709021430535,,
2020-07-01,20558.879,7.4757496362447995,259.22166666666664,18449.7,0.09333333333333334,8.799999999999999,95.64913333333334,1.13661320584999,9.051291436473452,3.9931003995722136,0,0,3,us,0,,,,,,,,,
2020-07-01,,4.9946573859,101.80709999999999,,,2.966666666666667,88.91067,-0.06663980809786807,6.96763992132583,,0,0,3,japan,2,-4.16876457146743,-0.024995834027731,2.809,-0.268842908128662,28.1462434697604,-0.039,94.33419156474707,,
2020-07-01,,-5.77772470686801,129.3146,,,,,2.309132429455918,,,0,0,3,india,1,-5.77772470686801,6.62343677628535,7.859,-0.393151469925627,28.6796821131572,,,,
2020-07-01,740949.7,8.320576900772636,105.1121,,,3.8333333333333335,91.65593,-0.7328403456499544,13.408390603235887,,0,0,3,germany,3,-4.13191443239947,0.144877925813981,3.881,5.30608104975194,28.0207954478952,-0.5515253328333333,94.33419156474707,42.96333333333333,0.9333333333333332
2020-10-01,,1.6697425246,101.33196666666667,,,3.0666666666666664,94.71249,-0.4677920476571451,6.3213723859878,,0,0,4,japan,2,-4.16876457146743,-0.024995834027731,2.809,-0.268842908128662,28.1462434697604,-0.026,95.78811097687934,,
2020-10-01,,-5.77772470686801,131.55013333333332,,,,,1.713982593886687,,,0,0,4,india,1,-5.77772470686801,6.62343677628535,7.859,-0.393151469925627,28.6796821131572,,,,
2020-10-01,748115.7,0.9624903406789898,105.21753333333334,,,3.7999999999999994,97.48711,0.1002553377699833,6.167848926992825,,0,0,4,germany,3,-4.13191443239947,0.144877925813981,3.881,5.30608104975194,28.0207954478952,-0.5557353968333333,95.78811097687934,44.29,1.2666666666666666
2020-10-01,20791.917,1.127138965704333,261.0916666666667,18956.766666666666,0.09000000000000001,6.766666666666667,97.39466666666665,0.718800742438841,1.8084817100302075,2.7112837633975317,0,0,4,us,0,,,,,,,,,
2021-01-01,21082.134,1.386164653473898,263.74233333333336,19631.333333333332,0.08,6.233333333333333,97.62756666666667,1.0101057493312915,0.23884467605315152,3.49659814027099,0,0,1,us,0,,,,,,,,,
2021-01-01,,1.0870646586,101.63743333333332,,,2.8666666666666667,96.62618333333334,0.3009979802801155,2.0003871815837293,,0,0,1,japan,2,2.69657404187188,-0.233352779398264,2.808,-0.520062350346241,29.6493466370105,-0.016666666666666666,95.38090247547974,,
2021-01-01,,9.68959249192875,131.03596666666667,,,,,-0.3916180816819548,,,0,0,1,india,1,9.68959249192875,5.13140747176369,6.38,-2.62477212294165,29.8661330649563,,,,
2021-01-01,743509.0,-0.6176774421117415,107.0801,,,3.9,97.74484,1.754719944999561,0.2640245612640868,,0,0,1,germany,3,3.90999994204108,3.06666666666673,3.594,5.12014099730063,29.5132406376345,-0.5643506739,95.38090247547974,60.82,1.2
2021-04-01,760985.2,2.3233038841798503,108.20466666666665,,,3.6999999999999997,96.64948,1.0447342955544947,-1.1269584346474737,,0,0,2,germany,3,3.90999994204108,3.06666666666673,3.594,5.12014099730063,29.5132406376345,-0.5649625332,96.4136116493193,68.83333333333333,4.166666666666667
2021-04-01,,0.6981320861,101.12833333333333,,,2.9,97.44633333333333,-0.5021568267305376,0.8452045621990756,,0,0,2,japan,2,2.69657404187188,-0.233352779398264,2.808,-0.520062350346241,29.6493466370105,-0.019333333333333334,96.4136116493193,,
2021-04-01,,9.68959249192875,133.09263333333334,,,,,1.5573536787088393,,,0,0,2,india,1,9.68959249192875,5.13140747176369,6.38,-2.62477212294165,29.8661330649563,,,,
2021-04-01,21440.929,1.6875713541763204,268.5503333333333,20370.5,0.07,5.933333333333334,99.26356666666668,1.8065741147178294,1.661870318734504,3.6960846609881415,0,0,2,us,0,,,,,,,,,
2021-07-01,,9.68959249192875,135.5532,,,,,1.8318806178547753,,,0,0,3,india,1,9.68959249192875,5.13140747176369,6.38,-2.62477212294165,29.8661330649563,,,,
2021-07-01,,-0.142902614,,,,2.766666666666667,93.77083333333333,,-3.8447936727587617,,0,0,3,japan,2,2.69657404187188,-0.233352779398264,2.808,-0.520062350346241,29.6493466370105,-0.030666666666666665,97.4732622556046,,
2021-07-01,21617.828,0.8216679141918704,272.8296666666667,20818.333333333332,0.09000000000000001,5.066666666666666,99.71783333333333,1.5809311250206015,0.45659288342312365,2.1746232911459273,0,0,3,us,0,,,,,,,,,
2021-07-01,761643.3,0.08644262746670961,109.1887,,,3.4333333333333336,93.52448,0.9053082614444818,-3.2867605193834137,,0,0,3,germany,3,3.90999994204108,3.06666666666673,3.594,5.12014099730063,29.5132406376345,-0.5679942424000001,97.4732622556046,73.47,7.233333333333334
2021-10-01,,9.68959249192875,138.08723333333333,,,,,1.8521427862915552,,,0,0,4,india,1,9.68959249192875,5.13140747176369,6.38,-2.62477212294165,29.8661330649563,,,,
2021-10-01,,1.1971655649,,,,2.733333333333333,95.80602666666665,,2.1471729450951216,,0,0,4,japan,2,2.69657404187188,-0.233352779398264,2.808,-0.520062350346241,29.6493466370105,-0.030666666666666665,97.79217299495319,,
2021-10-01,21988.737,1.701202308971439,278.77133333333336,21331.8,0.08,4.166666666666667,100.54136666666666,2.154418314872242,0.8224720519453221,2.4364908358668558,0,0,4,us,0,,,,,,,,,
2021-10-01,765738.2,0.5362000012505419,110.17266666666667,,,3.3666666666666667,96.32732,0.8971253972610782,2.9528755142590235,,0,0,4,germany,3,3.90999994204108,3.06666666666673,3.594,5.12014099730063,29.5132406376345,-0.5733407679,97.79217299495319,79.58666666666666,11.200000000000001
2022-01-01,770929.9,0.6757112682674205,112.21096666666666,,,3.233333333333333,95.77964,1.833189836377347,-0.5701839056739821,,0,0,1,germany,3,1.8092581243061,6.87257438551096,3.137,2.47105447198695,27.0261056294321,-0.5778339192666667,96.27057149519631,100.29666666666667,10.0
2022-01-01,,-0.3250008384,,,,2.6999999999999997,96.14016333333335,,0.3481569539688145,,0,0,1,japan,2,0.941998775483285,2.49770278172255,2.614,-3.7201385890606,28.7683676764073,-0.015333333333333332,96.27057149519631,,
2022-01-01,,7.60936497768895,138.124,,,,,0.026622137296961057,,,0,0,1,india,1,7.60936497768895,6.69903414079852,4.822,-3.57218774082861,29.8126610526337,,,,
2022-01-01,21932.71,-0.2551237912953752,284.90566666666666,21720.533333333333,0.12,3.8666666666666667,100.79423333333334,2.1766279342535277,0.2511893570974699,1.8059132597517902,0,0,1,us,0,,,,,,,,,
2022-04-01,772099.8,0.15163677331280212,115.40896666666667,,,3.1,94.97423,2.810132136716348,-0.8444544649769625,,0,0,2,germany,3,1.8092581243061,6.87257438551096,3.137,2.47105447198695,27.0261056294321,-0.5836909409666666,96.34564180760822,113.54333333333334,5.766666666666667
2022-04-01,,7.60936497768895,141.72303333333335,,,,,2.5722851048249673,,,0,0,2,india,1,7.60936497768895,6.69903414079852,4.822,-3.57218774082861,29.8126610526337,,,,
2022-04-01,21967.045,0.1564245950852694,291.60533333333336,21713.399999999998,0.77,3.6333333333333333,101.26383333333332,2.3243158536129904,0.464817716257393,-0.032846822058374414,0,0,2,us,0,,,,,,,,,
2022-04-01,,0.9068461421,,,,2.6,94.31760333333334,,-1.913931542134062,,0,0,2,japan,2,0.941998775483285,2.49770278172255,2.614,-3.7201385890606,28.7683676764073,-0.02266666666666667,96.34564180760822,,
2022-07-01,22125.625,0.719306332529257,295.453,21609.166666666668,2.19,3.533333333333333,101.20369999999998,1.3108481880422573,-0.05940047187964481,-0.4811974104072192,0,0,3,us,0,,,,,,,,,
2022-07-01,774366.6,0.29315885860139446,117.2715,,,3.1,95.5219,1.6009707579844878,0.5749948924603565,,0,0,3,germany,3,1.8092581243061,6.87257438551096,3.137,2.47105447198695,27.0261056294321,-0.1370441229,96.20569321387431,100.71333333333332,0.09999999999999994
2022-07-01,,-0.3597802362,,,,2.533333333333333,97.23370333333332,,3.0449547523382137,,0,0,3,japan,2,0.941998775483285,2.49770278172255,2.614,-3.7201385890606,28.7683676764073,-0.026333333333333334,96.20569321387431,,
2022-07-01,,7.60936497768895,143.74296666666666,,,,,1.4152067469181517,,,0,0,3,india,1,7.60936497768895,6.69903414079852,4.822,-3.57218774082861,29.8126610526337,,,,
2022-10-01,,7.60936497768895,145.90973333333332,,,,,1.4961414719397048,,,0,0,4,india,1,7.60936497768895,6.69903414079852,4.822,-3.57218774082861,29.8126610526337,,,,
2022-10-01,,0.4634436375,,,,2.533333333333333,96.29204666666668,,-0.9731667215500117,,0,0,4,japan,2,0.941998775483285,2.49770278172255,2.614,-3.7201385890606,28.7683676764073,-0.06233333333333333,96.70989401311256,,
2022-10-01,771661.1,-0.34999408636355867,119.62606666666666,,,3.1,95.32861,1.9879007100800372,-0.20255650989637886,,0,0,4,germany,3,1.8092581243061,6.87257438551096,3.137,2.47105447198695,27.0261056294321,1.1419876262666666,96.70989401311256,88.55666666666667,-2.8000000000000003
2022-10-01,22278.345,0.6878691350323152,298.5416666666667,21386.333333333332,3.653333333333333,3.5666666666666664,100.65816666666667,1.039973817182549,-0.5405029394184524,-1.0365518647519778,0,0,4,us,0,,,,,,,,,
2023-01-01,,0.8159416022,,,,2.6,94.13535,,-2.2652086027977525,,0,0,1,japan,2,1.47503481053384,3.26813365933163,2.6,-1.44769708360611,29.9793389407217,-0.018666666666666668,96.57956208391526,,
2023-01-01,768023.3,-0.47253927741763846,121.45353333333333,,,3.033333333333333,96.55283,1.5160981443056443,1.276034421287786,,0,0,1,germany,3,-0.869647578573321,5.94643667725823,3.071,3.97197646060612,27.603985079805,2.2034392437333334,96.57956208391526,81.17333333333333,-3.8333333333333335
2023-01-01,,9.19075493028345,146.46063333333333,,,,,0.37685122350552547,,,0,0,1,india,1,9.19075493028345,5.64914318907925,4.172,-2.09544672104786,30.9390060732482,,,,
2023-01-01,22439.607,0.7212436699248315,301.23033333333336,21156.36666666667,4.516666666666667,3.533333333333333,100.72236666666667,0.8965689218673134,0.06375988891509365,-1.0811204111565331,0,0,1,us,0,,,,,,,,,
2023-04-01,,0.0795630149,,,,2.533333333333333,94.71249,,0.6112241440556332,,0,0,2,japan,2,1.47503481053384,3.26813365933163,2.6,-1.44769708360611,29.9793389407217,-0.044000000000000004,94.707394976824,,
2023-04-01,767438.2,-0.07621161824236111,122.96466666666667,,,3.0,94.87758,1.2365303301741903,-1.7502890660716197,,0,0,2,germany,3,-0.869647578573321,5.94643667725823,3.071,3.97197646060612,27.603985079805,3.049993552166667,94.707394976824,78.31666666666666,-8.733333333333333
2023-04-01,,9.19075493028345,148.8478,,,,,1.6167629474026057,,,0,0,2,india,1,9.19075493028345,5.64914318907925,4.172,-2.09544672104786,30.9390060732482,,,,
2023-04-01,22580.499,0.6259090548015322,303.3976666666667,20796.8,4.989999999999999,3.533333333333333,100.76706666666666,0.7169177134413118,0.044369573127323036,-1.7141755904315659,0,0,2,us,0,,,,,,,,,
2023-07-01,,-1.3660923089,,,,2.6,94.16572333333333,,-0.5789637505707823,,0,0,3,japan,2,1.47503481053384,3.26813365933163,2.6,-1.44769708360611,29.9793389407217,-0.05466666666666667,92.41469898492376,,
2023-07-01,,9.19075493028345,152.92430000000002,,,,,2.701872033821129,,,0,0,3,india,1,9.19075493028345,5.64914318907925,4.172,-2.09544672104786,30.9390060732482,,,,
2023-07-01,22840.989,1.1470027396091709,305.989,20772.066666666666,5.260000000000001,3.6333333333333333,100.92236666666668,0.850477732641508,0.15399917400280572,-0.1189993292353364,0,0,3,us,0,,,,,,,,,
2023-07-01,767438.3,1.3030364343080691e-05,123.84319999999998,,,3.0666666666666664,92.46134,0.7119198068950006,-2.57968178132586,,0,0,3,germany,3,-0.869647578573321,5.94643667725823,3.071,3.97197646060612,27.603985079805,3.5753839199333335,92.41469898492376,86.66000000000001,-16.866666666666667
2023-10-01,,9.19075493028345,152.88756666666666,,,,,-0.024023484706692244,,,0,0,4,india,1,9.19075493028345,5.64914318907925,4.172,-2.09544672104786,30.9390060732482,,,,
2023-10-01,23033.78,0.8405149026469161,308.195,20752.433333333334,5.33,3.8000000000000003,100.6453,0.7183545928922008,-0.2749119893547203,-0.0945626548007894,0,0,4,us,0,,,,,,,,,
2023-10-01,,0.5289645209,,,,2.533333333333333,95.16813,,1.0588872673043426,,0,0,4,japan,2,1.47503481053384,3.26813365933163,2.6,-1.44769708360611,29.9793389407217,-0.015666666666666666,89.04830112179816,,
2023-10-01,765317.7,-0.2767043616906051,123.87833333333333,,,3.1666666666666665,91.23711,0.028365183354228662,-1.3328888998227484,,0,0,4,germany,3,-0.869647578573321,5.94643667725823,3.071,3.97197646060612,27.603985079805,3.9024153987333334,89.04830112179816,83.72333333333333,-17.566666666666666
2024-01-01,,6.49476552383821,153.14466666666667,,,,,0.16802155621649106,,,0,0,1,india,1,6.49476552383821,4.95303550973656,4.173,-2.32560140279504,30.268447331199,,,,
2024-01-01,23082.119,0.20964144146446984,311.00333333333333,20915.06666666667,5.33,3.8333333333333335,99.98826666666666,0.9070930712657521,-0.6549608751896585,0.7806283516531565,0,0,1,us,0,,,,,,,,,
2024-01-01,,-0.2995330162,,,,2.566666666666667,90.09533333333333,,-5.477674787184306,,0,0,1,japan,2,0.104309021773304,2.73853681635241,2.5,-0.868951885736313,31.068062509507,0.0006666666666666661,92.41190969149487,,
2024-01-01,764495.1,-0.10754258027922958,124.51093333333334,,,3.233333333333333,91.52706,0.5093628853014565,0.317294405416213,,0,0,1,germany,3,-0.495851897260366,2.2564981433876,3.4,3.77738815468807,27.1419009835217,3.9062120866,92.41190969149487,83.00333333333333,-18.666666666666668
2024-04-01,23286.508,0.8815888542736516,313.0806666666667,21016.266666666666,5.33,3.9666666666666663,100.66680000000001,0.665724808016499,0.676320743853065,0.48269486537577677,0,0,2,us,0,,,,,,,,,
2024-04-01,762520.8,-0.25858291326201766,125.77606666666667,,,3.4,,1.0109547106673666,,,0,0,2,germany,3,-0.495851897260366,2.2564981433876,3.4,3.77738815468807,27.1419009835217,3.8670910995666667,93.50508345778223,84.64666666666666,-17.766666666666666
2024-04-01,,6.49476552383821,154.50346666666667,,,,,0.8833525632001127,,,0,0,2,india,1,6.49476552383821,4.95303550973656,4.173,-2.32560140279504,30.268447331199,,,,
2024-04-01,,-0.0209113219,,,,2.566666666666667,,,,,0,0,2,japan,2,0.104309021773304,2.73853681635241,2.5,-0.868951885736313,31.068062509507,0.077,93.50508345778223,,
2024-07-01,23478.57,0.8213953149049047,314.12100000000004,21183.866666666665,5.263333333333333,4.166666666666667,100.07166666666667,0.3317383682787778,-0.5929457237361824,0.7943144628560717,0,0,3,us,0,,,,,,,,,
2024-07-01,,6.49476552383821,157.4048,,,,,1.8604297013029125,,,0,0,3,india,1,6.49476552383821,4.95303550973656,4.173,-2.32560140279504,30.268447331199,,,,
2024-07-01,762667.0,0.0191714096384743,126.23293333333334,,,3.4,,0.3625800405385071,,,0,0,3,germany,3,-0.495851897260366,2.2564981433876,3.4,3.77738815468807,27.1419009835217,3.6398456619333337,93.72067861974942,79.84333333333333,-16.166666666666668
2024-07-01,,0.6834865651,,,,2.533333333333333,,,,,0,0,3,japan,2,0.104309021773304,2.73853681635241,2.5,-0.868951885736313,31.068062509507,0.17733333333333334,93.72067861974942,,
2024-10-01,23586.542,0.45882049283303417,316.5876666666666,21423.333333333332,4.6499999999999995,4.133333333333333,99.69643333333333,0.782192912016999,-0.3756693632577246,1.1240785038703294,0,0,4,us,0,,,,,,,,,
2024-10-01,,6.49476552383821,158.91049999999998,,,,,0.9520319583629089,,,0,0,4,india,1,6.49476552383821,4.95303550973656,4.173,-2.32560140279504,30.268447331199,,,,
2024-10-01,,0.3481387861,,,,2.5,,,,,0,0,4,japan,2,0.104309021773304,2.73853681635241,2.5,-0.868951885736313,31.068062509507,0.227,95.28840675352099,,
2024-10-01,764056.4,0.18201075369201902,126.7249,,,3.4333333333333336,,0.3889717748351451,,,0,0,4,germany,3,-0.495851897260366,2.2564981433876,3.4,3.77738815468807,27.1419009835217,3.213015693233333,95.28840675352099,74.61333333333333,-15.833333333333334
2025-01-01,23548.21,-0.16264860564216832,319.47499999999997,21618.433333333334,4.33,4.133333333333334,100.7348,0.9078832376236967,1.036141861938944,0.9065675102235105,0,0,1,us,0,,,,,,,,,
2025-01-01,,0.5073262254,,,,2.466666666666667,,,,,0,0,1,japan,2,,,2.451,,,0.416,96.54648622136142,,
2025-01-01,766908.1,0.37253682865650006,127.32236666666667,,,3.5666666666666664,,0.4703595327164578,,,0,0,1,germany,3,,,3.711,,,2.727418673166667,96.54648622136142,75.81333333333333,-15.133333333333333
2025-04-01,765372.5,-0.20043332978154638,,,,3.7000000000000006,,,,,0,0,2,germany,3,,,3.711,,,2.1976737063666665,97.7603166625587,68.00666666666666,-15.299999999999999
2025-04-01,23770.976,0.9415531607956495,320.78566666666666,21849.5,4.33,4.2,101.19063333333334,0.40941715326630046,0.45148756164197223,1.0631692167258677,0,0,2,us,0,,,,,,,,,
2025-04-01,,0.270451708,,,,2.5,,,,,0,0,2,japan,2,,,2.451,,,0.47700000000000004,97.7603166625587,,
2025-07-01,765080.1,-0.03821091924791631,,,,3.7999999999999994,,,,,0,0,3,germany,3,,,3.711,,,1.9240450982,98.32473046153275,68.96666666666667,-13.433333333333332
2025-07-01,24026.834,1.0705948402604193,323.23499999999996,22092.399999999998,4.293333333333333,4.333333333333333,101.72890000000001,0.7606417835554602,0.5305235235928407,1.1055619992205834,0,0,3,us,0,,,,,,,,,
2025-07-01,,-0.5874929249,,,,2.533333333333333,,,,,0,0,3,japan,2,,,2.451,,,0.47733333333333333,98.32473046153275,,
2025-10-01,,0.1842364822,,,,2.6,,,,,0,0,4,japan,2,,,2.451,,,0.504,99.88843167286485,,
2025-10-01,24055.749,0.12027225528044028,325.547,22292.0,3.8966666666666665,4.45,101.24933333333333,0.7127231603106132,-0.47253102081619147,0.8994211730506407,0,0,4,us,0,,,,,,,,,
2025-10-01,766908.1,0.23864424902946269,,,,3.9,,,,,0,0,4,germany,3,,,3.711,,,1.9281977512333333,99.88843167286485,63.626666666666665,-12.666666666666666
2026-01-01,24152.656,0.4020341702936747,328.1136666666667,22580.899999999998,3.64,4.333333333333333,101.56670000000001,0.7853248600749652,0.3129603912332968,1.2876546501569663,0,0,1,us,0,,,,,,,,,
2026-01-01,,0.4526321206,,,,2.6666666666666665,,,,,0,0,1,japan,2,,,,,,0.7280000000000001,99.0807375,,
2026-01-01,769540.5,0.3426606754983297,,,,3.8666666666666667,,,,,0,0,1,germany,3,,,,,,1.9315968780666666,99.0807375,80.20666666666666,-10.533333333333333
