date,actual,train_end,mean,last,seasonal,lgbm_0,lgbm_1,sarima_0,sarima_1,ensemble
2016-01-01T00:00:00,0.5778466518471248,2015-07-01T00:00:00,0.4945014832388334,0.3994462115690211,0.8964547876924911,0.5874709724842777,0.6189615950837819,0.45455001887838287,0.47919816527541625,0.5490798801795991
2016-04-01T00:00:00,0.3206095662672936,2015-10-01T00:00:00,0.48957779577012983,0.1843091727105061,0.6174946582536478,0.5171637041638214,0.5843127260034237,0.4248103156331481,0.41797630277847575,0.5011445143909496
2016-07-01T00:00:00,0.7068859191104337,2016-01-01T00:00:00,0.49095699664633285,0.5778466518471248,0.3994462115690211,0.7312458241279617,0.8335039668783868,0.47337668169831193,0.48858575647280394,0.6610448616755954
2016-10-01T00:00:00,0.5527685286210726,2016-04-01T00:00:00,0.48833626694819376,0.3206095662672936,0.1843091727105061,0.6313292874840436,0.7529758802034124,0.4413282611152609,0.44859255125743625,0.6007842157304244
2017-01-01T00:00:00,0.4857087331036069,2016-07-01T00:00:00,0.49164762531428835,0.7068859191104337,0.5778466518471248,0.6024159650602517,0.5898074039509328,,0.5224523048935285,0.5561298544222306
2017-04-01T00:00:00,0.5583111012978037,2016-10-01T00:00:00,0.4925598776024493,0.5527685286210726,0.3206095662672936,0.5801157069227018,0.48355218049144316,0.47306727789321357,0.5075832413553439,0.4955677109233936
2017-07-01T00:00:00,0.785431525684821,2017-01-01T00:00:00,0.49245912547746634,0.4857087331036069,0.7068859191104337,0.5289916421369154,0.523885229858134,0.46563183488411103,0.49023549034653174,0.5070603601023329
2017-10-01T00:00:00,1.1207427769393874,2017-04-01T00:00:00,0.49341350193863065,0.5583111012978037,0.5527685286210726,0.56213130734788,0.6413403437310653,0.4752427950746353,0.5020986181185444,0.5717194809248048
2018-01-01T00:00:00,0.8101194549169577,2017-07-01T00:00:00,0.4975851879921476,0.785431525684821,0.4857087331036069,0.3667844716699116,0.3046983563747791,0.5056559626666047,0.5549049096711048,0.42980163302294194
2018-04-01T00:00:00,0.5294212303768475,2017-10-01T00:00:00,0.5063620554421088,1.1207427769393874,0.5583111012978037,0.6070711057310667,0.5101443525225623,0.5551876621495808,0.6454180797171916,0.577781216119877
2018-07-01T00:00:00,0.621760482522582,2018-01-01T00:00:00,0.5105809082125927,0.8101194549169577,0.785431525684821,0.6883582658913284,0.6768770535872406,0.5225966454705786,0.6021614706042546,0.6395192620957476
2018-10-01T00:00:00,0.141543998318383,2018-04-01T00:00:00,0.5108389948175825,0.5294212303768475,1.1207427769393874,0.5352484097305586,0.5817685306270177,0.48902724073813686,0.5308730268270946,0.5563207787270561
2019-01-01T00:00:00,0.6223772907267389,2018-07-01T00:00:00,0.5123379338406231,0.621760482522582,0.8101194549169577,0.5682403901980901,0.6058372845163729,0.5018710444524215,0.5366363419857112,0.571236813251042
2019-04-01T00:00:00,0.8316777932895647,2018-10-01T00:00:00,0.5073940147003265,0.141543998318383,0.5294212303768475,0.5456643160894388,0.6773994083161171,0.4401451871984732,0.433418405827001,0.5554089070715591
2019-07-01T00:00:00,1.1632102580909631,2019-01-01T00:00:00,0.5089069525427794,0.6223772907267389,0.621760482522582,0.4652316029635581,0.47702766778896577,0.49915485783872793,0.512452545688753,0.4947401067388594
2019-10-01T00:00:00,0.6795635968053659,2019-04-01T00:00:00,0.513098781643387,0.8316777932895647,0.141543998318383,0.5922929027824253,0.6008742275949028,0.5279903759567985,0.5759027779749727,0.5883885027849378
2020-01-01T00:00:00,-1.3250619707966038,2019-07-01T00:00:00,0.5214335441619457,1.1632102580909631,0.6223772907267389,0.5843133216970322,0.6481792796123326,0.5778028526451829,0.6661173689360264,0.6571483242741795
2020-04-01T00:00:00,-8.204320604026982,2019-10-01T00:00:00,0.5234351903979383,0.6795635968053659,0.8316777932895647,0.5624435582392551,0.5199545421324433,0.5204271909860111,0.5828631990864699,0.5514088706094566
2020-07-01T00:00:00,7.475749636244799,2020-01-01T00:00:00,0.5003289758830065,-1.3250619707966038,1.1632102580909631,0.2644254164495955,0.26982571569622815,0.27027756203515035,0.18996739501738918,0.22989655535680867
2020-10-01T00:00:00,1.127138965704333,2020-04-01T00:00:00,0.3928641662544881,-8.204320604026982,0.6795635968053659,-0.3504524633532341,-0.19634149170784013,-5.65463646133305,-5.774088192868794,-2.985214842288317
2021-01-01T00:00:00,1.502238256071564,2020-07-01T00:00:00,0.47924081832754073,7.475749636244799,-1.3250619707966038,0.9912386381301141,1.1357300925603584,1.3012205753640127,0.9668940517638394,1.0513120721620988
2021-04-01T00:00:00,1.725979876512973,2020-10-01T00:00:00,0.4870468201031647,1.127138965704333,-8.204320604026982,0.634612825990338,0.7586202415232778,0.50035250849415,0.3521820199899205,0.5554011307565991
2021-07-01T00:00:00,0.777422858177168,2021-01-01T00:00:00,0.4991324324361218,1.502238256071564,7.475749636244799,0.7315108691222532,0.9137012120183702,0.525489689443655,0.32625327831439005,0.6199772451663801
2021-10-01T00:00:00,1.6496280715616152,2021-04-01T00:00:00,0.5135659317782024,1.725979876512973,1.127138965704333,0.8695530654224244,0.8504683954897486,0.5438337243822091,0.28658546711276117,0.5685269313012549
2022-01-01T00:00:00,-0.2546595682954233,2021-07-01T00:00:00,0.5166340355735393,0.777422858177168,1.502238256071564,0.7795562809421855,0.7749434708289659,0.5131337888586327,0.35025029098814064,0.5625968809085533
2022-04-01T00:00:00,0.139383557559114,2021-10-01T00:00:00,0.5296569555274252,1.6496280715616152,1.725979876512973,1.0053696085894515,1.0040434942101575,0.5545852833020007,0.38187511921070766,0.6929593067104326
2022-07-01T00:00:00,0.6716112771369964,2022-01-01T00:00:00,0.520744267756711,-0.2546595682954233,0.777422858177168,1.091192684358386,1.0130343666724118,0.48203749181344885,0.4824094772434899,0.7477219219579508
2022-10-01T00:00:00,0.6674450239232854,2022-04-01T00:00:00,0.516459315956738,0.139383557559114,1.6496280715616152,0.7820106025205474,0.8291653402819255,0.4919024514159114,0.5167259868947551,0.6729456635883403
2023-01-01T00:00:00,0.8244809823056087,2022-07-01T00:00:00,0.5181832266365186,0.6716112771369964,-0.2546595682954233,0.7387538859460796,0.662381403772893,0.5116168981759045,0.5046253803796685,0.5835033920762808
2023-04-01T00:00:00,0.5356706724436222,2022-10-01T00:00:00,0.5198234661671425,0.6674450239232854,0.139383557559114,0.44248585515543704,0.45152785170462145,0.5131966902838684,0.49792888160242543,0.47472836665352347
2023-07-01T00:00:00,1.1066406039876853,2023-01-01T00:00:00,0.523134960907778,0.8244809823056087,0.6716112771369964,0.7115966353821491,0.7180195450394763,0.5218032334371343,0.4837583021214611,0.6008889235804686
2023-10-01T00:00:00,0.8916102628868217,2023-04-01T00:00:00,0.5232697535049375,0.5356706724436222,0.6674450239232854,0.5743827896973024,0.662695332244754,0.5123668883557246,0.4971865668449857,0.5799409495448699
2024-01-01T00:00:00,0.358511279899254,2023-07-01T00:00:00,0.5294758263824136,1.1066406039876853,0.8244809823056087,0.7498330718323518,0.745880650685625,0.5376734863826218,0.4660556146516005,0.6059681326686128
2024-04-01T00:00:00,0.8790597766154207,2023-10-01T00:00:00,0.5332877678193021,0.8916102628868217,0.5356706724436222,0.13904140197097048,0.058323867161629794,0.5340555995403633,0.46631596430306976,0.2623199157323498
2024-07-01T00:00:00,0.7760777243637662,2024-01-01T00:00:00,0.5314671794034683,0.358511279899254,1.1066406039876853,0.8057127259278294,1.133780229739998,0.5148511979153745,0.5044751100510618,0.8191276698955299
2024-10-01T00:00:00,0.5939285590445209,2024-04-01T00:00:00,0.5350506082407049,0.8790597766154207,0.8916102628868217,0.677837795672458,0.7777561374345943,0.5356824298081475,0.49147947591766816,0.6346178066761312
2025-01-01T00:00:00,0.0357523686686178,2024-07-01T00:00:00,0.5375100686093076,0.7760777243637662,0.358511279899254,0.2685079062886118,0.3911162819245917,0.5347158340172901,0.4928250711861434,0.44197067655536754
2025-04-01T00:00:00,0.9860229432996804,2024-10-01T00:00:00,0.5380799523510774,0.5939285590445209,0.8790597766154207,0.041358445501035214,0.12792397611787878,0.5293845540591771,0.5068131719164138,0.3173685740171463
2025-07-01T00:00:00,0.9517353447911604,2025-01-01T00:00:00,0.5330566765142528,0.0357523686686178,0.7760777243637662,0.013378171131718646,-0.014678545311191227,0.5062225487813973,0.5521479100307601,0.2687346823597845
2025-10-01T00:00:00,0.0518797829435868,2025-04-01T00:00:00,0.5375414910368808,0.9860229432996804,0.5939285590445209,0.5978663044476489,0.6648590336827112,0.542195825005491,0.5119178238926053,0.5883884287876582
2026-01-01T00:00:00,0.6153094808368564,2025-07-01T00:00:00,0.5416022150932953,0.9517353447911604,0.0357523686686178,0.4051317948711323,0.21219822140526848,0.5448857324450292,0.49342618998574417,0.3528122056955063
2026-04-01T00:00:00,0.5489801327586363,2025-10-01T00:00:00,0.5368476283733953,0.0518797829435868,0.9860229432996804,-0.03943525625678558,-0.14531075039722227,0.5106122212506683,0.5456150083745934,0.20015212898868556
