,gdp_level,gdp_growth,cpi_level,unrate,indpro_level,interest_rate,brent_crude,sentiment,cpi_growth,indpro_growth,wb_gdp_growth_pct,wb_cpi_inflation_pct,wb_unemployment_pct,wb_trade_bal_gdp_pct,wb_gross_savings_pct,oecd_leading_index,recession,covid_shock,quarter,gdp_growth_lag1,gdp_growth_lag2,gdp_growth_lag3,gdp_growth_lag4,cpi_growth_lag1,cpi_growth_lag2,indpro_growth_lag1,indpro_growth_lag2,unrate_lag1,unrate_lag2,interest_rate_lag1,interest_rate_lag2,oecd_leading_index_lag1,oecd_leading_index_lag2,wb_gdp_growth_pct_lag1,wb_gdp_growth_pct_lag2,wb_cpi_inflation_pct_lag1,wb_cpi_inflation_pct_lag2,wb_unemployment_pct_lag1,wb_unemployment_pct_lag2,wb_trade_bal_gdp_pct_lag1,wb_trade_bal_gdp_pct_lag2,wb_gross_savings_pct_lag1,wb_gross_savings_pct_lag2,brent_crude_lag1,brent_crude_lag2,sentiment_lag1,sentiment_lag2,gdp_growth_roll2_mean,gdp_growth_roll2_std,gdp_growth_roll4_mean,gdp_growth_roll4_std,gdp_growth_yoy,unrate_diff,interest_rate_diff,oecd_leading_index_diff,brent_crude_diff,sentiment_diff
2000-04-01,600717.0,0.8375509928457703,79.64032666666667,8.0,82.44201,3.9665,26.766666666666666,-40.4,0.1172119997647769,2.653089214785176,2.8765231247659,1.44026838719741,7.917,0.165707202088596,22.3961975609088,92.96054166666666,0,0,2,,,,,,,,,,,,,,,,,,,,,,,,,,,,,,,,,,,,,,
2000-07-01,600864.3,0.0245176919344558,80.16898333333334,7.900000000000001,83.85954,4.4394,30.67333333333333,-43.63333333333333,0.6616117610084515,1.7048119301569464,2.8765231247659,1.44026838719741,7.917,0.165707202088596,22.3961975609088,88.0215475,0,0,3,0.8375509928457703,,,,0.1172119997647769,,2.653089214785176,,8.0,,3.9665,,92.96054166666666,,2.8765231247659,,1.44026838719741,,7.917,,0.165707202088596,,22.3961975609088,,26.766666666666666,,-40.4,,,,,,,-0.09999999999999876,0.4729000000000001,-4.93899416666666,3.9066666666666627,-3.2333333333333343
2000-10-01,598359.2,-0.4177876173711681,80.41776333333333,7.766666666666667,84.1817,4.8062000000000005,29.723333333333333,-41.8,0.3098390174636201,0.3834301564259235,2.8765231247659,1.44026838719741,7.917,0.165707202088596,22.3961975609088,47.26013,0,0,4,0.0245176919344558,0.8375509928457703,,,0.6616117610084515,0.1172119997647769,1.7048119301569464,2.653089214785176,7.900000000000001,8.0,4.4394,3.9665,88.0215475,92.96054166666666,2.8765231247659,2.8765231247659,1.44026838719741,1.44026838719741,7.917,7.917,0.165707202088596,0.165707202088596,22.3961975609088,22.3961975609088,30.67333333333333,26.766666666666666,-43.63333333333333,-40.4,0.43103434239011307,0.5749013604048733,,,,-0.13333333333333464,0.36680000000000046,-40.7614175,-0.9499999999999957,1.8333333333333357
2001-01-01,610958.9,2.0838447615707523,80.91531333333334,7.666666666666667,84.5683,4.843266666666666,25.87333333333333,-41.86666666666667,0.6168004574014674,0.4581933942048088,1.63614170690956,1.98385731334471,7.773,1.56153639440135,22.5642466339945,46.92335,0,0,1,-0.4177876173711681,0.0245176919344558,0.8375509928457703,,0.3098390174636201,0.6616117610084515,0.3834301564259235,1.7048119301569464,7.766666666666667,7.900000000000001,4.8062000000000005,4.4394,47.26013,88.0215475,2.8765231247659,2.8765231247659,1.44026838719741,1.44026838719741,7.917,7.917,0.165707202088596,0.165707202088596,22.3961975609088,22.3961975609088,29.723333333333333,30.67333333333333,-41.8,-43.63333333333333,-0.19663496271835615,0.3127570835648201,,,,-0.09999999999999964,0.03706666666666525,-0.3367799999999974,-3.8500000000000014,-0.06666666666666998
2001-04-01,609706.3,-0.2052324322290744,81.66165333333333,7.666666666666667,83.60181,4.752433333333333,27.27333333333333,-44.333333333333336,0.9181438899497074,-1.1494321327196744,1.63614170690956,1.98385731334471,7.773,1.56153639440135,22.5642466339945,82.258965,0,0,2,2.0838447615707523,-0.4177876173711681,0.0245176919344558,0.8375509928457703,0.6168004574014674,0.3098390174636201,0.4581933942048088,0.3834301564259235,7.666666666666667,7.766666666666667,4.843266666666666,4.8062000000000005,46.92335,47.26013,1.63614170690956,2.8765231247659,1.98385731334471,1.44026838719741,7.773,7.917,1.56153639440135,0.165707202088596,22.5642466339945,22.3961975609088,25.87333333333333,29.723333333333333,-41.86666666666667,-41.8,0.8330285720997921,1.768921219185667,0.6320314572449526,1.0986648282651323,2.5281258289798103,0.0,-0.09083333333333243,35.335615000000004,1.3999999999999986,-2.4666666666666686
2001-07-01,609485.3,-0.0362535310150846,81.78604333333334,7.833333333333333,82.76418,4.327766666666666,25.30333333333333,-45.06666666666666,0.152207741744359,-1.006981148056152,1.63614170690956,1.98385731334471,7.773,1.56153639440135,22.5642466339945,93.00559333333332,0,0,3,-0.2052324322290744,2.0838447615707523,-0.4177876173711681,0.0245176919344558,0.9181438899497074,0.6168004574014674,-1.1494321327196744,0.4581933942048088,7.666666666666667,7.666666666666667,4.752433333333333,4.843266666666666,82.258965,46.92335,1.63614170690956,1.63614170690956,1.98385731334471,1.98385731334471,7.773,7.773,1.56153639440135,1.56153639440135,22.5642466339945,22.5642466339945,27.27333333333333,25.87333333333333,-44.333333333333336,-41.86666666666667,0.9393061646708389,1.6186220063953303,0.3713356009762414,1.1558714515898747,1.4853424039049656,0.16666666666666607,-0.42466666666666697,10.74662833333332,-1.9699999999999989,-0.7333333333333272
2001-10-01,607717.0,-0.2905517421391224,81.75494333333333,8.033333333333333,80.96005,3.605833333333333,19.35,-45.2,-0.0380332796185101,-2.2039535965526547,1.63614170690956,1.98385731334471,7.773,1.56153639440135,22.5642466339945,95.52257916666667,0,0,4,-0.0362535310150846,-0.2052324322290744,2.0838447615707523,-0.4177876173711681,0.152207741744359,0.9181438899497074,-1.006981148056152,-1.1494321327196744,7.833333333333333,7.666666666666667,4.327766666666666,4.752433333333333,93.00559333333332,82.258965,1.63614170690956,1.63614170690956,1.98385731334471,1.98385731334471,7.773,7.773,1.56153639440135,1.56153639440135,22.5642466339945,22.5642466339945,25.30333333333333,27.27333333333333,-45.06666666666666,-44.333333333333336,-0.1207429816220795,0.11948612692586391,0.3561427952388563,1.162330903960096,1.4245711809554251,0.20000000000000018,-0.7219333333333333,2.516985833333351,-5.95333333333333,-0.13333333333333997
2002-01-01,604861.7,-0.4709476221783859,82.53238,8.166666666666666,81.37887,3.2802,21.133333333333336,-50.2,0.946442432862149,0.5159833873695341,-0.228255715793637,1.42080615551526,8.482,4.04833225388601,22.1015279657997,95.11901888888887,0,0,1,-0.2905517421391224,-0.0362535310150846,-0.2052324322290744,2.0838447615707523,-0.0380332796185101,0.152207741744359,-2.2039535965526547,-1.006981148056152,8.033333333333333,7.833333333333333,3.605833333333333,4.327766666666666,95.52257916666667,93.00559333333332,1.63614170690956,1.63614170690956,1.98385731334471,1.98385731334471,7.773,7.773,1.56153639440135,1.56153639440135,22.5642466339945,22.5642466339945,19.35,25.30333333333333,-45.2,-45.06666666666666,-0.1634026365771035,0.17981598952941544,0.3879517640468677,1.1355230351439172,1.5518070561874708,0.13333333333333286,-0.3256333333333332,-0.40356027777779957,1.783333333333335,-5.0
2002-04-01,607367.0,0.4133384347181135,82.71896333333332,8.4,82.05541,3.3249,25.05333333333333,-50.1,0.2258177257233207,0.827909376610414,-0.228255715793637,1.42080615551526,8.482,4.04833225388601,22.1015279657997,100.40630333333333,0,0,2,-0.4709476221783859,-0.2905517421391224,-0.0362535310150846,-0.2052324322290744,0.946442432862149,-0.0380332796185101,0.5159833873695341,-2.2039535965526547,8.166666666666666,8.033333333333333,3.2802,3.605833333333333,95.11901888888887,95.52257916666667,-0.228255715793637,1.63614170690956,1.42080615551526,1.98385731334471,8.482,7.773,4.04833225388601,1.56153639440135,22.1015279657997,22.5642466339945,21.133333333333336,19.35,-50.2,-45.2,-0.38074968215875415,0.1275591500738782,-0.25074633189041684,0.18087910844841637,-1.0029853275616674,0.23333333333333428,0.044700000000000184,5.2872844444444524,3.9199999999999946,0.10000000000000142
2002-07-01,611272.1,0.6408974349842111,82.78115666666666,8.733333333333333,82.57088,3.3043333333333336,26.93,-48.66666666666666,0.0751580557898812,0.6262325228682641,-0.228255715793637,1.42080615551526,8.482,4.04833225388601,22.1015279657997,99.57154833333334,0,0,3,0.4133384347181135,-0.4709476221783859,-0.2905517421391224,-0.0362535310150846,0.2258177257233207,0.946442432862149,0.827909376610414,0.5159833873695341,8.4,8.166666666666666,3.3249,3.2802,100.40630333333333,95.11901888888887,-0.228255715793637,-0.228255715793637,1.42080615551526,1.42080615551526,8.482,8.482,4.04833225388601,4.04833225388601,22.1015279657997,22.1015279657997,25.05333333333333,21.133333333333336,-50.1,-50.2,-0.02880459373013622,0.6252846673402279,-0.09610361515361986,0.3835932474377238,-0.3844144606144794,0.33333333333333215,-0.0205666666666664,-0.834754999999987,1.8766666666666687,1.4333333333333442
2002-10-01,609798.4,-0.2413784815086472,82.71896333333333,9.1,82.21649,3.2330666666666663,26.736666666666665,-50.2,-0.0751580557897924,-0.4301185780888339,-0.228255715793637,1.42080615551526,8.482,4.04833225388601,22.1015279657997,99.89371666666666,0,0,4,0.6408974349842111,0.4133384347181135,-0.4709476221783859,-0.2905517421391224,0.0751580557898812,0.2258177257233207,0.6262325228682641,0.827909376610414,8.733333333333333,8.4,3.3043333333333336,3.3249,99.57154833333334,100.40630333333333,-0.228255715793637,-0.228255715793637,1.42080615551526,1.42080615551526,8.482,8.482,4.04833225388601,4.04833225388601,22.1015279657997,22.1015279657997,26.93,25.05333333333333,-48.66666666666666,-50.1,0.5271179348511623,0.16090851220818903,0.07318412634620408,0.5373969656544677,0.2927365053848163,0.36666666666666714,-0.07126666666666726,0.3221683333333232,-0.19333333333333513,-1.5333333333333456
2003-01-01,601380.3,-1.3900897622283637,83.4653,9.5,82.63531,2.766433333333333,31.52,-50.76666666666667,0.8982098177540365,0.5081180807303909,-0.529801394291297,1.03422218628562,9.779,3.62114592491108,21.0728443660249,99.95756166666666,0,0,1,-0.2413784815086472,0.6408974349842111,0.4133384347181135,-0.4709476221783859,-0.0751580557897924,0.0751580557898812,-0.4301185780888339,0.6262325228682641,9.1,8.733333333333333,3.2330666666666663,3.3043333333333336,99.89371666666666,99.57154833333334,-0.228255715793637,-0.228255715793637,1.42080615551526,1.42080615551526,8.482,8.482,4.04833225388601,4.04833225388601,22.1015279657997,22.1015279657997,26.736666666666665,26.93,-50.2,-48.66666666666666,0.19975947673778197,0.6238632834296762,0.08547744150382287,0.5267598586108916,0.3419097660152915,0.40000000000000036,-0.46663333333333323,0.0638450000000006,4.783333333333335,-0.56666666666667
2003-04-01,602338.1,0.1591402444526934,83.37200999999999,9.733333333333333,81.95876,2.443633333333333,26.17,-47.13333333333333,-0.1118335098101219,-0.8220877097926405,-0.529801394291297,1.03422218628562,9.779,3.62114592491108,21.0728443660249,99.49392,0,0,2,-1.3900897622283637,-0.2413784815086472,0.6408974349842111,0.4133384347181135,0.8982098177540365,-0.0751580557897924,0.5081180807303909,-0.4301185780888339,9.5,9.1,2.766433333333333,3.2330666666666663,99.95756166666666,99.89371666666666,-0.529801394291297,-0.228255715793637,1.03422218628562,1.42080615551526,9.779,8.482,3.62114592491108,4.04833225388601,21.0728443660249,22.1015279657997,31.52,26.736666666666665,-50.76666666666667,-50.2,-0.8157341218685055,0.8122615362223953,-0.14430809350867158,0.9108442967495707,-0.5772323740346863,0.2333333333333325,-0.3228,-0.4636416666666605,-5.349999999999998,3.63333333333334
2003-07-01,607643.1,0.87687874695348,83.65188333333333,9.8,81.76546,2.0657666666666668,28.45,-46.9,0.3351300100732146,-0.2361288877296807,-0.529801394291297,1.03422218628562,9.779,3.62114592491108,21.0728443660249,,0,0,3,0.1591402444526934,-1.3900897622283637,-0.2413784815086472,0.6408974349842111,-0.1118335098101219,0.8982098177540365,-0.8220877097926405,0.5081180807303909,9.733333333333333,9.5,2.443633333333333,2.766433333333333,99.49392,99.95756166666666,-0.529801394291297,-0.529801394291297,1.03422218628562,1.03422218628562,9.779,9.779,3.62114592491108,3.62114592491108,21.0728443660249,21.0728443660249,26.17,31.52,-47.13333333333333,-50.76666666666667,-0.6154747588878351,1.0954710433418557,-0.2078576410750266,0.8667696853159695,-0.8314305643001064,0.0666666666666682,-0.37786666666666635,,2.2799999999999976,0.23333333333333428
2003-10-01,608453.6,0.1332953407414905,83.68298333333333,9.8,83.63402,2.0148333333333333,29.39,-46.93333333333334,0.0371709745585313,2.2595470065397194,-0.529801394291297,1.03422218628562,9.779,3.62114592491108,21.0728443660249,,0,0,4,0.87687874695348,0.1591402444526934,-1.3900897622283637,-0.2413784815086472,0.3351300100732146,-0.1118335098101219,-0.2361288877296807,-0.8220877097926405,9.8,9.733333333333333,2.0657666666666668,2.443633333333333,,99.49392,-0.529801394291297,-0.529801394291297,1.03422218628562,1.03422218628562,9.779,9.779,3.62114592491108,3.62114592491108,21.0728443660249,21.0728443660249,28.45,26.17,-46.9,-47.13333333333333,0.5180094957030867,0.5075177622369837,-0.14886231308270936,0.9480181291560056,-0.5954492523308375,0.0,-0.0509333333333335,,0.9400000000000013,-0.033333333333338544
2004-01-01,607495.9,-0.1575230218085366,84.27383333333334,10.066666666666668,84.08505,2.0195333333333334,31.923333333333336,-45.53333333333333,0.7035766086535666,0.5378411497947155,1.16208684507278,1.66573696655991,10.727,4.96393434043889,23.541443180607,,0,0,1,0.1332953407414905,0.87687874695348,0.1591402444526934,-1.3900897622283637,0.0371709745585313,0.3351300100732146,2.2595470065397194,-0.2361288877296807,9.8,9.8,2.0148333333333333,2.0657666666666668,,,-0.529801394291297,-0.529801394291297,1.03422218628562,1.03422218628562,9.779,9.779,3.62114592491108,3.62114592491108,21.0728443660249,21.0728443660249,29.39,28.45,-46.93333333333334,-46.9,0.5050870438474853,0.5257928689102886,-0.055193857520174965,0.9543189022450929,-0.22077543008069986,0.2666666666666675,0.0047000000000001485,,2.533333333333335,1.4000000000000057
2004-04-01,611106.3,0.5925494905344664,84.92687333333333,10.3,85.18041,2.0403,35.446666666666665,-47.23333333333333,0.771915502596876,1.2942691209031132,1.16208684507278,1.66573696655991,10.727,4.96393434043889,23.541443180607,44.14048,0,0,2,-0.1575230218085366,0.1332953407414905,0.87687874695348,0.1591402444526934,0.7035766086535666,0.0371709745585313,0.5378411497947155,2.2595470065397194,10.066666666666668,9.8,2.0195333333333334,2.0148333333333333,,,1.16208684507278,-0.529801394291297,1.66573696655991,1.03422218628562,10.727,9.779,4.96393434043889,3.62114592491108,23.541443180607,21.0728443660249,31.923333333333336,29.39,-45.53333333333333,-46.93333333333334,-0.01211384053352306,0.2056396362526914,0.2529478275847818,0.4400351086776328,1.0117913103391272,0.2333333333333325,0.020766666666666378,,3.52333333333333,-1.6999999999999957
2004-07-01,609116.9,-0.326071781401005,85.17565,10.366666666666667,85.47036,2.053333333333333,41.38666666666666,-49.0,0.2925022382552988,0.3398171353320656,1.16208684507278,1.66573696655991,10.727,4.96393434043889,23.541443180607,45.18363,0,0,3,0.5925494905344664,-0.1575230218085366,0.1332953407414905,0.87687874695348,0.771915502596876,0.7035766086535666,1.2942691209031132,0.5378411497947155,10.3,10.066666666666668,2.0403,2.0195333333333334,44.14048,,1.16208684507278,1.16208684507278,1.66573696655991,1.66573696655991,10.727,10.727,4.96393434043889,4.96393434043889,23.541443180607,23.541443180607,35.446666666666665,31.923333333333336,-47.23333333333333,-45.53333333333333,0.21751323436296488,0.5303813598593675,0.36130013910522507,0.4620466151752162,1.4452005564209003,0.06666666666666643,0.013033333333333008,1.0431500000000042,5.939999999999998,-1.7666666666666728
2004-10-01,608748.5,-0.0604992984014174,85.36223666666667,10.6,85.18041,2.0833,44.16333333333333,-48.6,0.2188214534214694,-0.3398171353320656,1.16208684507278,1.66573696655991,10.727,4.96393434043889,23.541443180607,73.53953,0,0,4,-0.326071781401005,0.5925494905344664,-0.1575230218085366,0.1332953407414905,0.2925022382552988,0.771915502596876,0.3398171353320656,1.2942691209031132,10.366666666666667,10.3,2.053333333333333,2.0403,45.18363,44.14048,1.16208684507278,1.16208684507278,1.66573696655991,1.66573696655991,10.727,10.727,4.96393434043889,4.96393434043889,23.541443180607,23.541443180607,41.38666666666666,35.446666666666665,-49.0,-47.23333333333333,0.13323885456673068,0.6495633307277832,0.06056250701660379,0.4022219895353054,0.24225002806641516,0.2333333333333325,0.02996666666666714,28.3559,2.7766666666666637,0.3999999999999986
2005-01-01,609945.8,0.1964890432670785,85.64211,10.833333333333334,86.27577,2.0641000000000003,47.696666666666665,-47.333333333333336,0.3273292038235453,1.2777316073582234,0.885485292551564,1.54691114751328,11.193,4.95319708820102,23.3755952730244,47.03823,0,0,1,-0.0604992984014174,-0.326071781401005,0.5925494905344664,-0.1575230218085366,0.2188214534214694,0.2925022382552988,-0.3398171353320656,0.3398171353320656,10.6,10.366666666666667,2.0833,2.053333333333333,73.53953,45.18363,1.16208684507278,1.16208684507278,1.66573696655991,1.66573696655991,10.727,10.727,4.96393434043889,4.96393434043889,23.541443180607,23.541443180607,44.16333333333333,41.38666666666666,-48.6,-49.0,-0.1932855399012112,0.18778810362555676,0.012113847230876816,0.40221237826406436,0.048455388923507266,0.23333333333333428,-0.019199999999999662,-26.5013,3.5333333333333385,1.2666666666666657
2005-04-01,613408.9,0.5661660106634159,85.98418333333332,11.199999999999998,87.1134,2.069333333333333,51.626666666666665,-43.66666666666666,0.3986263172850002,0.9661924285667922,0.885485292551564,1.54691114751328,11.193,4.95319708820102,23.3755952730244,75.321815,0,0,2,0.1964890432670785,-0.0604992984014174,-0.326071781401005,0.5925494905344664,0.3273292038235453,0.2188214534214694,1.2777316073582234,-0.3398171353320656,10.833333333333334,10.6,2.0641000000000003,2.0833,47.03823,73.53953,0.885485292551564,1.16208684507278,1.54691114751328,1.66573696655991,11.193,10.727,4.95319708820102,4.96393434043889,23.3755952730244,23.541443180607,47.696666666666665,44.16333333333333,-47.333333333333336,-48.6,0.06799487243283055,0.18171819907967807,0.10061686349978059,0.39124195485130925,0.40246745399912237,0.3666666666666636,0.005233333333332535,28.283585000000002,3.9299999999999997,3.6666666666666785
2005-07-01,618345.7,0.8015925306068539,86.57503666666668,11.166666666666666,88.24098,2.0759666666666665,61.47,-40.4,0.6848149202840048,1.2860762778720058,0.885485292551564,1.54691114751328,11.193,4.95319708820102,23.3755952730244,49.1217,0,0,3,0.5661660106634159,0.1964890432670785,-0.0604992984014174,-0.326071781401005,0.3986263172850002,0.3273292038235453,0.9661924285667922,1.2777316073582234,11.199999999999998,10.833333333333334,2.069333333333333,2.0641000000000003,75.321815,47.03823,0.885485292551564,0.885485292551564,1.54691114751328,1.54691114751328,11.193,11.193,4.95319708820102,4.95319708820102,23.3755952730244,23.3755952730244,51.626666666666665,47.696666666666665,-43.66666666666666,-47.333333333333336,0.3813275269652472,0.2614010904944279,0.09402099353201797,0.3802521437978735,0.3760839741280719,-0.03333333333333144,0.006633333333333713,-26.200115000000004,9.843333333333334,3.2666666666666586
2005-10-01,620556.1,0.356832534331275,86.79271666666666,10.866666666666667,89.88402,2.1429,56.88,-35.36666666666667,0.2511194962238505,1.8448691660755576,0.885485292551564,1.54691114751328,11.193,4.95319708820102,23.3755952730244,75.64713499999999,0,0,4,0.8015925306068539,0.5661660106634159,0.1964890432670785,-0.0604992984014174,0.6848149202840048,0.3986263172850002,1.2860762778720058,0.9661924285667922,11.166666666666666,11.199999999999998,2.0759666666666665,2.069333333333333,49.1217,75.321815,0.885485292551564,0.885485292551564,1.54691114751328,1.54691114751328,11.193,11.193,4.95319708820102,4.95319708820102,23.3755952730244,23.3755952730244,61.47,51.626666666666665,-40.4,-43.66666666666666,0.6838792706351349,0.16647168872315415,0.3759370715339827,0.3829916965906332,1.5037482861359308,-0.29999999999999893,0.06693333333333351,26.525434999999995,-4.589999999999996,5.033333333333331
2006-01-01,627629.7,1.1334331358186844,87.10369000000001,10.533333333333331,90.39948,2.398633333333333,61.75333333333333,-28.8,0.3576539283153934,0.5718342550523836,3.86668241523209,1.57742642840563,10.277,5.17970636968403,25.7235523953492,92.71939,0,0,1,0.356832534331275,0.8015925306068539,0.5661660106634159,0.1964890432670785,0.2511194962238505,0.6848149202840048,1.8448691660755576,1.2860762778720058,10.866666666666667,11.166666666666666,2.1429,2.0759666666666665,75.64713499999999,49.1217,0.885485292551564,0.885485292551564,1.54691114751328,1.54691114751328,11.193,11.193,4.95319708820102,4.95319708820102,23.3755952730244,23.3755952730244,56.88,61.47,-35.36666666666667,-40.4,0.5792125324690645,0.314492809366965,0.4802700297171558,0.2622941940254925,1.9210801188686233,-0.3333333333333357,0.25573333333333315,17.072255000000013,4.873333333333328,6.566666666666666
2006-04-01,638387.4,1.6994966223791153,87.57015333333334,10.2,92.20361,2.6342666666666665,69.53333333333335,-18.83333333333333,0.5340976454097479,1.9760768639867976,3.86668241523209,1.57742642840563,10.277,5.17970636968403,25.7235523953492,95.81383555555556,0,0,2,1.1334331358186844,0.356832534331275,0.8015925306068539,0.5661660106634159,0.3576539283153934,0.2511194962238505,0.5718342550523836,1.8448691660755576,10.533333333333331,10.866666666666667,2.398633333333333,2.1429,92.71939,75.64713499999999,3.86668241523209,0.885485292551564,1.57742642840563,1.54691114751328,10.277,11.193,5.17970636968403,4.95319708820102,25.7235523953492,23.3755952730244,61.75333333333333,56.88,-28.8,-35.36666666666667,0.7451328350749797,0.5491395515852986,0.7145060528550573,0.3331761643226337,2.858024211420229,-0.33333333333333215,0.23563333333333336,3.094445555555552,7.780000000000015,9.966666666666672
2006-07-01,643250.4,0.7588763905147289,87.85002999999999,9.9,94.07217,2.9410333333333334,69.62,-15.2,0.3190931611458225,2.006296983687328,3.86668241523209,1.57742642840563,10.277,5.17970636968403,25.7235523953492,97.52488333333334,0,0,3,1.6994966223791153,1.1334331358186844,0.356832534331275,0.8015925306068539,0.5340976454097479,0.3576539283153934,1.9760768639867976,0.5718342550523836,10.2,10.533333333333331,2.6342666666666665,2.398633333333333,95.81383555555556,92.71939,3.86668241523209,3.86668241523209,1.57742642840563,1.57742642840563,10.277,10.277,5.17970636968403,5.17970636968403,25.7235523953492,25.7235523953492,69.53333333333335,61.75333333333333,-18.83333333333333,-28.8,1.4164648790988998,0.40026732992898034,0.9978387057839821,0.565718173206756,3.9913548231359286,-0.29999999999999893,0.30676666666666685,1.7110477777777788,0.0866666666666589,3.6333333333333293
2006-10-01,652681.8,1.455564807510079,87.91222333333333,9.566666666666666,95.03866,3.369,59.68,-16.400000000000002,0.0707698436376524,1.0221502542401062,3.86668241523209,1.57742642840563,10.277,5.17970636968403,25.7235523953492,98.07003611111112,0,0,4,0.7588763905147289,1.6994966223791153,1.1334331358186844,0.356832534331275,0.3190931611458225,0.5340976454097479,2.006296983687328,1.9760768639867976,9.9,10.2,2.9410333333333334,2.6342666666666665,97.52488333333334,95.81383555555556,3.86668241523209,3.86668241523209,1.57742642840563,1.57742642840563,10.277,10.277,5.17970636968403,5.17970636968403,25.7235523953492,25.7235523953492,69.62,69.53333333333335,-15.2,-18.83333333333333,1.229186506446922,0.66511894447257,0.9871596707609509,0.5710357298162305,3.9486386830438036,-0.3333333333333339,0.42796666666666683,0.5451527777777869,-9.940000000000005,-1.2000000000000028
2007-01-01,653474.1,0.1213178453163266,88.65855666666666,9.066666666666666,96.61727,3.6078666666666663,57.76333333333333,-22.866666666666664,0.8453695204288181,1.6473747519076376,2.8891174138025,2.2983440070095,8.732,6.3897695714769,27.472723293629,99.47380277777778,0,0,1,1.455564807510079,0.7588763905147289,1.6994966223791153,1.1334331358186844,0.0707698436376524,0.3190931611458225,1.0221502542401062,2.006296983687328,9.566666666666666,9.9,3.369,2.9410333333333334,98.07003611111112,97.52488333333334,3.86668241523209,3.86668241523209,1.57742642840563,1.57742642840563,10.277,10.277,5.17970636968403,5.17970636968403,25.7235523953492,25.7235523953492,59.68,69.62,-16.400000000000002,-15.2,1.107220599012404,0.49263310403153293,1.261842739055652,0.40764908739520633,5.047370956222608,-0.5,0.23886666666666612,1.4037666666666553,-1.9166666666666714,-6.4666666666666615
2007-04-01,657747.6,0.6518371578877691,89.37379,8.6,97.68041,3.855233333333333,68.58333333333333,-25.3,0.8034912696096796,1.094352346542227,2.8891174138025,2.2983440070095,8.732,6.3897695714769,27.472723293629,97.5010711111111,0,0,2,0.1213178453163266,1.455564807510079,0.7588763905147289,1.6994966223791153,0.8453695204288181,0.0707698436376524,1.6473747519076376,1.0221502542401062,9.066666666666666,9.566666666666666,3.6078666666666663,3.369,99.47380277777778,98.07003611111112,2.8891174138025,3.86668241523209,2.2983440070095,1.57742642840563,8.732,10.277,6.3897695714769,5.17970636968403,27.472723293629,25.7235523953492,57.76333333333333,59.68,-22.866666666666664,-16.400000000000002,0.7884413264132029,0.9434550747447533,1.0088139164300625,0.713383254191109,4.03525566572025,-0.4666666666666668,0.24736666666666673,-1.9727316666666752,10.82,-2.433333333333337
2007-07-01,661284.2,0.5362430950897945,89.84025666666666,8.433333333333334,99.48454,4.046399999999999,74.95333333333333,-24.6,0.5205704895958618,1.8301228035048744,2.8891174138025,2.2983440070095,8.732,6.3897695714769,27.472723293629,95.31595833333334,0,0,3,0.6518371578877691,0.1213178453163266,1.455564807510079,0.7588763905147289,0.8034912696096796,0.8453695204288181,1.094352346542227,1.6473747519076376,8.6,9.066666666666666,3.855233333333333,3.6078666666666663,97.5010711111111,99.47380277777778,2.8891174138025,2.8891174138025,2.2983440070095,2.2983440070095,8.732,8.732,6.3897695714769,6.3897695714769,27.472723293629,27.472723293629,68.58333333333333,57.76333333333333,-25.3,-22.866666666666664,0.38657750160204785,0.37513380346969216,0.7468990503072259,0.5485554422111992,2.9875962012289037,-0.16666666666666607,0.19116666666666626,-2.1851127777777606,6.3700000000000045,0.6999999999999993
2007-10-01,666368.2,0.7658668564499038,90.61769,8.200000000000001,100.4188,3.947533333333334,88.56,-23.266666666666666,0.8616280495567175,0.9347185516478618,2.8891174138025,2.2983440070095,8.732,6.3897695714769,27.472723293629,98.55960833333334,0,0,4,0.5362430950897945,0.6518371578877691,0.1213178453163266,1.455564807510079,0.5205704895958618,0.8034912696096796,1.8301228035048744,1.094352346542227,8.433333333333334,8.6,4.046399999999999,3.855233333333333,95.31595833333334,97.5010711111111,2.8891174138025,2.8891174138025,2.2983440070095,2.2983440070095,8.732,8.732,6.3897695714769,6.3897695714769,27.472723293629,27.472723293629,74.95333333333333,68.58333333333333,-24.6,-25.3,0.5940401264887818,0.0817373456693494,0.6912407264509923,0.5581458286955581,2.7649629058039693,-0.2333333333333325,-0.09886666666666555,3.2436500000000024,13.60666666666667,1.3333333333333357
2008-01-01,670015.9,0.5459072820306332,91.27073666666666,7.899999999999999,101.482,4.0469,96.93666666666668,-23.633333333333336,0.7180769934010733,1.053200212941885,0.887902330743628,2.62837981637219,7.508,5.78458104183402,26.46361515504,99.50911866666668,0,0,1,0.7658668564499038,0.5362430950897945,0.6518371578877691,0.1213178453163266,0.8616280495567175,0.5205704895958618,0.9347185516478618,1.8301228035048744,8.200000000000001,8.433333333333334,3.947533333333334,4.046399999999999,98.55960833333334,95.31595833333334,2.8891174138025,2.8891174138025,2.2983440070095,2.2983440070095,8.732,8.732,6.3897695714769,6.3897695714769,27.472723293629,27.472723293629,88.56,74.95333333333333,-23.266666666666666,-24.6,0.6510549757698492,0.16236851877929379,0.5188162386859485,0.28109146835054716,2.075264954743794,-0.3000000000000025,0.09936666666666616,0.9495103333333361,8.37666666666668,-0.3666666666666707
2008-04-01,667436.9,-0.3856589475928373,91.95488,7.533333333333334,100.6765,4.0010666666666665,121.39666666666666,-23.433333333333334,0.746780417743409,-0.7969036798406215,0.887902330743628,2.62837981637219,7.508,5.78458104183402,26.46361515504,97.36326388888888,0,0,2,0.5459072820306332,0.7658668564499038,0.5362430950897945,0.6518371578877691,0.7180769934010733,0.8616280495567175,1.053200212941885,0.9347185516478618,7.899999999999999,8.200000000000001,4.0469,3.947533333333334,99.50911866666668,98.55960833333334,0.887902330743628,2.8891174138025,2.62837981637219,2.2983440070095,7.508,8.732,5.78458104183402,6.3897695714769,26.46361515504,27.472723293629,96.93666666666668,88.56,-23.633333333333336,-23.266666666666666,0.6558870692402685,0.15553490665877223,0.6249635978645252,0.1075440145461845,2.4998543914581006,-0.3666666666666645,-0.04583333333333339,-2.1458547777777994,24.45999999999998,0.20000000000000284
2008-07-01,663826.4,-0.5424184460389725,92.60792666666669,7.133333333333333,99.45232,4.254333333333333,114.39666666666666,-24.633333333333336,0.707671717651337,-1.2234072721816425,0.887902330743628,2.62837981637219,7.508,5.78458104183402,26.46361515504,97.42151944444446,1,0,3,-0.3856589475928373,0.5459072820306332,0.7658668564499038,0.5362430950897945,0.746780417743409,0.7180769934010733,-0.7969036798406215,1.053200212941885,7.533333333333334,7.899999999999999,4.0010666666666665,4.0469,97.36326388888888,99.50911866666668,0.887902330743628,0.887902330743628,2.62837981637219,2.62837981637219,7.508,7.508,5.78458104183402,5.78458104183402,26.46361515504,26.46361515504,121.39666666666666,96.93666666666668,-23.433333333333334,-23.633333333333336,0.08012416721889795,0.6587167980911403,0.36558957149437354,0.511935329291591,1.4623582859774942,-0.40000000000000124,0.25326666666666675,0.05825555555557571,-7.0,-1.2000000000000028
2008-10-01,653657.8,-1.5436696582060705,92.07926666666668,7.033333333333334,92.68686,3.152133333333333,54.66,-26.633333333333336,-0.5724938847755823,-7.045161838170433,0.887902330743628,2.62837981637219,7.508,5.78458104183402,26.46361515504,95.44307272222224,1,0,4,-0.5424184460389725,-0.3856589475928373,0.5459072820306332,0.7658668564499038,0.707671717651337,0.746780417743409,-1.2234072721816425,-0.7969036798406215,7.133333333333333,7.533333333333334,4.254333333333333,4.0010666666666665,97.42151944444446,97.36326388888888,0.887902330743628,0.887902330743628,2.62837981637219,2.62837981637219,7.508,7.508,5.78458104183402,5.78458104183402,26.46361515504,26.46361515504,114.39666666666666,121.39666666666666,-24.633333333333336,-23.433333333333334,-0.4640386968159049,0.11084570436666272,0.0959241862121818,0.6559246905050411,0.3836967448487272,-0.09999999999999876,-1.1022000000000003,-1.9784467222222162,-59.736666666666665,-2.0
2009-01-01,622914.0,-4.817550540306392,92.01707333333331,7.2,81.0567,1.3771000000000002,44.43333333333334,-29.4,-0.0675660751315199,-13.407780516514478,-5.54455451920674,0.312739007368446,7.88,4.76990501088626,23.7954491975278,95.147306015873,1,0,1,-1.5436696582060705,-0.5424184460389725,-0.3856589475928373,0.5459072820306332,-0.5724938847755823,0.707671717651337,-7.045161838170433,-1.2234072721816425,7.033333333333334,7.133333333333333,3.152133333333333,4.254333333333333,95.44307272222224,97.42151944444446,0.887902330743628,0.887902330743628,2.62837981637219,2.62837981637219,7.508,7.508,5.78458104183402,5.78458104183402,26.46361515504,26.46361515504,54.66,114.39666666666666,-26.633333333333336,-24.633333333333336,-1.0430440521225215,0.7079915217946053,-0.4814599424518118,0.8556998430055288,-1.9258397698072471,0.16666666666666607,-1.7750333333333328,-0.29576670634924085,-10.22666666666666,-2.766666666666662
2009-04-01,624461.3,0.2480890544509506,92.20366,7.466666666666666,80.50902,0.774,58.696666666666665,-30.03333333333333,0.2025686545634286,-0.6779681949851124,-5.54455451920674,0.312739007368446,7.88,4.76990501088626,23.7954491975278,95.14728577777775,1,0,2,-4.817550540306392,-1.5436696582060705,-0.5424184460389725,-0.3856589475928373,-0.0675660751315199,-0.5724938847755823,-13.407780516514478,-7.045161838170433,7.2,7.033333333333334,1.3771000000000002,3.152133333333333,95.147306015873,95.44307272222224,-5.54455451920674,0.887902330743628,0.312739007368446,2.62837981637219,7.88,7.508,4.76990501088626,5.78458104183402,23.7954491975278,26.46361515504,44.43333333333334,54.66,-29.4,-26.633333333333336,-3.1806100992562314,2.3149833725301336,-1.8223243980360682,2.061649418129744,-7.289297592144273,0.2666666666666657,-0.6031000000000002,-2.02380952458725e-05,14.263333333333328,-0.6333333333333329
2009-07-01,628440.2,0.635151825792768,92.39024333333332,7.533333333333334,83.44072,0.3561,68.2,-28.5,0.2021555354822624,3.576721177336406,-5.54455451920674,0.312739007368446,7.88,4.76990501088626,23.7954491975278,95.82391144444443,0,0,3,0.2480890544509506,-4.817550540306392,-1.5436696582060705,-0.5424184460389725,0.2025686545634286,-0.0675660751315199,-0.6779681949851124,-13.407780516514478,7.466666666666666,7.2,0.774,1.3771000000000002,95.14728577777775,95.147306015873,-5.54455451920674,-5.54455451920674,0.312739007368446,0.312739007368446,7.88,7.88,4.76990501088626,4.76990501088626,23.7954491975278,23.7954491975278,58.696666666666665,44.43333333333334,-30.03333333333333,-29.4,-2.284730742927721,3.581948108499992,-1.6638873975251212,2.2266110336145735,-6.655549590100485,0.0666666666666682,-0.4179,0.6766256666666806,9.503333333333337,1.5333333333333314
2009-10-01,633229.6,0.759219727007121,92.45243333333332,7.266666666666667,84.82603,0.3585666666666667,74.63,-26.766666666666666,0.0672896578518766,1.6466013632972398,-5.54455451920674,0.312739007368446,7.88,4.76990501088626,23.7954491975278,98.21397126984128,0,0,4,0.635151825792768,0.2480890544509506,-4.817550540306392,-1.5436696582060705,0.2021555354822624,0.2025686545634286,3.576721177336406,-0.6779681949851124,7.533333333333334,7.466666666666666,0.3561,0.774,95.82391144444443,95.14728577777775,-5.54455451920674,-5.54455451920674,0.312739007368446,0.312739007368446,7.88,7.88,4.76990501088626,4.76990501088626,23.7954491975278,23.7954491975278,68.2,58.696666666666665,-28.5,-30.03333333333333,0.4416204401218593,0.27369471036065707,-1.369494829567186,2.486939946331213,-5.477979318268744,-0.2666666666666675,0.0024666666666666726,2.390059825396847,6.429999999999993,1.7333333333333343
2010-01-01,637797.9,0.7188388404555823,92.76341333333332,7.0,86.50129,0.3441,76.25,-26.066666666666663,0.3358031160118457,1.9556873878231684,4.13463778522758,1.1038103778926,7.043,5.10545796593838,25.2468823707204,99.30667706349205,0,0,1,0.759219727007121,0.635151825792768,0.2480890544509506,-4.817550540306392,0.0672896578518766,0.2021555354822624,1.6466013632972398,3.576721177336406,7.266666666666667,7.533333333333334,0.3585666666666667,0.3561,98.21397126984128,95.82391144444443,-5.54455451920674,-5.54455451920674,0.312739007368446,0.312739007368446,7.88,7.88,4.76990501088626,4.76990501088626,23.7954491975278,23.7954491975278,74.63,68.2,-26.766666666666666,-28.5,0.6971857763999445,0.08772925427625167,-0.7937724832638882,2.6913363968037487,-3.1750899330555526,-0.2666666666666666,-0.014466666666666683,1.0927057936507651,1.6200000000000045,0.7000000000000028
2010-04-01,651576.6,2.137350247850911,93.22986666666668,6.7,90.91495,0.3505,78.51,-21.866666666666664,0.5015818972270658,4.976512698552504,4.13463778522758,1.1038103778926,7.043,5.10545796593838,25.2468823707204,100.5560786111111,0,0,2,0.7188388404555823,0.759219727007121,0.635151825792768,0.2480890544509506,0.3358031160118457,0.0672896578518766,1.9556873878231684,1.6466013632972398,7.0,7.266666666666667,0.3441,0.3585666666666667,99.30667706349205,98.21397126984128,4.13463778522758,-5.54455451920674,1.1038103778926,0.312739007368446,7.043,7.88,5.10545796593838,4.76990501088626,25.2468823707204,23.7954491975278,76.25,74.63,-26.066666666666663,-26.766666666666666,0.7390292837313517,0.02855359871091744,0.5903248619266055,0.233934551200321,2.361299447706422,-0.2999999999999998,0.006399999999999961,1.2494015476190583,2.260000000000005,4.199999999999999
2010-07-01,657913.3,0.9678195245045984,93.41645,6.433333333333334,92.3969,0.4534333333333333,76.82000000000001,-18.2,0.1999325770987603,1.616897419432739,4.13463778522758,1.1038103778926,7.043,5.10545796593838,25.2468823707204,101.18613333333332,0,0,3,2.137350247850911,0.7188388404555823,0.759219727007121,0.635151825792768,0.5015818972270658,0.3358031160118457,4.976512698552504,1.9556873878231684,6.7,7.0,0.3505,0.3441,100.5560786111111,99.30667706349205,4.13463778522758,4.13463778522758,1.1038103778926,1.1038103778926,7.043,7.043,5.10545796593838,5.10545796593838,25.2468823707204,25.2468823707204,78.51,76.25,-21.866666666666664,-26.066666666666663,1.4280945441532467,1.0030390353597103,1.0626401602765956,0.7183340344829972,4.250560641106382,-0.2666666666666666,0.10293333333333332,0.6300547222222121,-1.6899999999999977,3.6666666666666643
2010-10-01,662113.2,0.6363378571654366,93.72742666666666,6.2,95.81186,0.5973333333333334,86.46666666666665,-15.0,0.3323399711851138,3.629304859546068,4.13463778522758,1.1038103778926,7.043,5.10545796593838,25.2468823707204,101.47938888888888,0,0,4,0.9678195245045984,2.137350247850911,0.7188388404555823,0.759219727007121,0.1999325770987603,0.5015818972270658,1.616897419432739,4.976512698552504,6.433333333333334,6.7,0.4534333333333333,0.3505,101.18613333333332,100.5560786111111,4.13463778522758,4.13463778522758,1.1038103778926,1.1038103778926,7.043,7.043,5.10545796593838,5.10545796593838,25.2468823707204,25.2468823707204,76.82000000000001,78.51,-18.2,-21.866666666666664,1.5525848861777547,0.8269831052841857,1.1458070849545532,0.6699724080628873,4.583228339818213,-0.2333333333333334,0.14390000000000008,0.29325555555556093,9.646666666666647,3.1999999999999993
2011-01-01,674123.5,1.7976790250752828,94.50486,5.866666666666667,96.93943,0.6749333333333333,104.96,-12.1,0.8260408113117457,1.1699873577473596,3.75796884489337,2.07517283735874,5.967,4.85425441678104,27.5499098287462,100.8263,0,0,1,0.6363378571654366,0.9678195245045984,2.137350247850911,0.7188388404555823,0.3323399711851138,0.1999325770987603,3.629304859546068,1.616897419432739,6.2,6.433333333333334,0.5973333333333334,0.4534333333333333,101.47938888888888,101.18613333333332,4.13463778522758,4.13463778522758,1.1038103778926,1.1038103778926,7.043,7.043,5.10545796593838,5.10545796593838,25.2468823707204,25.2468823707204,86.46666666666665,76.82000000000001,-15.0,-18.2,0.8020786908350175,0.23439293481454465,1.115086617494132,0.6959222185829073,4.460346469976528,-0.33333333333333304,0.07759999999999989,-0.653088888888874,18.49333333333334,2.9000000000000004
2011-04-01,676186.6,0.3055744906836466,95.09571,5.566666666666666,97.84149,1.0411666666666666,117.36,-7.666666666666667,0.6232596375022936,0.9262369733957776,3.75796884489337,2.07517283735874,5.967,4.85425441678104,27.5499098287462,100.49785,0,0,2,1.7976790250752828,0.6363378571654366,0.9678195245045984,2.137350247850911,0.8260408113117457,0.3323399711851138,1.1699873577473596,3.629304859546068,5.866666666666667,6.2,0.6749333333333333,0.5973333333333334,100.8263,101.47938888888888,3.75796884489337,4.13463778522758,2.07517283735874,1.1038103778926,5.967,7.043,4.85425441678104,5.10545796593838,27.5499098287462,25.2468823707204,104.96,86.46666666666665,-12.1,-15.0,1.2170084411203597,0.8211922151001572,1.3847966636490572,0.700206936327621,5.539186654596229,-0.3000000000000007,0.3662333333333333,-0.3284500000000037,12.400000000000006,4.433333333333333
2011-07-01,679797.1,0.5325297837208254,95.46888,5.433333333333334,99.19459,0.9743666666666668,113.34,-6.866666666666667,0.3916472383425073,1.3734756305172624,3.75796884489337,2.07517283735874,5.967,4.85425441678104,27.5499098287462,,0,0,3,0.3055744906836466,1.7976790250752828,0.6363378571654366,0.9678195245045984,0.6232596375022936,0.8260408113117457,0.9262369733957776,1.1699873577473596,5.566666666666666,5.866666666666667,1.0411666666666666,0.6749333333333333,100.49785,100.8263,3.75796884489337,3.75796884489337,2.07517283735874,2.07517283735874,5.967,5.967,4.85425441678104,4.85425441678104,27.5499098287462,27.5499098287462,117.36,104.96,-7.666666666666667,-12.1,1.0516267578794647,1.055077234507522,0.9268527243572411,0.6404171183514276,3.7074108974289643,-0.13333333333333286,-0.06679999999999975,,-4.019999999999996,0.7999999999999998
2011-10-01,679576.0,-0.032529700926176,95.81095333333332,5.233333333333333,98.26031,0.7921999999999999,109.39666666666666,-9.7,0.357668335486494,-0.9463294882644746,3.75796884489337,2.07517283735874,5.967,4.85425441678104,27.5499098287462,,0,0,4,0.5325297837208254,0.3055744906836466,1.7976790250752828,0.6363378571654366,0.3916472383425073,0.6232596375022936,1.3734756305172624,0.9262369733957776,5.433333333333334,5.566666666666666,0.9743666666666668,1.0411666666666666,,100.49785,3.75796884489337,3.75796884489337,2.07517283735874,2.07517283735874,5.967,5.967,4.85425441678104,4.85425441678104,27.5499098287462,27.5499098287462,113.34,117.36,-6.866666666666667,-7.666666666666667,0.419052137202236,0.16048162673276914,0.8180302891612978,0.6675440733571016,3.2721211566451913,-0.20000000000000018,-0.18216666666666692,,-3.9433333333333422,-2.833333333333332
2012-01-01,681491.8,0.2815144499388466,96.52618666666666,5.1,98.2281,0.3674333333333333,118.49,-9.7,0.7437322091656817,-0.032785649075695,0.463512036709204,2.00848884782956,5.372,6.03951730444972,26.6562055834459,98.99105,0,0,1,-0.032529700926176,0.5325297837208254,0.3055744906836466,1.7976790250752828,0.357668335486494,0.3916472383425073,-0.9463294882644746,1.3734756305172624,5.233333333333333,5.433333333333334,0.7921999999999999,0.9743666666666668,,,3.75796884489337,3.75796884489337,2.07517283735874,2.07517283735874,5.967,5.967,4.85425441678104,4.85425441678104,27.5499098287462,27.5499098287462,109.39666666666666,113.34,-9.7,-6.866666666666667,0.2500000413973247,0.39955739336767054,0.6508133996383947,0.7990493255422864,2.6032535985535787,-0.13333333333333375,-0.4247666666666666,,9.093333333333334,0.0
2012-04-01,682449.6,0.140445939604028,96.86826333333332,5.1,98.16366,0.3380333333333333,108.41666666666669,-9.1,0.3537609516870432,-0.0656239368827193,0.463512036709204,2.00848884782956,5.372,6.03951730444972,26.6562055834459,100.6348,0,0,2,0.2815144499388466,-0.032529700926176,0.5325297837208254,0.3055744906836466,0.7437322091656817,0.357668335486494,-0.032785649075695,-0.9463294882644746,5.1,5.233333333333333,0.3674333333333333,0.7921999999999999,98.99105,,0.463512036709204,3.75796884489337,2.00848884782956,2.07517283735874,5.372,5.967,6.03951730444972,4.85425441678104,26.6562055834459,27.5499098287462,118.49,109.39666666666666,-9.7,-9.7,0.1244923745063353,0.22206274866862868,0.27177225585428566,0.23225824037374912,1.0870890234171426,0.0,-0.02939999999999998,1.6437499999999972,-10.07333333333331,0.5999999999999996
2012-07-01,683407.5,0.1402635981532896,97.39691,5.033333333333333,98.48582,0.1312,109.61333333333334,-8.6,0.544253982868792,0.327649265291452,0.463512036709204,2.00848884782956,5.372,6.03951730444972,26.6562055834459,100.60864,0,0,3,0.140445939604028,0.2815144499388466,-0.032529700926176,0.5325297837208254,0.3537609516870432,0.7437322091656817,-0.0656239368827193,-0.032785649075695,5.1,5.1,0.3380333333333333,0.3674333333333333,100.6348,98.99105,0.463512036709204,0.463512036709204,2.00848884782956,2.00848884782956,5.372,5.372,6.03951730444972,6.03951730444972,26.6562055834459,26.6562055834459,108.41666666666669,118.49,-9.1,-9.7,0.2109801947714373,0.09975050026963483,0.230490118084381,0.2388296612856958,0.921960472337524,-0.06666666666666643,-0.20683333333333329,-0.026160000000004402,1.1966666666666583,0.5
2012-10-01,681491.7,-0.280724211449268,97.73898666666666,5.0,96.06959,0.0808666666666666,110.08666666666666,-10.7,0.350603884697076,-2.483975373294456,0.463512036709204,2.00848884782956,5.372,6.03951730444972,26.6562055834459,98.26403333333332,0,0,4,0.1402635981532896,0.140445939604028,0.2815144499388466,-0.032529700926176,0.544253982868792,0.3537609516870432,0.327649265291452,-0.0656239368827193,5.033333333333333,5.1,0.1312,0.3380333333333333,100.60864,100.6348,0.463512036709204,0.463512036709204,2.00848884782956,2.00848884782956,5.372,5.372,6.03951730444972,6.03951730444972,26.6562055834459,26.6562055834459,109.61333333333334,108.41666666666669,-8.6,-9.1,0.14035476887865878,0.0001289348762748164,0.13242357169249705,0.12853468601340648,0.5296942867699882,-0.033333333333333215,-0.05033333333333341,-2.344606666666678,0.47333333333331495,-2.0999999999999996
2013-01-01,677899.5,-0.5285025180812752,98.01886,5.066666666666666,96.32732,0.0679,112.49333333333334,-6.6000000000000005,0.2859384988013858,0.2679150659562701,0.396995583779145,1.50472330251876,5.316,5.77453880717814,26.5120831814718,99.07711611111112,0,0,1,-0.280724211449268,0.1402635981532896,0.140445939604028,0.2815144499388466,0.350603884697076,0.544253982868792,-2.483975373294456,0.327649265291452,5.0,5.033333333333333,0.0808666666666666,0.1312,98.26403333333332,100.60864,0.463512036709204,0.463512036709204,2.00848884782956,2.00848884782956,5.372,5.372,6.03951730444972,6.03951730444972,26.6562055834459,26.6562055834459,110.08666666666666,109.61333333333334,-10.7,-8.6,-0.0702303066479892,0.2976833349668396,0.07037494406172404,0.2433412393667175,0.28149977624689615,0.06666666666666643,-0.012966666666666599,0.813082777777808,2.4066666666666805,4.099999999999999
2013-04-01,686594.3,1.2744532347525706,98.32983666666668,4.966666666666667,97.68041,0.0819666666666666,102.57666666666668,-4.566666666666666,0.3167598583194042,1.394905182218764,0.396995583779145,1.50472330251876,5.316,5.77453880717814,26.5120831814718,98.86121861111113,0,0,2,-0.5285025180812752,-0.280724211449268,0.1402635981532896,0.140445939604028,0.2859384988013858,0.350603884697076,0.2679150659562701,-2.483975373294456,5.066666666666666,5.0,0.0679,0.0808666666666666,99.07711611111112,98.26403333333332,0.396995583779145,0.463512036709204,1.50472330251876,2.00848884782956,5.316,5.372,5.77453880717814,6.03951730444972,26.5120831814718,26.6562055834459,112.49333333333334,110.08666666666666,-6.6000000000000005,-10.7,-0.4046133647652716,0.17520572085041172,-0.1321292979433064,0.3304982742921495,-0.5285171917732256,-0.09999999999999964,0.014066666666666602,-0.21589749999999697,-9.916666666666657,2.033333333333334
2013-07-01,689394.4,0.4069951832001095,98.98287999999998,4.9,98.2281,0.0851333333333333,110.27,-4.133333333333334,0.6619398170237822,0.559129796710689,0.396995583779145,1.50472330251876,5.316,5.77453880717814,26.5120831814718,99.38265,0,0,3,1.2744532347525706,-0.5285025180812752,-0.280724211449268,0.1402635981532896,0.3167598583194042,0.2859384988013858,1.394905182218764,0.2679150659562701,4.966666666666667,5.066666666666666,0.0819666666666666,0.0679,98.86121861111113,99.07711611111112,0.396995583779145,0.396995583779145,1.50472330251876,1.50472330251876,5.316,5.316,5.77453880717814,5.77453880717814,26.5120831814718,26.5120831814718,102.57666666666668,112.49333333333334,-4.566666666666666,-6.6000000000000005,0.37297535833564766,1.2748822390081094,0.15137252584382924,0.7979915105498513,0.605490103375317,-0.06666666666666643,0.0031666666666666926,0.5214313888888711,7.693333333333314,0.4333333333333327
2013-10-01,690573.3,0.170859113121935,99.04507666666666,4.8,99.16237,0.1216666666666666,109.21,-4.833333333333333,0.0628160485607765,0.9466282507863966,0.396995583779145,1.50472330251876,5.316,5.77453880717814,26.5120831814718,100.06326722222222,0,0,4,0.4069951832001095,1.2744532347525706,-0.5285025180812752,-0.280724211449268,0.6619398170237822,0.3167598583194042,0.559129796710689,1.394905182218764,4.9,4.966666666666667,0.0851333333333333,0.0819666666666666,99.38265,98.86121861111113,0.396995583779145,0.396995583779145,1.50472330251876,1.50472330251876,5.316,5.316,5.77453880717814,5.77453880717814,26.5120831814718,26.5120831814718,110.27,102.57666666666668,-4.133333333333334,-4.566666666666666,0.84072420897634,0.613385470647615,0.21805542210553422,0.8078375358104614,0.8722216884221369,-0.10000000000000053,0.03653333333333331,0.6806172222222244,-1.0600000000000023,-0.6999999999999993
2014-01-01,697996.7,1.069225278201813,99.20056333333332,4.8,99.25902,0.1815666666666666,108.16666666666669,-7.633333333333333,0.1568626664870009,0.0974189402097813,2.18018602168017,0.906794000434245,4.979,6.53898347110207,27.389383046964,100.0797288888889,0,0,1,0.170859113121935,0.4069951832001095,1.2744532347525706,-0.5285025180812752,0.0628160485607765,0.6619398170237822,0.9466282507863966,0.559129796710689,4.8,4.9,0.1216666666666666,0.0851333333333333,100.06326722222222,99.38265,0.396995583779145,0.396995583779145,1.50472330251876,1.50472330251876,5.316,5.316,5.77453880717814,5.77453880717814,26.5120831814718,26.5120831814718,109.21,110.27,-4.833333333333333,-4.133333333333334,0.2889271481610223,0.166973416435019,0.33095125324833496,0.7439240433377305,1.3238050129933399,0.0,0.059899999999999995,0.016461666666671704,-1.0433333333333081,-2.8
2014-04-01,698438.8,0.0633183580296403,99.38714666666664,4.733333333333333,98.77577,0.1925666666666666,109.7,-9.566666666666668,0.1879103074766241,-0.4880465288025881,2.18018602168017,0.906794000434245,4.979,6.53898347110207,27.389383046964,100.01783111111112,0,0,2,1.069225278201813,0.170859113121935,0.4069951832001095,1.2744532347525706,0.1568626664870009,0.0628160485607765,0.0974189402097813,0.9466282507863966,4.8,4.8,0.1815666666666666,0.1216666666666666,100.0797288888889,100.06326722222222,2.18018602168017,0.396995583779145,0.906794000434245,1.50472330251876,4.979,5.316,6.53898347110207,5.77453880717814,27.389383046964,26.5120831814718,108.16666666666669,109.21,-7.633333333333333,-4.833333333333333,0.620042195661874,0.6352408073165351,0.730383202319107,0.525507110602793,2.921532809276428,-0.06666666666666643,0.01100000000000001,-0.061897777777772944,1.5333333333333172,-1.9333333333333353
2014-07-01,701680.9,0.4631183740468003,99.82251,4.7,98.74355,0.0226,101.82333333333334,-10.8,0.4370912873886468,-0.032624656955793,2.18018602168017,0.906794000434245,4.979,6.53898347110207,27.389383046964,100.06473055555556,0,0,3,0.0633183580296403,1.069225278201813,0.170859113121935,0.4069951832001095,0.1879103074766241,0.1568626664870009,-0.4880465288025881,0.0974189402097813,4.733333333333333,4.8,0.1925666666666666,0.1815666666666666,100.01783111111112,100.0797288888889,2.18018602168017,2.18018602168017,0.906794000434245,0.906794000434245,4.979,4.979,6.53898347110207,6.53898347110207,27.389383046964,27.389383046964,109.7,108.16666666666669,-9.566666666666668,-7.633333333333333,0.5662718181157267,0.7112836044962185,0.4275994831383745,0.4511926985865359,1.710397932553498,-0.033333333333333215,-0.1699666666666666,0.046899444444434835,-7.876666666666665,-1.2333333333333325
2014-10-01,707575.5,0.83655953265378,99.54263,4.633333333333333,99.93557,-0.0153999999999999,76.40333333333334,-11.1,-0.2807714366351632,1.199959314532606,2.18018602168017,0.906794000434245,4.979,6.53898347110207,27.389383046964,99.87086422619048,0,0,4,0.4631183740468003,0.0633183580296403,1.069225278201813,0.170859113121935,0.4370912873886468,0.1879103074766241,-0.032624656955793,-0.4880465288025881,4.7,4.733333333333333,0.0226,0.1925666666666666,100.06473055555556,100.01783111111112,2.18018602168017,2.18018602168017,0.906794000434245,0.906794000434245,4.979,4.979,6.53898347110207,6.53898347110207,27.389383046964,27.389383046964,101.82333333333334,109.7,-10.8,-9.566666666666668,0.2632183660382203,0.28270130244422437,0.4416302808500472,0.4512110205033845,1.7665211234001887,-0.06666666666666732,-0.037999999999999895,-0.19386632936507908,-25.42,-0.29999999999999893
2015-01-01,706083.5,-0.2110835150460843,99.14986,4.5,99.29124,-0.0456666666666666,53.91666666666666,-11.866666666666664,-0.3953551657654763,-0.6468328700575121,1.66300602334775,0.514426137125456,4.612,7.41421366167481,27.624739160072,99.75784845238095,0,0,1,0.83655953265378,0.4631183740468003,0.0633183580296403,1.069225278201813,-0.2807714366351632,0.4370912873886468,1.199959314532606,-0.032624656955793,4.633333333333333,4.7,-0.0153999999999999,0.0226,99.87086422619048,100.06473055555556,2.18018602168017,2.18018602168017,0.906794000434245,0.906794000434245,4.979,4.979,6.53898347110207,6.53898347110207,27.389383046964,27.389383046964,76.40333333333334,101.82333333333334,-11.1,-10.8,0.6498389533502902,0.2640627756251566,0.6080553857330084,0.4406952770291165,2.4322215429320337,-0.13333333333333286,-0.0302666666666667,-0.1130157738095221,-22.48666666666668,-0.7666666666666639
2015-04-01,710504.4,0.6241637885596063,100.35003333333334,4.4,100.5155,-0.0996,61.693333333333335,-10.766666666666666,1.2031964450237354,1.2254594825730436,1.66300602334775,0.514426137125456,4.612,7.41421366167481,27.624739160072,99.90338857142858,0,0,2,-0.2110835150460843,0.83655953265378,0.4631183740468003,0.0633183580296403,-0.3953551657654763,-0.2807714366351632,-0.6468328700575121,1.199959314532606,4.5,4.633333333333333,-0.0456666666666666,-0.0153999999999999,99.75784845238095,99.87086422619048,1.66300602334775,2.18018602168017,0.514426137125456,0.906794000434245,4.612,4.979,7.41421366167481,6.53898347110207,27.624739160072,27.389383046964,53.91666666666666,76.40333333333334,-11.866666666666664,-11.1,0.31273800880384783,0.7407955032915159,0.2879781874210341,0.4586757021106993,1.1519127496841364,-0.09999999999999964,-0.053933333333333396,0.14554011904762376,7.776666666666678,1.0999999999999979
2015-07-01,714041.1,0.496538336816954,100.5501,4.3,100.3544,-0.1249,50.23333333333333,-9.2,0.1991703335223249,-0.1604023644568464,1.66300602334775,0.514426137125456,4.612,7.41421366167481,27.624739160072,100.16189194444443,0,0,3,0.6241637885596063,-0.2110835150460843,0.83655953265378,0.4631183740468003,1.2031964450237354,-0.3953551657654763,1.2254594825730436,-0.6468328700575121,4.4,4.5,-0.0996,-0.0456666666666666,99.90338857142858,99.75784845238095,1.66300602334775,1.66300602334775,0.514426137125456,0.514426137125456,4.612,4.612,7.41421366167481,7.41421366167481,27.624739160072,27.624739160072,61.693333333333335,53.91666666666666,-10.766666666666666,-11.866666666666664,0.20654013675676097,0.5906090323473631,0.4281895450535256,0.45279208597117215,1.7127581802141023,-0.10000000000000053,-0.025300000000000003,0.2585033730158557,-11.460000000000008,1.5666666666666664
2015-10-01,717798.8,0.5248783229134801,99.94998,4.2,99.83892,-0.1575333333333333,43.57,-6.1000000000000005,-0.5986249901912544,-0.5149833563318218,1.66300602334775,0.514426137125456,4.612,7.41421366167481,27.624739160072,81.48291701111111,0,0,4,0.496538336816954,0.6241637885596063,-0.2110835150460843,0.83655953265378,0.1991703335223249,1.2031964450237354,-0.1604023644568464,1.2254594825730436,4.3,4.4,-0.1249,-0.0996,100.16189194444443,99.90338857142858,1.66300602334775,1.66300602334775,0.514426137125456,0.514426137125456,4.612,4.612,7.41421366167481,7.41421366167481,27.624739160072,27.624739160072,50.23333333333333,61.693333333333335,-9.2,-10.766666666666666,0.5603510626882802,0.09024482237922689,0.436544535746064,0.45395826905020153,1.746178142984256,-0.09999999999999964,-0.032633333333333306,-18.678974933333322,-6.663333333333327,3.0999999999999988
2016-01-01,723988.4,0.8586063220672457,99.44991666666664,4.066666666666666,100.9021,-0.2556,33.696666666666665,-4.0,-0.5015693488722661,1.0592652573892636,2.22222216259371,0.491747008445174,4.104,7.2650936871129,28.6547979791762,85.38108664285716,0,0,1,0.5248783229134801,0.496538336816954,0.6241637885596063,-0.2110835150460843,-0.5986249901912544,0.1991703335223249,-0.5149833563318218,-0.1604023644568464,4.2,4.3,-0.1575333333333333,-0.1249,81.48291701111111,100.16189194444443,1.66300602334775,1.66300602334775,0.514426137125456,0.514426137125456,4.612,4.612,7.41421366167481,7.41421366167481,27.624739160072,27.624739160072,43.57,50.23333333333333,-6.1000000000000005,-9.2,0.5107083298652171,0.0200393963475905,0.358624233310989,0.3837268543270198,1.434496933243956,-0.13333333333333375,-0.09806666666666669,3.8981696317460433,-9.873333333333335,2.1000000000000005
2016-04-01,726051.4,0.2845441058831,100.48343333333332,4.0,100.5155,-0.3361,45.52333333333333,-1.2,1.0338704099108753,-0.3838795366005954,2.22222216259371,0.491747008445174,4.104,7.2650936871129,28.6547979791762,80.87824883095239,0,0,2,0.8586063220672457,0.5248783229134801,0.496538336816954,0.6241637885596063,-0.5015693488722661,-0.5986249901912544,1.0592652573892636,-0.5149833563318218,4.066666666666666,4.2,-0.2556,-0.1575333333333333,85.38108664285716,81.48291701111111,2.22222216259371,1.66300602334775,0.491747008445174,0.514426137125456,4.104,4.612,7.2650936871129,7.41421366167481,28.6547979791762,27.624739160072,33.696666666666665,43.57,-4.0,-6.1000000000000005,0.6917423224903629,0.23598133127344642,0.6260466925893216,0.16441307716462913,2.504186770357286,-0.06666666666666643,-0.08050000000000002,-4.502837811904769,11.826666666666668,2.8
2016-07-01,728998.7,0.4051137525577175,101.05016666666668,3.8666666666666663,100.8698,-0.3368666666666666,45.78666666666667,2.4,0.5624221740052171,0.3518631851899378,2.22222216259371,0.491747008445174,4.104,7.2650936871129,28.6547979791762,84.29938473809524,0,0,3,0.2845441058831,0.8586063220672457,0.5248783229134801,0.496538336816954,1.0338704099108753,-0.5015693488722661,-0.3838795366005954,1.0592652573892636,4.0,4.066666666666666,-0.3361,-0.2556,80.87824883095239,85.38108664285716,2.22222216259371,2.22222216259371,0.491747008445174,0.491747008445174,4.104,4.104,7.2650936871129,7.2650936871129,28.6547979791762,28.6547979791762,45.52333333333333,33.696666666666665,-1.2,-4.0,0.5715752139751729,0.4059232858867875,0.541141771920195,0.23726221009139475,2.16456708768078,-0.13333333333333375,-0.0007666666666665822,3.4211359071428546,0.2633333333333354,3.5999999999999996
2016-10-01,732314.3,0.4537844650087663,100.98353333333334,3.7000000000000006,100.9665,-0.3485666666666667,49.18666666666667,3.233333333333333,-0.0659625951010767,0.0958202339210956,2.22222216259371,0.491747008445174,4.104,7.2650936871129,28.6547979791762,96.93566044444444,0,0,4,0.4051137525577175,0.2845441058831,0.8586063220672457,0.5248783229134801,0.5624221740052171,1.0338704099108753,0.3518631851899378,-0.3838795366005954,3.8666666666666663,4.0,-0.3368666666666666,-0.3361,84.29938473809524,80.87824883095239,2.22222216259371,2.22222216259371,0.491747008445174,0.491747008445174,4.104,4.104,7.2650936871129,7.2650936871129,28.6547979791762,28.6547979791762,45.78666666666667,45.52333333333333,2.4,-1.2,0.34482892922040875,0.08525561476888906,0.5182856258553858,0.24718725087760585,2.0731425034215434,-0.16666666666666563,-0.0117000000000001,12.636275706349196,3.3999999999999986,0.833333333333333
2017-01-01,741708.8,1.2746919915016974,101.08353333333332,3.633333333333333,101.4497,-0.3525999999999999,53.68,6.166666666666667,0.0989770473866613,0.4774330491802203,2.797906720551,1.50949485109628,3.781,6.95107572207338,28.6566319463924,91.23531416060604,0,0,1,0.4537844650087663,0.4051137525577175,0.2845441058831,0.8586063220672457,-0.0659625951010767,0.5624221740052171,0.0958202339210956,0.3518631851899378,3.7000000000000006,3.8666666666666663,-0.3485666666666667,-0.3368666666666666,96.93566044444444,84.29938473809524,2.22222216259371,2.22222216259371,0.491747008445174,0.491747008445174,4.104,4.104,7.2650936871129,7.2650936871129,28.6547979791762,28.6547979791762,49.18666666666667,45.78666666666667,3.233333333333333,2.4,0.4294491087832419,0.03441539081931936,0.5005121613792074,0.24910370191776432,2.0020486455168296,-0.06666666666666776,-0.004033333333333222,-5.7003462838384,4.493333333333332,2.933333333333334
2017-04-01,747308.8,0.752177328543091,101.917,3.5666666666666664,103.4472,-0.3581666666666667,49.67,11.4,0.8211518820143482,1.949822846397531,2.797906720551,1.50949485109628,3.781,6.95107572207338,28.6566319463924,92.6219512902098,0,0,2,1.2746919915016974,0.4537844650087663,0.4051137525577175,0.2845441058831,0.0989770473866613,-0.0659625951010767,0.4774330491802203,0.0958202339210956,3.633333333333333,3.7000000000000006,-0.3525999999999999,-0.3485666666666667,91.23531416060604,96.93566044444444,2.797906720551,2.22222216259371,1.50949485109628,0.491747008445174,3.781,4.104,6.95107572207338,7.2650936871129,28.6566319463924,28.6547979791762,53.68,49.18666666666667,6.166666666666667,3.233333333333333,0.8642382282552319,0.5804692787102271,0.6045335787378203,0.4524006790813652,2.4181343149512813,-0.06666666666666643,-0.005566666666666775,1.3866371296037556,-4.009999999999998,5.233333333333333
2017-07-01,753645.7,0.8443877081159457,102.6171,3.466666666666667,105.1546,-0.3577999999999999,52.10999999999999,12.1,0.6845828976214108,1.6370310610198224,2.797906720551,1.50949485109628,3.781,6.95107572207338,28.6566319463924,93.61603003571427,0,0,3,0.752177328543091,1.2746919915016974,0.4537844650087663,0.4051137525577175,0.8211518820143482,0.0989770473866613,1.949822846397531,0.4774330491802203,3.5666666666666664,3.633333333333333,-0.3581666666666667,-0.3525999999999999,92.6219512902098,91.23531416060604,2.797906720551,2.797906720551,1.50949485109628,1.50949485109628,3.781,3.781,6.95107572207338,6.95107572207338,28.6566319463924,28.6566319463924,49.67,53.68,11.4,6.166666666666667,1.0134346600223942,0.36947366144743404,0.7214418844028181,0.39947228927036504,2.8857675376112724,-0.09999999999999964,0.0003666666666667928,0.9940787455044813,2.4399999999999906,0.6999999999999993
2017-10-01,761529.9,1.0407072499688752,102.41706666666666,3.4,105.8956,-0.3501666666666667,61.53,11.766666666666666,-0.1951220131262587,0.7022054893518259,2.797906720551,1.50949485109628,3.781,6.95107572207338,28.6566319463924,94.39282517216115,0,0,4,0.8443877081159457,0.752177328543091,1.2746919915016974,0.4537844650087663,0.6845828976214108,0.8211518820143482,1.6370310610198224,1.949822846397531,3.466666666666667,3.5666666666666664,-0.3577999999999999,-0.3581666666666667,93.61603003571427,92.6219512902098,2.797906720551,2.797906720551,1.50949485109628,1.50949485109628,3.781,3.781,6.95107572207338,6.95107572207338,28.6566319463924,28.6566319463924,52.10999999999999,49.67,12.1,11.4,0.7982825183295184,0.06520258469175184,0.8312603732923751,0.33938479451730674,3.3250414931695005,-0.06666666666666687,0.007633333333333214,0.7767951364468786,9.420000000000009,-0.3333333333333339
2018-01-01,757679.8,-0.5068567219572273,102.4171,3.2999999999999994,105.3157,-0.3636666666666666,66.80666666666666,14.6,3.254665363883191e-05,-0.5491197271688897,1.13569604599849,1.73216879766941,3.384,5.86855676857803,30.0075324734044,89.20174440793652,0,0,1,1.0407072499688752,0.8443877081159457,0.752177328543091,1.2746919915016974,-0.1951220131262587,0.6845828976214108,0.7022054893518259,1.6370310610198224,3.4,3.466666666666667,-0.3501666666666667,-0.3577999999999999,94.39282517216115,93.61603003571427,2.797906720551,2.797906720551,1.50949485109628,1.50949485109628,3.781,3.781,6.95107572207338,6.95107572207338,28.6566319463924,28.6566319463924,61.53,52.10999999999999,11.766666666666666,12.1,0.9425474790424104,0.13881887932364312,0.9779910695324023,0.23152138863564822,3.9119642781296093,-0.10000000000000053,-0.013499999999999901,-5.191080764224637,5.276666666666657,2.833333333333334
2018-04-01,762837.6,0.6784295639119975,103.68393333333334,3.2000000000000006,106.0889,-0.3633333333333333,74.5,17.03333333333333,1.2293478275900327,0.7314916020706441,1.13569604599849,1.73216879766941,3.384,5.86855676857803,30.0075324734044,91.23067188888888,0,0,2,-0.5068567219572273,1.0407072499688752,0.8443877081159457,0.752177328543091,3.254665363883191e-05,-0.1951220131262587,-0.5491197271688897,0.7022054893518259,3.2999999999999994,3.4,-0.3636666666666666,-0.3501666666666667,89.20174440793652,94.39282517216115,1.13569604599849,2.797906720551,1.73216879766941,1.50949485109628,3.384,3.781,5.86855676857803,6.95107572207338,30.0075324734044,28.6566319463924,66.80666666666666,61.53,14.6,11.766666666666666,0.26692526400582395,1.094292978868935,0.5326038911676712,0.7033417927709471,2.1304155646706846,-0.09999999999999876,0.0003333333333332966,2.028927480952362,7.693333333333342,2.433333333333332
2018-07-01,759521.8,-0.4356139875209663,104.55076666666666,3.1666666666666665,105.1224,-0.3617999999999999,75.22333333333334,19.4,0.8325589735098227,-0.9152036336521618,1.13569604599849,1.73216879766941,3.384,5.86855676857803,30.0075324734044,92.15861809500916,0,0,3,0.6784295639119975,-0.5068567219572273,1.0407072499688752,0.8443877081159457,1.2293478275900327,3.254665363883191e-05,0.7314916020706441,-0.5491197271688897,3.2000000000000006,3.2999999999999994,-0.3633333333333333,-0.3636666666666666,91.23067188888888,89.20174440793652,1.13569604599849,1.13569604599849,1.73216879766941,1.73216879766941,3.384,3.384,5.86855676857803,5.86855676857803,30.0075324734044,30.0075324734044,74.5,66.80666666666666,17.03333333333333,14.6,0.08578642097738509,0.8381239703855456,0.5141669500098978,0.6966017469612047,2.056667800039591,-0.0333333333333341,0.0015333333333333865,0.9279462061202821,0.7233333333333434,2.366666666666667
2018-10-01,762469.1,0.3872958352216571,104.45076666666668,3.1,103.576,-0.3626,67.71333333333332,20.23333333333333,-0.0956930851521598,-1.4819742769557998,1.13569604599849,1.73216879766941,3.384,5.86855676857803,30.0075324734044,94.0769964672619,0,0,4,-0.4356139875209663,0.6784295639119975,-0.5068567219572273,1.0407072499688752,0.8325589735098227,1.2293478275900327,-0.9152036336521618,0.7314916020706441,3.1666666666666665,3.2000000000000006,-0.3617999999999999,-0.3633333333333333,92.15861809500916,91.23067188888888,1.13569604599849,1.13569604599849,1.73216879766941,1.73216879766941,3.384,3.384,5.86855676857803,5.86855676857803,30.0075324734044,30.0075324734044,75.22333333333334,74.5,19.4,17.03333333333333,0.12140778819551559,0.7877477497553932,0.19416652610066976,0.782985520643632,0.776666104402679,-0.06666666666666643,-0.0008000000000000784,1.9183783722527465,-7.510000000000019,0.8333333333333321
2019-01-01,767921.6,0.7125661533221361,103.8173,3.0,103.3827,-0.3673,63.17,17.733333333333334,-0.6083204499631734,-0.1868006092125895,0.977734697038784,1.44565976888253,3.163,5.60724624570291,29.2651262058024,100.6401665490196,0,0,1,0.3872958352216571,-0.4356139875209663,0.6784295639119975,-0.5068567219572273,-0.0956930851521598,0.8325589735098227,-1.4819742769557998,-0.9152036336521618,3.1,3.1666666666666665,-0.3626,-0.3617999999999999,94.0769964672619,92.15861809500916,1.13569604599849,1.13569604599849,1.73216879766941,1.73216879766941,3.384,3.384,5.86855676857803,5.86855676857803,30.0075324734044,30.0075324734044,67.71333333333332,75.22333333333334,20.23333333333333,19.4,-0.024159076149654596,0.5818851159663291,0.030813672413865248,0.5924891251481592,0.12325468965546099,-0.10000000000000009,-0.0047000000000000375,6.56317008175769,-4.543333333333322,-2.4999999999999964
2019-04-01,767921.6,0.0,105.4509,2.9,102.2874,-0.3650666666666666,68.92333333333333,18.3,1.561281822789251,-1.0651138447761888,0.977734697038784,1.44565976888253,3.163,5.60724624570291,29.2651262058024,100.46920015873016,0,0,2,0.7125661533221361,0.3872958352216571,-0.4356139875209663,0.6784295639119975,-0.6083204499631734,-0.0956930851521598,-0.1868006092125895,-1.4819742769557998,3.0,3.1,-0.3673,-0.3626,100.6401665490196,94.0769964672619,0.977734697038784,1.13569604599849,1.44565976888253,1.73216879766941,3.163,3.384,5.60724624570291,5.86855676857803,29.2651262058024,30.0075324734044,63.17,67.71333333333332,17.733333333333334,20.23333333333333,0.5499309942718966,0.23000084764755485,0.3356693912337061,0.5345025866196413,1.3426775649348244,-0.10000000000000009,0.0022333333333334204,-0.17096639028943628,5.75333333333333,0.5666666666666664
2019-07-01,772121.5,0.5454276457513174,106.08436666666668,2.9,101.1276,-0.3770666666666666,61.93,15.6,0.5989247752798299,-1.1403412414301428,0.977734697038784,1.44565976888253,3.163,5.60724624570291,29.2651262058024,100.43927942307693,0,0,3,0.0,0.7125661533221361,0.3872958352216571,-0.4356139875209663,1.561281822789251,-0.6083204499631734,-1.0651138447761888,-0.1868006092125895,2.9,3.0,-0.3650666666666666,-0.3673,100.46920015873016,100.6401665490196,0.977734697038784,0.977734697038784,1.44565976888253,1.44565976888253,3.163,3.163,5.60724624570291,5.60724624570291,29.2651262058024,29.2651262058024,68.92333333333333,63.17,18.3,17.733333333333334,0.35628307666106807,0.5038603590580959,0.16606200025570672,0.49571557074884537,0.6642480010228269,0.0,-0.01200000000000001,-0.029920735653234942,-6.993333333333332,-2.700000000000001
2019-10-01,768511.1,-0.4686914465118263,105.75096666666668,3.0,99.45232,-0.5429829259333333,63.41,13.4,-0.3147730551241956,-1.6704752468595707,0.977734697038784,1.44565976888253,3.163,5.60724624570291,29.2651262058024,100.43678535714288,0,0,4,0.5454276457513174,0.0,0.7125661533221361,0.3872958352216571,0.5989247752798299,1.561281822789251,-1.1403412414301428,-1.0651138447761888,2.9,2.9,-0.3770666666666666,-0.3650666666666666,100.43927942307693,100.46920015873016,0.977734697038784,0.977734697038784,1.44565976888253,1.44565976888253,3.163,3.163,5.60724624570291,5.60724624570291,29.2651262058024,29.2651262058024,61.93,68.92333333333333,15.6,18.3,0.2727138228756587,0.385675586957371,0.41132240857377766,0.30468311867164505,1.6452896342951107,0.10000000000000009,-0.1659162592666667,-0.0024940659340444427,1.4799999999999969,-2.1999999999999993
2020-01-01,754088.2,-1.894566930177355,105.49866666666668,3.3000000000000003,97.93814,-0.5370911666666667,50.44,11.9,-0.2388644334947898,-1.534227845883951,-4.13191443239947,0.144877925813981,3.881,5.30608104975194,28.0207954478952,99.31548506878306,1,0,1,-0.4686914465118263,0.5454276457513174,0.0,0.7125661533221361,-0.3147730551241956,0.5989247752798299,-1.6704752468595707,-1.1403412414301428,3.0,2.9,-0.5429829259333333,-0.3770666666666666,100.43678535714288,100.43927942307693,0.977734697038784,0.977734697038784,1.44565976888253,1.44565976888253,3.163,3.163,5.60724624570291,5.60724624570291,29.2651262058024,29.2651262058024,63.41,61.93,13.4,15.6,0.03836809961974555,0.7170904870700152,0.1973255881404068,0.5382576708552795,0.7893023525616272,0.30000000000000027,0.00589175926666663,-1.1213002883598193,-12.969999999999999,-1.5
2020-04-01,686666.8,-9.36601700038473,105.88523333333336,3.6666666666666665,80.15464,-0.5400418333333333,29.343333333333334,0.2333333333333333,0.3657488556119581,-20.037828604128105,-4.13191443239947,0.144877925813981,3.881,5.30608104975194,28.0207954478952,96.25956784313723,1,1,2,-1.894566930177355,-0.4686914465118263,0.5454276457513174,0.0,-0.2388644334947898,-0.3147730551241956,-1.534227845883951,-1.6704752468595707,3.3000000000000003,3.0,-0.5370911666666667,-0.5429829259333333,99.31548506878306,100.43678535714288,-4.13191443239947,0.977734697038784,0.144877925813981,1.44565976888253,3.881,3.163,5.30608104975194,5.60724624570291,28.0207954478952,29.2651262058024,50.44,63.41,11.9,13.4,-1.1816291883445906,1.0082462236275436,-0.45445768273446596,1.0456927050396305,-1.8178307309378638,0.36666666666666625,-0.002950666666666657,-3.0559172256458282,-21.096666666666664,-11.666666666666668
2020-07-01,747014.5,8.423542863141442,105.1121,3.8333333333333335,91.65593,-0.5515253328333333,42.96333333333333,0.9333333333333332,-0.7328403456499544,13.408390603235889,-4.13191443239947,0.144877925813981,3.881,5.30608104975194,28.0207954478952,99.17125975045788,0,0,3,-9.36601700038473,-1.894566930177355,-0.4686914465118263,0.5454276457513174,0.3657488556119581,-0.2388644334947898,-20.037828604128105,-1.534227845883951,3.6666666666666665,3.3000000000000003,-0.5400418333333333,-0.5370911666666667,96.25956784313723,99.31548506878306,-4.13191443239947,-4.13191443239947,0.144877925813981,0.144877925813981,3.881,3.881,5.30608104975194,5.30608104975194,28.0207954478952,28.0207954478952,29.343333333333334,50.44,0.2333333333333333,11.9,-5.630291965281042,5.283113009940341,-2.7959619328306484,4.492928101429631,-11.183847731322594,0.16666666666666696,-0.011483499499999938,2.9116919073206446,13.619999999999997,0.7
2020-10-01,753277.7,0.8349355392017088,105.21753333333334,3.8,97.48711,-0.5557353968333333,44.29,1.2666666666666666,0.1002553377699833,6.167848926992825,-4.13191443239947,0.144877925813981,3.881,5.30608104975194,28.0207954478952,100.47385164206165,0,0,4,8.423542863141442,-9.36601700038473,-1.894566930177355,-0.4686914465118263,-0.7328403456499544,0.3657488556119581,13.408390603235889,-20.037828604128105,3.8333333333333335,3.6666666666666665,-0.5515253328333333,-0.5400418333333333,99.17125975045788,96.25956784313723,-4.13191443239947,-4.13191443239947,0.144877925813981,0.144877925813981,3.881,3.881,5.30608104975194,5.30608104975194,28.0207954478952,28.0207954478952,42.96333333333333,29.343333333333334,0.9333333333333332,0.2333333333333333,-0.47123706862164383,12.57911841382339,-0.8264331284831172,7.2973839486082115,-3.305732513932469,-0.03333333333333366,-0.004210064000000013,1.3025918916037682,1.326666666666668,0.33333333333333337
2021-01-01,749703.9,-0.4755622737368625,107.0801,3.9,97.74484,-0.5643506739,60.82,1.2,1.754719944999561,0.2640245612640868,3.90999994204108,3.06666666666673,3.594,5.12014099730063,29.5132406376345,101.45694687179488,0,0,1,0.8349355392017088,8.423542863141442,-9.36601700038473,-1.894566930177355,0.1002553377699833,-0.7328403456499544,6.167848926992825,13.408390603235889,3.8,3.8333333333333335,-0.5557353968333333,-0.5515253328333333,100.47385164206165,99.17125975045788,-4.13191443239947,-4.13191443239947,0.144877925813981,0.144877925813981,3.881,3.881,5.30608104975194,5.30608104975194,28.0207954478952,28.0207954478952,44.29,42.96333333333333,1.2666666666666666,0.9333333333333332,4.6292392011715755,5.365955698519685,-0.5005263820547334,7.347624182679491,-2.0021055282189337,0.10000000000000009,-0.00861527706666676,0.9830952297332374,16.53,-0.06666666666666665
2021-04-01,766650.6,2.235282793148308,108.20466666666664,3.7,96.64948,-0.5649625332,68.83333333333333,4.1000000000000005,1.0447342955544947,-1.1269584346474737,3.90999994204108,3.06666666666673,3.594,5.12014099730063,29.5132406376345,102.66494962962965,0,0,2,-0.4755622737368625,0.8349355392017088,8.423542863141442,-9.36601700038473,1.754719944999561,0.1002553377699833,0.2640245612640868,6.167848926992825,3.9,3.8,-0.5643506739,-0.5557353968333333,101.45694687179488,100.47385164206165,3.90999994204108,-4.13191443239947,3.06666666666673,0.144877925813981,3.594,3.881,5.12014099730063,5.30608104975194,29.5132406376345,28.0207954478952,60.82,44.29,1.2,1.2666666666666666,0.17968663273242316,0.9266618902590035,-0.14577521794461035,7.291927591358212,-0.5831008717784414,-0.19999999999999973,-0.0006118592999999617,1.2080027578347625,8.013333333333328,2.9000000000000004
2021-07-01,767976.9,0.1728498062515626,109.1887,3.4333333333333336,93.52448,-0.5679942424000001,73.47,7.266666666666667,0.9053082614444818,-3.2867605193834137,3.90999994204108,3.06666666666673,3.594,5.12014099730063,29.5132406376345,103.02022032828285,0,0,3,2.235282793148308,-0.4755622737368625,0.8349355392017088,8.423542863141442,1.0447342955544947,1.754719944999561,-1.1269584346474737,0.2640245612640868,3.7,3.9,-0.5649625332,-0.5643506739,102.66494962962965,101.45694687179488,3.90999994204108,3.90999994204108,3.06666666666673,3.06666666666673,3.594,3.594,5.12014099730063,5.12014099730063,29.5132406376345,29.5132406376345,68.83333333333333,60.82,4.1000000000000005,1.2,0.8798602597057228,1.9168569295406042,2.754549730438649,3.938090209459034,11.018198921754596,-0.2666666666666666,-0.0030317092000000656,0.35527069865320016,4.63666666666667,3.166666666666666
2021-10-01,771587.2,0.4690037417489634,110.17266666666669,3.3666666666666667,96.32732,-0.5733407679,79.58666666666666,11.2,0.8971253972610782,2.9528755142590235,3.90999994204108,3.06666666666673,3.594,5.12014099730063,29.5132406376345,102.39595381313131,0,0,4,0.1728498062515626,2.235282793148308,-0.4755622737368625,0.8349355392017088,0.9053082614444818,1.0447342955544947,-3.2867605193834137,-1.1269584346474737,3.4333333333333336,3.7,-0.5679942424000001,-0.5649625332,103.02022032828285,102.66494962962965,3.90999994204108,3.90999994204108,3.06666666666673,3.06666666666673,3.594,3.594,5.12014099730063,5.12014099730063,29.5132406376345,29.5132406376345,73.47,68.83333333333333,7.266666666666667,4.1000000000000005,1.2040662996999354,1.4583603507775147,0.6918764662161793,1.1597227935552472,2.767505864864717,-0.06666666666666687,-0.005346525499999921,-0.6242665151515325,6.11666666666666,3.9333333333333327
2022-01-01,777555.7,0.7705589370951671,112.21096666666666,3.233333333333333,95.77964,-0.5778339192666667,100.29666666666668,10.0,1.833189836377347,-0.5701839056739821,1.8092581243061,6.87257438551096,3.137,2.47105447198695,27.0261056294321,102.256054,0,0,1,0.4690037417489634,0.1728498062515626,2.235282793148308,-0.4755622737368625,0.8971253972610782,0.9053082614444818,2.9528755142590235,-3.2867605193834137,3.3666666666666667,3.4333333333333336,-0.5733407679,-0.5679942424000001,102.39595381313131,103.02022032828285,3.90999994204108,3.90999994204108,3.06666666666673,3.06666666666673,3.594,3.594,5.12014099730063,5.12014099730063,29.5132406376345,29.5132406376345,79.58666666666666,73.47,11.2,7.266666666666667,0.32092677400026304,0.2094124560652955,0.6003935168529929,1.1591089546897608,2.4015740674119717,-0.13333333333333375,-0.0044931513666667255,-0.13989981313130784,20.710000000000022,-1.1999999999999993
2022-04-01,778513.5,0.1231050805403199,115.40896666666669,3.1,94.97423,-0.5836909409666666,113.54333333333334,5.8,2.810132136716348,-0.8444544649769625,1.8092581243061,6.87257438551096,3.137,2.47105447198695,27.0261056294321,101.95987296296296,0,0,2,0.7705589370951671,0.4690037417489634,0.1728498062515626,2.235282793148308,1.833189836377347,0.8971253972610782,-0.5701839056739821,2.9528755142590235,3.233333333333333,3.3666666666666667,-0.5778339192666667,-0.5733407679,102.256054,102.39595381313131,1.8092581243061,3.90999994204108,6.87257438551096,3.06666666666673,3.137,3.594,2.47105447198695,5.12014099730063,27.0261056294321,29.5132406376345,100.29666666666668,79.58666666666666,10.0,11.2,0.6197813394220653,0.21323172353133454,0.9119238195610003,0.91536360634212,3.6476952782440013,-0.13333333333333286,-0.005857021699999909,-0.29618103703704435,13.246666666666655,-4.2
2022-07-01,781018.7,0.3212761050852109,117.2715,3.1,95.5219,-0.1370441229,100.71333333333332,0.0999999999999999,1.6009707579844878,0.5749948924603565,1.8092581243061,6.87257438551096,3.137,2.47105447198695,27.0261056294321,101.1952259090909,0,0,3,0.1231050805403199,0.7705589370951671,0.4690037417489634,0.1728498062515626,2.810132136716348,1.833189836377347,-0.8444544649769625,-0.5701839056739821,3.1,3.233333333333333,-0.5836909409666666,-0.5778339192666667,101.95987296296296,102.256054,1.8092581243061,1.8092581243061,6.87257438551096,6.87257438551096,3.137,3.137,2.47105447198695,2.47105447198695,27.0261056294321,27.0261056294321,113.54333333333334,100.29666666666668,5.8,10.0,0.4468320088177435,0.4578190124753146,0.3838793914090033,0.29961305773369284,1.5355175656360132,0.0,0.4466468180666666,-0.7646470538720678,-12.830000000000013,-5.7
2022-10-01,778439.9,-0.3307304664110333,119.62606666666666,3.1,95.32861,1.1419876262666666,88.55666666666667,-2.8000000000000003,1.9879007100800368,-0.2025565098963788,1.8092581243061,6.87257438551096,3.137,2.47105447198695,27.0261056294321,100.6105474048174,0,0,4,0.3212761050852109,0.1231050805403199,0.7705589370951671,0.4690037417489634,1.6009707579844878,2.810132136716348,0.5749948924603565,-0.8444544649769625,3.1,3.1,-0.1370441229,-0.5836909409666666,101.1952259090909,101.95987296296296,1.8092581243061,1.8092581243061,6.87257438551096,6.87257438551096,3.137,3.137,2.47105447198695,2.47105447198695,27.0261056294321,27.0261056294321,100.71333333333332,113.54333333333334,0.0999999999999999,5.8,0.22219059281276538,0.14012807529037788,0.42098596611741534,0.2727526640224637,1.6839438644696614,0.0,1.2790317491666667,-0.5846785042734979,-12.156666666666652,-2.9000000000000004
2023-01-01,773153.2,-0.681457072578695,121.45353333333333,3.033333333333333,96.55283,2.203439243733333,81.17333333333333,-3.8333333333333335,1.5160981443056445,1.276034421287786,-0.869647578573321,5.94643667725823,3.071,3.97197646060612,27.603985079805,98.32985865682237,0,0,1,-0.3307304664110333,0.3212761050852109,0.1231050805403199,0.7705589370951671,1.9879007100800368,1.6009707579844878,-0.2025565098963788,0.5749948924603565,3.1,3.1,1.1419876262666666,-0.1370441229,100.6105474048174,101.1952259090909,1.8092581243061,1.8092581243061,6.87257438551096,6.87257438551096,3.137,3.137,2.47105447198695,2.47105447198695,27.0261056294321,27.0261056294321,88.55666666666667,100.71333333333332,-2.8000000000000003,0.0999999999999999,-0.004727180662911223,0.4610382680831857,0.22105241407741613,0.4568224434159018,0.8842096563096645,-0.06666666666666687,1.0614516174666664,-2.280688747995029,-7.38333333333334,-1.0333333333333332
2023-04-01,772342.6,-0.1048983859199381,122.96466666666667,3.0,94.87758,3.049993552166667,78.31666666666666,-8.733333333333333,1.2365303301741903,-1.7502890660716195,-0.869647578573321,5.94643667725823,3.071,3.97197646060612,27.603985079805,97.9567539890873,0,0,2,-0.681457072578695,-0.3307304664110333,0.3212761050852109,0.1231050805403199,1.5160981443056445,1.9879007100800368,1.276034421287786,-0.2025565098963788,3.033333333333333,3.1,2.203439243733333,1.1419876262666666,98.32985865682237,100.6105474048174,-0.869647578573321,1.8092581243061,5.94643667725823,6.87257438551096,3.071,3.137,3.97197646060612,2.47105447198695,27.603985079805,27.0261056294321,81.17333333333333,88.55666666666667,-3.8333333333333335,-2.8000000000000003,-0.5060937694948642,0.24800116156369703,-0.1419515883410494,0.45149328751132134,-0.5678063533641976,-0.033333333333333215,0.8465543084333338,-0.37310466773506334,-2.856666666666669,-4.899999999999999
2023-07-01,773521.5,0.1525231394587933,123.84319999999998,3.0666666666666664,92.46134,3.575383919933333,86.66000000000001,-16.866666666666667,0.7119198068950006,-2.57968178132586,-0.869647578573321,5.94643667725823,3.071,3.97197646060612,27.603985079805,91.8095999849729,0,0,3,-0.1048983859199381,-0.681457072578695,-0.3307304664110333,0.3212761050852109,1.2365303301741903,1.5160981443056445,-1.7502890660716195,1.276034421287786,3.0,3.033333333333333,3.049993552166667,2.203439243733333,97.9567539890873,98.32985865682237,-0.869647578573321,-0.869647578573321,5.94643667725823,5.94643667725823,3.071,3.071,3.97197646060612,3.97197646060612,27.603985079805,27.603985079805,78.31666666666666,81.17333333333333,-8.733333333333333,-3.8333333333333335,-0.39317772924931654,0.4076885570884167,-0.19895245495611388,0.4201825289541996,-0.7958098198244555,0.06666666666666643,0.5253903677666663,-6.147154004114398,8.343333333333348,-8.133333333333335
2023-10-01,771163.7,-0.3052792674047566,123.87833333333332,3.1666666666666665,91.23711,3.902415398733333,83.72333333333333,-17.566666666666666,0.0283651833542286,-1.3328888998227484,-0.869647578573321,5.94643667725823,3.071,3.97197646060612,27.603985079805,83.19794743739106,0,0,4,0.1525231394587933,-0.1048983859199381,-0.681457072578695,-0.3307304664110333,0.7119198068950006,1.2365303301741903,-2.57968178132586,-1.7502890660716195,3.0666666666666664,3.0,3.575383919933333,3.049993552166667,91.8095999849729,97.9567539890873,-0.869647578573321,-0.869647578573321,5.94643667725823,5.94643667725823,3.071,3.071,3.97197646060612,3.97197646060612,27.603985079805,27.603985079805,86.66000000000001,78.31666666666666,-16.866666666666667,-8.733333333333333,0.0238123767694276,0.18202450621868554,-0.24114069636271832,0.3537598153407454,-0.9645627854508733,0.10000000000000009,0.32703147879999994,-8.61165254758184,-2.9366666666666816,-0.6999999999999993
2024-01-01,772803.1,0.2123621590968127,124.51093333333334,3.233333333333333,91.52706,3.9062120866,83.00333333333333,-18.7,0.5093628853014565,0.317294405416213,-0.495851897260366,2.2564981433876,3.4,3.77738815468807,27.1419009835217,84.63094404655862,0,0,1,-0.3052792674047566,0.1525231394587933,-0.1048983859199381,-0.681457072578695,0.0283651833542286,0.7119198068950006,-1.3328888998227484,-2.57968178132586,3.1666666666666665,3.0666666666666664,3.902415398733333,3.575383919933333,83.19794743739106,91.8095999849729,-0.869647578573321,-0.869647578573321,5.94643667725823,5.94643667725823,3.071,3.071,3.97197646060612,3.97197646060612,27.603985079805,27.603985079805,83.72333333333333,86.66000000000001,-17.566666666666666,-16.866666666666667,-0.07637806397298164,0.3237151863367388,-0.23477789661114912,0.3518349562721349,-0.9391115864445965,0.06666666666666643,0.0037966878666670922,1.43299660916756,-0.7199999999999989,-1.1333333333333329
2024-04-01,771771.5,-0.1335772520652867,125.77606666666668,3.4,,3.8670910995666663,84.64666666666666,-17.766666666666666,1.0109547106673666,,-0.495851897260366,2.2564981433876,3.4,3.77738815468807,27.1419009835217,86.4205836240908,0,0,2,0.2123621590968127,-0.3052792674047566,0.1525231394587933,-0.1048983859199381,0.5093628853014565,0.0283651833542286,0.317294405416213,-1.3328888998227484,3.233333333333333,3.1666666666666665,3.9062120866,3.902415398733333,84.63094404655862,83.19794743739106,-0.495851897260366,-0.869647578573321,2.2564981433876,5.94643667725823,3.4,3.071,3.77738815468807,3.97197646060612,27.1419009835217,27.603985079805,83.00333333333333,83.72333333333333,-18.7,-17.566666666666666,-0.046458554153971945,0.3660277629023373,-0.011323088692272172,0.2394766848862119,-0.04529235476908869,0.16666666666666696,-0.039120987033333776,1.7896395775321707,1.6433333333333309,0.9333333333333336
2024-07-01,772582.1,0.1049759685139761,126.23293333333334,3.4,,3.6398456619333337,79.84333333333333,-16.133333333333333,0.3625800405385071,,-0.495851897260366,2.2564981433876,3.4,3.77738815468807,27.1419009835217,90.96521569209568,0,0,3,-0.1335772520652867,0.2123621590968127,-0.3052792674047566,0.1525231394587933,1.0109547106673666,0.5093628853014565,,0.317294405416213,3.4,3.233333333333333,3.8670910995666663,3.9062120866,86.4205836240908,84.63094404655862,-0.495851897260366,-0.495851897260366,2.2564981433876,2.2564981433876,3.4,3.4,3.77738815468807,3.77738815468807,27.1419009835217,27.1419009835217,84.64666666666666,83.00333333333333,-17.766666666666666,-18.7,0.039392453515762996,0.24461610351240134,-0.018492805228609323,0.2436058104686162,-0.0739712209144373,0.0,-0.2272454376333326,4.544632068004887,-4.8033333333333275,1.6333333333333329
2024-10-01,774276.8,0.2191150955063392,126.7249,3.4333333333333336,,3.213015693233333,74.61333333333333,-15.833333333333334,0.3889717748351451,,-0.495851897260366,2.2564981433876,3.4,3.77738815468807,27.1419009835217,87.55327829858204,0,0,4,0.1049759685139761,-0.1335772520652867,0.2123621590968127,-0.3052792674047566,0.3625800405385071,1.0109547106673666,,,3.4,3.4,3.6398456619333337,3.8670910995666663,90.96521569209568,86.4205836240908,-0.495851897260366,-0.495851897260366,2.2564981433876,2.2564981433876,3.4,3.4,3.77738815468807,3.77738815468807,27.1419009835217,27.1419009835217,79.84333333333333,84.64666666666666,-16.133333333333333,-17.766666666666666,-0.0143006417756553,0.16868259994548646,-0.03037959796481363,0.23342684369210348,-0.12151839185925452,0.03333333333333366,-0.4268299687000008,-3.4119373935136394,-5.230000000000004,0.29999999999999893
2025-01-01,775197.8,0.1188790198257905,127.32236666666668,3.5666666666666664,,2.727418673166667,75.81333333333333,-15.133333333333333,0.4703595327164578,,,,3.711,,,88.57077865990833,0,0,1,0.2191150955063392,0.1049759685139761,-0.1335772520652867,0.2123621590968127,0.3889717748351451,0.3625800405385071,,,3.4333333333333336,3.4,3.213015693233333,3.6398456619333337,87.55327829858204,90.96521569209568,-0.495851897260366,-0.495851897260366,2.2564981433876,2.2564981433876,3.4,3.4,3.77738815468807,3.77738815468807,27.1419009835217,27.1419009835217,74.61333333333333,79.84333333333333,-15.833333333333334,-16.133333333333333,0.16204553201015764,0.08070855069501132,0.10071899276296031,0.1647166111002109,0.40287597105184125,0.13333333333333286,-0.48559702006666594,1.0175003613262845,1.2000000000000028,0.7000000000000011
2025-04-01,775050.5,-0.019003407446938,,3.7000000000000006,,2.1976737063666665,68.00666666666666,-15.333333333333334,,,,,3.711,,,87.78928390232835,0,0,2,0.1188790198257905,0.2191150955063392,0.1049759685139761,-0.1335772520652867,0.4703595327164578,0.3889717748351451,,,3.5666666666666664,3.4333333333333336,2.727418673166667,3.213015693233333,88.57077865990833,87.55327829858204,,-0.495851897260366,,2.2564981433876,3.711,3.4,,3.77738815468807,,27.1419009835217,75.81333333333333,74.61333333333333,-15.133333333333333,-15.833333333333334,0.16899705766606485,0.07087760883324266,0.07734820794520478,0.1495275911873764,0.3093928317808191,0.1333333333333342,-0.5297449668000005,-0.7814947575799778,-7.806666666666672,-0.20000000000000107
2025-07-01,774829.4,-0.0285312431627104,,3.8,,1.9240450982,68.96666666666667,-13.366666666666667,,,,,3.711,,,87.40040131886919,0,0,3,-0.019003407446938,0.1188790198257905,0.2191150955063392,0.1049759685139761,,0.4703595327164578,,,3.7000000000000006,3.5666666666666664,2.1976737063666665,2.727418673166667,87.78928390232835,88.57077865990833,,,,,3.711,3.711,,,,,68.00666666666666,75.81333333333333,-15.333333333333334,-15.133333333333333,0.04993780618942626,0.09749759933100627,0.10599166909979195,0.09761795295825135,0.4239666763991678,0.0999999999999992,-0.27362860816666656,-0.38888258345916427,0.960000000000008,1.9666666666666668
2025-10-01,776892.5,0.2659112068547742,,3.9,,1.9281977512333333,63.626666666666665,-12.666666666666666,,,,,3.711,,,86.30692814453077,0,0,4,-0.0285312431627104,-0.019003407446938,0.1188790198257905,0.2191150955063392,,,,,3.8,3.7000000000000006,1.9240450982,2.1976737063666665,87.40040131886919,87.78928390232835,,,,,3.711,3.711,,,,,68.96666666666667,68.00666666666666,-13.366666666666667,-15.333333333333334,-0.023767325304824186,0.006737197244638943,0.07261486618062032,0.11864110108890323,0.2904594647224813,0.10000000000000009,0.004152653033333342,-1.0934731743384134,-5.340000000000003,0.7000000000000011
2026-01-01,780208.2,0.425881898524949,,3.8333333333333335,,1.9315968780666664,80.20666666666666,-10.533333333333331,,,,,,,,91.55945972136172,0,0,1,0.2659112068547742,-0.0285312431627104,-0.019003407446938,0.1188790198257905,,,,,3.9,3.8,1.9281977512333333,1.9240450982,86.30692814453077,87.40040131886919,,,,,3.711,3.711,,,,,63.626666666666665,68.96666666666667,-12.666666666666666,-13.366666666666667,0.11868998184603191,0.208202253076544,0.08431389401772908,0.1385409947981206,0.33725557607091633,-0.06666666666666643,0.0033991268333330993,5.252531576830947,16.58,2.1333333333333346
2026-04-01,781976.5,0.2263881799937195,,3.8333333333333335,,1.95504603968254,103.27666666666669,-13.333333333333334,,,,,,,,99.43900793859648,0,0,2,0.425881898524949,0.2659112068547742,-0.0285312431627104,-0.019003407446938,,,,,3.8333333333333335,3.9,1.9315968780666664,1.9281977512333333,91.55945972136172,86.30692814453077,,,,,,3.711,,,,,80.20666666666666,63.626666666666665,-10.533333333333331,-12.666666666666666,0.34589655268986164,0.11311636087108229,0.1610646136925187,0.22322789820979164,0.6442584547700748,0.0,0.023449161615873626,7.879548217234756,23.07000000000002,-2.8000000000000025
