,gdp_growth,cpi_level,cpi_growth,wb_gdp_growth_pct,wb_cpi_inflation_pct,wb_unemployment_pct,wb_trade_bal_gdp_pct,wb_gross_savings_pct,recession,covid_shock,quarter,gdp_growth_lag1,gdp_growth_lag2,gdp_growth_lag3,gdp_growth_lag4,cpi_growth_lag1,cpi_growth_lag2,wb_gdp_growth_pct_lag1,wb_gdp_growth_pct_lag2,wb_cpi_inflation_pct_lag1,wb_cpi_inflation_pct_lag2,wb_unemployment_pct_lag1,wb_unemployment_pct_lag2,wb_trade_bal_gdp_pct_lag1,wb_trade_bal_gdp_pct_lag2,wb_gross_savings_pct_lag1,wb_gross_savings_pct_lag2,gdp_growth_roll2_mean,gdp_growth_roll2_std,gdp_growth_roll4_mean,gdp_growth_roll4_std,gdp_growth_yoy
2004-07-01,2.35494427931129,43.17189666666667,2.4628595368956674,7.92293661307978,3.76725173477517,7.598,-1.78556413335122,33.3325546576999,0,0,3,,,,,,,,,,,,,,,,,,,,,
2004-10-01,2.12792714828098,43.44828666666666,0.6381675202700166,7.92293661307978,3.76725173477517,7.598,-1.78556413335122,33.3325546576999,0,0,4,2.35494427931129,,,,2.4628595368956674,,7.92293661307978,,3.76725173477517,,7.598,,-1.78556413335122,,33.3325546576999,,,,,,
2005-01-01,1.95784749804326,43.55884,0.254124913818865,7.92343062131789,4.24634362031924,7.551,-2.79117622520215,34.4180152872324,0,0,1,2.12792714828098,2.35494427931129,,,0.6381675202700166,2.4628595368956674,7.92293661307978,7.92293661307978,3.76725173477517,3.76725173477517,7.598,7.598,-1.78556413335122,-1.78556413335122,33.3325546576999,33.3325546576999,2.241435713796135,0.1605253527970472,,,
2005-04-01,2.8601109196869,43.807590000000005,0.5694422266603549,7.92343062131789,4.24634362031924,7.551,-2.79117622520215,34.4180152872324,0,0,2,1.95784749804326,2.12792714828098,2.35494427931129,,0.254124913818865,0.6381675202700166,7.92343062131789,7.92293661307978,4.24634362031924,3.76725173477517,7.551,7.598,-2.79117622520215,-1.78556413335122,34.4180152872324,33.3325546576999,2.04288732316212,0.1202644740249291,,,
2005-07-01,1.53563842622142,44.77495,2.1841741210508303,7.92343062131789,4.24634362031924,7.551,-2.79117622520215,34.4180152872324,0,0,3,2.8601109196869,1.95784749804326,2.12792714828098,2.35494427931129,0.5694422266603549,0.254124913818865,7.92343062131789,7.92343062131789,4.24634362031924,4.24634362031924,7.551,7.551,-2.79117622520215,-2.79117622520215,34.4180152872324,34.4180152872324,2.4089792088650803,0.6379965838607949,2.3252074613306073,0.39195189018066084,9.30082984532243
2005-10-01,2.47893547646953,45.63175,1.8954914913754892,7.92343062131789,4.24634362031924,7.551,-2.79117622520215,34.4180152872324,0,0,4,1.53563842622142,2.8601109196869,1.95784749804326,2.12792714828098,2.1841741210508303,0.5694422266603549,7.92343062131789,7.92343062131789,4.24634362031924,4.24634362031924,7.551,7.551,-2.79117622520215,-2.79117622520215,34.4180152872324,34.4180152872324,2.19787467295416,0.9365434816244964,2.12038099805814,0.5524485844195176,8.48152399223256
2006-01-01,2.43438718067321,45.5212,-0.2425594656055185,8.06073257305057,5.79652337561634,7.553,-3.18859765487213,36.3605321112763,0,0,1,2.47893547646953,1.53563842622142,2.8601109196869,1.95784749804326,1.8954914913754892,2.1841741210508303,7.92343062131789,7.92343062131789,4.24634362031924,4.24634362031924,7.551,7.551,-2.79117622520215,-2.79117622520215,34.4180152872324,34.4180152872324,2.007286951345475,0.6670117409037065,2.208133080105277,0.5811772458474936,8.832532320421109
2006-04-01,1.43963216597824,46.41377,1.9418030937633723,8.06073257305057,5.79652337561634,7.553,-3.18859765487213,36.3605321112763,0,0,2,2.43438718067321,2.47893547646953,1.53563842622142,2.8601109196869,-0.2425594656055185,1.8954914913754892,8.06073257305057,7.92343062131789,5.79652337561634,4.24634362031924,7.553,7.551,-3.18859765487213,-2.79117622520215,36.3605321112763,34.4180152872324,2.4566613285713697,0.03150040204788116,2.327268000762765,0.561271325185972,9.30907200305106
2006-07-01,3.06027713319927,47.56136,2.442448442520595,8.06073257305057,5.79652337561634,7.553,-3.18859765487213,36.3605321112763,0,0,3,1.43963216597824,2.43438718067321,2.47893547646953,1.53563842622142,1.9418030937633723,-0.2425594656055185,8.06073257305057,8.06073257305057,5.79652337561634,5.79652337561634,7.553,7.553,-3.18859765487213,-3.18859765487213,36.3605321112763,36.3605321112763,1.937009673325725,0.7033980165101378,1.9721483123355998,0.5611334742999072,7.888593249342399
2006-10-01,2.42361178366868,48.58145,2.12211039304262,8.06073257305057,5.79652337561634,7.553,-3.18859765487213,36.3605321112763,0,0,4,3.06027713319927,1.43963216597824,2.43438718067321,2.47893547646953,2.442448442520595,1.9418030937633723,8.06073257305057,8.06073257305057,5.79652337561634,5.79652337561634,7.553,7.553,-3.18859765487213,-3.18859765487213,36.3605321112763,36.3605321112763,2.249954649588755,1.1459690462178405,2.3533079890800623,0.6725486305476668,9.41323195632025
2007-01-01,2.23385643714036,48.70896,0.2621225936004112,7.66081506510766,6.37288135593231,7.562,-4.08686918154154,37.0113890041504,0,0,1,2.42361178366868,3.06027713319927,1.43963216597824,2.43438718067321,2.12211039304262,2.442448442520595,8.06073257305057,8.06073257305057,5.79652337561634,5.79652337561634,7.553,7.553,-3.18859765487213,-3.18859765487213,36.3605321112763,36.3605321112763,2.741944458433975,0.45019038599958205,2.33947706587985,0.6696666239142461,9.3579082635194
2007-04-01,2.12665658378364,49.34651,1.3004047288651677,7.66081506510766,6.37288135593231,7.562,-4.08686918154154,37.0113890041504,0,0,2,2.23385643714036,2.42361178366868,3.06027713319927,1.43963216597824,0.2621225936004112,2.12211039304262,7.66081506510766,8.06073257305057,6.37288135593231,5.79652337561634,7.562,7.553,-4.08686918154154,-3.18859765487213,37.0113890041504,36.3605321112763,2.32873411040452,0.13417729229657788,2.2893443799966375,0.6676962393443818,9.15737751998655
2007-07-01,1.61072814293668,50.749120000000005,2.8027233842891963,7.66081506510766,6.37288135593231,7.562,-4.08686918154154,37.0113890041504,0,0,3,2.12665658378364,2.23385643714036,2.42361178366868,3.06027713319927,1.3004047288651677,0.2621225936004112,7.66081506510766,7.66081506510766,6.37288135593231,6.37288135593231,7.562,7.562,-4.08686918154154,-4.08686918154154,37.0113890041504,37.0113890041504,2.180256510462,0.07580174325074332,2.4611004844479876,0.4178957760109061,9.84440193779195
2007-10-01,4.97806509500476,51.25916,1.0000055885144743,7.66081506510766,6.37288135593231,7.562,-4.08686918154154,37.0113890041504,0,0,4,1.61072814293668,2.12665658378364,2.23385643714036,2.42361178366868,2.8027233842891963,1.3004047288651677,7.66081506510766,7.66081506510766,6.37288135593231,6.37288135593231,7.562,7.562,-4.08686918154154,-4.08686918154154,37.0113890041504,37.0113890041504,1.86869236336016,0.3648164991298902,2.09871323688234,0.34772260631575097,8.39485294752936
2008-01-01,0.034869809014881,51.76920666666666,0.9901172850838692,3.08669805950082,8.34926704907575,7.629,-5.17350591894442,36.2540826332604,0,0,1,4.97806509500476,1.61072814293668,2.12665658378364,2.23385643714036,1.0000055885144743,2.8027233842891963,7.66081506510766,7.66081506510766,6.37288135593231,6.37288135593231,7.562,7.562,-4.08686918154154,-4.08686918154154,37.0113890041504,37.0113890041504,3.29439661897072,2.3810667933473786,2.7373265647163603,1.518390942198269,10.949306258865441
2008-04-01,0.617964391412729,53.17182,2.673305015320615,3.08669805950082,8.34926704907575,7.629,-5.17350591894442,36.2540826332604,0,0,2,0.034869809014881,4.97806509500476,1.61072814293668,2.12665658378364,0.9901172850838692,1.0000055885144743,3.08669805950082,7.66081506510766,8.34926704907575,6.37288135593231,7.629,7.562,-5.17350591894442,-4.08686918154154,36.2540826332604,37.0113890041504,2.50646745200982,3.495366907452818,2.18757990768499,2.0621540485178556,8.75031963073996
2008-07-01,0.554894227869251,55.33950000000001,3.995838250267525,3.08669805950082,8.34926704907575,7.629,-5.17350591894442,36.2540826332604,0,0,3,0.617964391412729,0.034869809014881,4.97806509500476,1.61072814293668,2.673305015320615,0.9901172850838692,3.08669805950082,3.08669805950082,8.34926704907575,8.34926704907575,7.629,7.629,-5.17350591894442,-5.17350591894442,36.2540826332604,36.2540826332604,0.32641710021380455,0.4123101332866659,1.8104068595922622,2.209704440579702,7.241627438369049
2008-10-01,0.869520311384786,56.48709,2.0525177206137,3.08669805950082,8.34926704907575,7.629,-5.17350591894442,36.2540826332604,0,0,4,0.554894227869251,0.617964391412729,0.034869809014881,4.97806509500476,3.995838250267525,2.673305015320615,3.08669805950082,3.08669805950082,8.34926704907575,8.34926704907575,7.629,7.629,-5.17350591894442,-5.17350591894442,36.2540826332604,36.2540826332604,0.5864293096409896,0.04459734033221567,1.5464483808254053,2.3026162807143336,6.185793523301621
2009-01-01,-1.83133133979619,56.6146,0.2254786007571674,7.8618888330338,10.8823529411764,7.636,-5.471830894171,35.6174348132095,0,0,1,0.869520311384786,0.554894227869251,0.617964391412729,0.034869809014881,2.0525177206137,3.995838250267525,3.08669805950082,3.08669805950082,8.34926704907575,8.34926704907575,7.629,7.629,-5.17350591894442,-5.17350591894442,36.2540826332604,36.2540826332604,0.7122072696270181,0.22247423719201442,0.5193121849204118,0.3503942955399945,2.077248739681647
2009-04-01,5.48379371847423,57.88970333333333,2.2272630940412874,7.8618888330338,10.8823529411764,7.636,-5.471830894171,35.6174348132095,0,0,2,-1.83133133979619,0.869520311384786,0.554894227869251,0.617964391412729,0.2254786007571674,2.0525177206137,7.8618888330338,3.08669805950082,10.8823529411764,8.34926704907575,7.636,7.629,-5.471830894171,-5.17350591894442,35.6174348132095,36.2540826332604,-0.4809055142057024,1.9097905175289547,0.05276189771764406,1.2633938907830846,0.21104759087057623
2009-07-01,2.50343013031429,61.84252666666666,6.605172815693194,7.8618888330338,10.8823529411764,7.636,-5.471830894171,35.6174348132095,0,0,3,5.48379371847423,-1.83133133979619,0.869520311384786,0.554894227869251,2.2272630940412874,0.2254786007571674,7.8618888330338,7.8618888330338,10.8823529411764,10.8823529411764,7.636,7.636,-5.471830894171,-5.471830894171,35.6174348132095,35.6174348132095,1.8262311893390195,5.172574533930653,1.2692192294830194,3.0575628305875995,5.076876917932077
2009-10-01,2.21502661919168,64.0102,3.4451184087826547,7.8618888330338,10.8823529411764,7.636,-5.471830894171,35.6174348132095,0,0,4,2.50343013031429,5.48379371847423,-1.83133133979619,0.869520311384786,6.605172815693194,2.2272630940412874,7.8618888330338,7.8618888330338,10.8823529411764,10.8823529411764,7.636,7.636,-5.471830894171,-5.471830894171,35.6174348132095,35.6174348132095,3.9936119243942594,2.107435303589363,1.756353205094279,3.0610395667699484,7.025412820377116
2010-01-01,2.5637939966215,65.28530333333333,1.9724501482834889,8.49758470165625,11.9893899204245,7.631,-4.45333999982715,36.3058750410672,0,0,1,2.21502661919168,2.50343013031429,5.48379371847423,-1.83133133979619,3.4451184087826547,6.605172815693194,7.8618888330338,7.8618888330338,10.8823529411764,10.8823529411764,7.636,7.636,-5.471830894171,-5.471830894171,35.6174348132095,35.6174348132095,2.3592283747529845,0.20393207843280634,2.0927297820460025,3.004507813344311,8.37091912818401
2010-04-01,2.55034406554757,65.79534666666667,0.7782169335309064,8.49758470165625,11.9893899204245,7.631,-4.45333999982715,36.3058750410672,0,0,2,2.5637939966215,2.21502661919168,2.50343013031429,5.48379371847423,1.9724501482834889,3.4451184087826547,8.49758470165625,7.8618888330338,11.9893899204245,10.8823529411764,7.631,7.636,-4.45333999982715,-5.471830894171,36.3058750410672,35.6174348132095,2.38941030790659,0.24661577763727288,3.191511116150425,1.5357479965732304,12.7660444646017
2010-07-01,2.38065767646536,68.21804,3.615992952125602,8.49758470165625,11.9893899204245,7.631,-4.45333999982715,36.3058750410672,0,0,3,2.55034406554757,2.5637939966215,2.21502661919168,2.50343013031429,0.7782169335309064,1.9724501482834889,8.49758470165625,8.49758470165625,11.9893899204245,11.9893899204245,7.631,7.631,-4.45333999982715,-4.45333999982715,36.3058750410672,36.3058750410672,2.5570690310845343,0.009510537468822909,2.45814870291876,0.16413375463786253,9.83259481167504
2010-10-01,2.67244060683878,69.87568,2.400861709137025,8.49758470165625,11.9893899204245,7.631,-4.45333999982715,36.3058750410672,0,0,4,2.38065767646536,2.55034406554757,2.5637939966215,2.21502661919168,3.615992952125602,0.7782169335309064,8.49758470165625,8.49758470165625,11.9893899204245,11.9893899204245,7.631,7.631,-4.45333999982715,-4.45333999982715,36.3058750410672,36.3058750410672,2.4655008710064648,0.11998639639508711,2.4274555894565277,0.16432270171055646,9.709822357826111
2011-01-01,2.23180461843717,71.15078,1.8083624138918173,5.24131620024293,8.9117933648336,7.609,-6.54305737438719,35.1317930938104,0,0,1,2.67244060683878,2.38065767646536,2.55034406554757,2.5637939966215,2.400861709137025,3.615992952125602,8.49758470165625,8.49758470165625,11.9893899204245,11.9893899204245,7.631,7.631,-4.45333999982715,-4.45333999982715,36.3058750410672,36.3058750410672,2.52654914165207,0.2063216887015257,2.5418090863683025,0.12054121453201794,10.16723634547321
2011-04-01,1.76756628864772,71.66082333333334,0.7142914021168956,5.24131620024293,8.9117933648336,7.609,-6.54305737438719,35.1317930938104,0,0,2,2.23180461843717,2.67244060683878,2.38065767646536,2.55034406554757,1.8083624138918173,2.400861709137025,5.24131620024293,8.49758470165625,8.9117933648336,11.9893899204245,7.609,7.631,-6.54305737438719,-4.45333999982715,35.1317930938104,36.3058750410672,2.4521226126379743,0.31157669543361455,2.45881174182222,0.19292118447195133,9.83524696728888
2011-07-01,-1.518508281926,74.46605000000001,3.839911557090226,5.24131620024293,8.9117933648336,7.609,-6.54305737438719,35.1317930938104,0,0,3,1.76756628864772,2.23180461843717,2.67244060683878,2.38065767646536,0.7142914021168956,1.8083624138918173,5.24131620024293,5.24131620024293,8.9117933648336,8.9117933648336,7.609,7.609,-6.54305737438719,-6.54305737438719,35.1317930938104,35.1317930938104,1.9996854535424444,0.3282660710808378,2.2631172975972573,0.3776738445184215,9.05246919038903
2011-10-01,1.98403443291586,75.74115666666667,1.6978377077452755,5.24131620024293,8.9117933648336,7.609,-6.54305737438719,35.1317930938104,0,0,4,-1.518508281926,1.76756628864772,2.23180461843717,2.67244060683878,3.839911557090226,0.7142914021168956,5.24131620024293,5.24131620024293,8.9117933648336,8.9117933648336,7.609,7.609,-6.54305737438719,-6.54305737438719,35.1317930938104,35.1317930938104,0.12452900336085948,2.3236056123373507,1.2883258079994175,1.9073467687489027,5.15330323199767
2012-01-01,1.7775152483116,76.2512,0.6711459168564637,5.45638755164772,9.47899691419793,7.645,-6.72486040591518,35.261292320436,0,0,1,1.98403443291586,-1.518508281926,1.76756628864772,2.23180461843717,1.6978377077452755,3.839911557090226,5.24131620024293,5.24131620024293,8.9117933648336,8.9117933648336,7.609,7.609,-6.54305737438719,-6.54305737438719,35.1317930938104,35.1317930938104,0.23276307549492947,2.4766717050602205,1.1162242645186877,1.7666989970105116,4.464897058074751
2012-04-01,1.46771456848271,78.92891333333334,3.4514463083646696,5.45638755164772,9.47899691419793,7.645,-6.72486040591518,35.261292320436,0,0,2,1.7775152483116,1.98403443291586,-1.518508281926,1.76756628864772,0.6711459168564637,1.6978377077452755,5.45638755164772,5.24131620024293,9.47899691419793,8.9117933648336,7.645,7.609,-6.72486040591518,-6.54305737438719,35.261292320436,35.1317930938104,1.8807748406137295,0.14603111587879267,1.0026519219872951,1.683732715264756,4.0106076879491805
2012-07-01,1.20753296766853,81.73414000000001,3.492416868728476,5.45638755164772,9.47899691419793,7.645,-6.72486040591518,35.261292320436,0,0,3,1.46771456848271,1.7775152483116,1.98403443291586,-1.518508281926,3.4514463083646696,0.6711459168564637,5.45638755164772,5.45638755164772,9.47899691419793,9.47899691419793,7.645,7.645,-6.72486040591518,-6.72486040591518,35.261292320436,35.261292320436,1.6226149083971544,0.21906216152321484,0.9276889919460427,1.6445444235085096,3.710755967784171
2012-10-01,1.29245595862317,83.39178,2.0077958516617755,5.45638755164772,9.47899691419793,7.645,-6.72486040591518,35.261292320436,0,0,4,1.20753296766853,1.46771456848271,1.7775152483116,1.98403443291586,3.492416868728476,3.4514463083646696,5.45638755164772,5.45638755164772,9.47899691419793,9.47899691419793,7.645,7.645,-6.72486040591518,-6.72486040591518,35.261292320436,35.261292320436,1.3376237680756196,0.18397617427568544,1.6091993043446753,0.3416554829577247,6.436797217378701
2013-01-01,1.57104224492854,85.17692,2.1180761762468414,6.38610640091713,10.0178784746104,7.678,-2.98240934563964,34.3046574869553,0,0,1,1.29245595862317,1.20753296766853,1.46771456848271,1.7775152483116,2.0077958516617755,3.492416868728476,5.45638755164772,5.45638755164772,9.47899691419793,9.47899691419793,7.645,7.645,-6.72486040591518,-6.72486040591518,35.261292320436,35.261292320436,1.2499944631458497,0.06004962278269468,1.436304685771503,0.25195249818623566,5.745218743086012
2013-04-01,1.48678854856046,87.34460000000001,2.5130709287185304,6.38610640091713,10.0178784746104,7.678,-2.98240934563964,34.3046574869553,0,0,2,1.57104224492854,1.29245595862317,1.20753296766853,1.46771456848271,2.1180761762468414,2.0077958516617755,6.38610640091713,5.45638755164772,10.0178784746104,9.47899691419793,7.678,7.645,-2.98240934563964,-6.72486040591518,34.3046574869553,35.261292320436,1.4317491017758546,0.1969902521921105,1.3846864349257377,0.1648352415838485,5.538745739702951
2013-07-01,1.67237685780914,90.53236,3.58461414482667,6.38610640091713,10.0178784746104,7.678,-2.98240934563964,34.3046574869553,0,0,3,1.48678854856046,1.57104224492854,1.29245595862317,1.20753296766853,2.5130709287185304,2.1180761762468414,6.38610640091713,6.38610640091713,10.0178784746104,10.0178784746104,7.678,7.678,-2.98240934563964,-2.98240934563964,34.3046574869553,34.3046574869553,1.5289153967444995,0.05957636004192093,1.3894549299451753,0.16827773379321334,5.557819719780701
2013-10-01,2.09188353641745,92.18999333333332,1.814423664200504,6.38610640091713,10.0178784746104,7.678,-2.98240934563964,34.3046574869553,0,0,4,1.67237685780914,1.48678854856046,1.57104224492854,1.29245595862317,3.58461414482667,2.5130709287185304,6.38610640091713,6.38610640091713,10.0178784746104,10.0178784746104,7.678,7.678,-2.98240934563964,-2.98240934563964,34.3046574869553,34.3046574869553,1.5795827031847995,0.13123075197869594,1.5056659024803276,0.16112256559231644,6.0226636099213104
2014-01-01,1.27707555423986,91.0424,-1.252626042686522,7.41022760516977,6.66565671867899,7.656,-2.98625973083243,33.4660257489805,0,0,1,2.09188353641745,1.67237685780914,1.48678854856046,1.57104224492854,1.814423664200504,3.58461414482667,6.38610640091713,6.38610640091713,10.0178784746104,10.0178784746104,7.678,7.678,-2.98240934563964,-2.98240934563964,34.3046574869553,34.3046574869553,1.8821301971132947,0.29663601719698396,1.7055227969288977,0.26851627174400877,6.822091187715591
2014-04-01,2.22417631069325,93.33759,2.489758853481039,7.41022760516977,6.66565671867899,7.656,-2.98625973083243,33.4660257489805,0,0,2,1.27707555423986,2.09188353641745,1.67237685780914,1.48678854856046,-1.252626042686522,1.814423664200504,7.41022760516977,6.38610640091713,6.66565671867899,10.0178784746104,7.656,7.678,-2.98625973083243,-2.98240934563964,33.4660257489805,34.3046574869553,1.6844795453286547,0.5761562495627031,1.6320311242567278,0.3464971773174171,6.528124497026911
2014-07-01,1.85174769061691,96.65285,3.490277245829088,7.41022760516977,6.66565671867899,7.656,-2.98625973083243,33.4660257489805,0,0,3,2.22417631069325,1.27707555423986,2.09188353641745,1.67237685780914,2.489758853481039,-1.252626042686522,7.41022760516977,7.41022760516977,6.66565671867899,6.66565671867899,7.656,7.656,-2.98625973083243,-2.98625973083243,33.4660257489805,33.4660257489805,1.7506259324665545,0.6697013673551022,1.8163780647899253,0.4296456756274358,7.265512259159701
2014-10-01,1.48352204673068,96.78036000000002,0.1318388072753862,7.41022760516977,6.66565671867899,7.656,-2.98625973083243,33.4660257489805,0,0,4,1.85174769061691,2.22417631069325,1.27707555423986,2.09188353641745,3.490277245829088,2.489758853481039,7.41022760516977,7.41022760516977,6.66565671867899,6.66565671867899,7.656,7.656,-2.98625973083243,-2.98625973083243,33.4660257489805,33.4660257489805,2.0379620006550794,0.26334680276393035,1.8612207729918677,0.41883067726697804,7.444883091967471
2015-01-01,1.75840677749668,97.03538666666668,0.2631641837527176,7.99625378567987,4.90697344127249,7.629,-2.29653555305562,32.4539241111902,0,0,1,1.48352204673068,1.85174769061691,2.22417631069325,1.27707555423986,0.1318388072753862,3.490277245829088,7.41022760516977,7.41022760516977,6.66565671867899,6.66565671867899,7.656,7.656,-2.98625973083243,-2.98625973083243,33.4660257489805,33.4660257489805,1.6676348686737945,0.26037484979873965,1.7091304005701753,0.4176052763533482,6.836521602280701
2015-04-01,2.09579202110597,98.82053,1.8229653717410697,7.99625378567987,4.90697344127249,7.629,-2.29653555305562,32.4539241111902,0,0,2,1.75840677749668,1.48352204673068,1.85174769061691,2.22417631069325,0.2631641837527176,0.1318388072753862,7.99625378567987,7.41022760516977,4.90697344127249,6.66565671867899,7.629,7.656,-2.29653555305562,-2.98625973083243,32.4539241111902,33.4660257489805,1.6209644121136795,0.19437285716928226,1.82946320638438,0.3060606339597225,7.31785282553752
2015-07-01,1.88400067466044,101.11573333333332,2.2960358725518937,7.99625378567987,4.90697344127249,7.629,-2.29653555305562,32.4539241111902,0,0,3,2.09579202110597,1.75840677749668,1.48352204673068,1.85174769061691,1.8229653717410697,0.2631641837527176,7.99625378567987,7.99625378567987,4.90697344127249,4.90697344127249,7.629,7.629,-2.29653555305562,-2.29653555305562,32.4539241111902,32.4539241111902,1.9270993993013248,0.2385673936284066,1.7973671339875603,0.2530028368511155,7.189468535950241
2015-10-01,2.04623038163005,103.0284,1.873894296342904,7.99625378567987,4.90697344127249,7.629,-2.29653555305562,32.4539241111902,0,0,4,1.88400067466044,2.09579202110597,1.75840677749668,1.48352204673068,2.2960358725518937,1.8229653717410697,7.99625378567987,7.99625378567987,4.90697344127249,4.90697344127249,7.629,7.629,-2.29653555305562,-2.29653555305562,32.4539241111902,32.4539241111902,1.9898963478832048,0.14975909726826656,1.8054303799984428,0.25581201955694605,7.221721519993771
2016-01-01,2.79948937005601,102.51833333333332,-0.4963034005735167,8.25630550176662,4.94821634062134,7.611,-1.76601589208677,31.7264147403683,0,0,1,2.04623038163005,1.88400067466044,2.09579202110597,1.75840677749668,1.873894296342904,2.2960358725518937,7.99625378567987,7.99625378567987,4.90697344127249,4.90697344127249,7.629,7.629,-2.29653555305562,-2.29653555305562,32.4539241111902,32.4539241111902,1.9651155281452448,0.11471372590812177,1.9461074637232854,0.1544008487311047,7.784429854893141
2016-04-01,1.8758855645066,104.941,2.3356643094756717,8.25630550176662,4.94821634062134,7.611,-1.76601589208677,31.7264147403683,0,0,2,2.79948937005601,2.04623038163005,1.88400067466044,2.09579202110597,-0.4963034005735167,1.873894296342904,8.25630550176662,7.99625378567987,4.94821634062134,4.90697344127249,7.611,7.629,-1.76601589208677,-2.29653555305562,31.7264147403683,32.4539241111902,2.42285987584303,0.5326345387057151,2.206378111863118,0.4056208227644292,8.825512447452471
2016-07-01,2.22306337808147,106.47113333333334,1.4475612427915507,8.25630550176662,4.94821634062134,7.611,-1.76601589208677,31.7264147403683,0,0,3,1.8758855645066,2.79948937005601,2.04623038163005,1.88400067466044,2.3356643094756717,-0.4963034005735167,8.25630550176662,8.25630550176662,4.94821634062134,4.94821634062134,7.611,7.611,-1.76601589208677,-1.76601589208677,31.7264147403683,31.7264147403683,2.3376874672813046,0.6530865140336894,2.1514014977132754,0.4391245394934514,8.605605990853102
2016-10-01,1.350019442738,105.83356666666668,-0.6006165509274908,8.25630550176662,4.94821634062134,7.611,-1.76601589208677,31.7264147403683,0,0,4,2.22306337808147,1.8758855645066,2.79948937005601,2.04623038163005,1.4475612427915507,2.3356643094756717,8.25630550176662,8.25630550176662,4.94821634062134,4.94821634062134,7.611,7.611,-1.76601589208677,-1.76601589208677,31.7264147403683,31.7264147403683,2.0494744712940345,0.24549178625631182,2.236167173568533,0.4014068714209163,8.944668694274132
2017-01-01,0.890418465994114,104.941,-0.84694469186406,6.79538341902422,3.32817337461305,7.626,-3.15896727592607,31.7067531706123,0,0,1,1.350019442738,2.22306337808147,1.8758855645066,2.79948937005601,-0.6006165509274908,1.4475612427915507,8.25630550176662,8.25630550176662,4.94821634062134,4.94821634062134,7.611,7.611,-1.76601589208677,-1.76601589208677,31.7264147403683,31.7264147403683,1.7865414104097344,0.6173352869551589,2.06211443884552,0.6086561227649451,8.24845775538208
2017-04-01,1.95687763210919,106.47113333333334,1.4475612427915507,6.79538341902422,3.32817337461305,7.626,-3.15896727592607,31.7067531706123,0,0,2,0.890418465994114,1.350019442738,2.22306337808147,1.8758855645066,-0.84694469186406,-0.6006165509274908,6.79538341902422,8.25630550176662,3.32817337461305,4.94821634062134,7.626,7.611,-3.15896727592607,-1.76601589208677,31.7067531706123,31.7264147403683,1.1202189543660566,0.32498696729556853,1.584846712830046,0.5857754296009046,6.339386851320184
2017-07-01,1.69909881537382,109.0214,2.367029333821691,6.79538341902422,3.32817337461305,7.626,-3.15896727592607,31.7067531706123,0,0,3,1.95687763210919,0.890418465994114,1.350019442738,2.22306337808147,1.4475612427915507,-0.84694469186406,6.79538341902422,6.79538341902422,3.32817337461305,3.32817337461305,7.626,7.626,-3.15896727592607,-3.15896727592607,31.7067531706123,31.7067531706123,1.4236480490516517,0.7541005082185231,1.6050947297306937,0.6004059806312212,6.420378918922775
2017-10-01,1.93069896044307,109.78643333333332,0.6992770223192224,6.79538341902422,3.32817337461305,7.626,-3.15896727592607,31.7067531706123,0,0,4,1.69909881537382,1.95687763210919,0.890418465994114,1.350019442738,2.367029333821691,1.4475612427915507,6.79538341902422,6.79538341902422,3.32817337461305,3.32817337461305,7.626,7.626,-3.15896727592607,-3.15896727592607,31.7067531706123,31.7067531706123,1.8279882237415046,0.18227714935982942,1.4741035890537812,0.4618003994378871,5.896414356215125
2018-01-01,2.11386478765059,109.91393333333332,0.1160671839087967,6.45385134495295,3.93882646691643,7.652,-3.76131213467656,31.4104922311412,0,0,1,1.93069896044307,1.69909881537382,1.95687763210919,0.890418465994114,0.6992770223192224,2.367029333821691,6.79538341902422,6.79538341902422,3.32817337461305,3.32817337461305,7.626,7.626,-3.15896727592607,-3.15896727592607,31.7067531706123,31.7067531706123,1.8148988879084444,0.16376603310226037,1.6192734684800487,0.49952114035998973,6.477093873920195
2018-04-01,1.34267056644839,110.67900000000002,0.6936484525503772,6.45385134495295,3.93882646691643,7.652,-3.76131213467656,31.4104922311412,0,0,2,2.11386478765059,1.93069896044307,1.69909881537382,1.95687763210919,0.1160671839087967,0.6992770223192224,6.45385134495295,6.79538341902422,3.93882646691643,3.32817337461305,7.652,7.626,-3.76131213467656,-3.15896727592607,31.4104922311412,31.7067531706123,2.0222818740468296,0.12951779850008532,1.9251350488941679,0.1710261596520903,7.7005401955766715
2018-07-01,1.35929923744929,115.1419,3.953116093978704,6.45385134495295,3.93882646691643,7.652,-3.76131213467656,31.4104922311412,0,0,3,1.34267056644839,2.11386478765059,1.93069896044307,1.69909881537382,0.6936484525503772,0.1160671839087967,6.45385134495295,6.45385134495295,3.93882646691643,3.93882646691643,7.652,7.652,-3.76131213467656,-3.76131213467656,31.4104922311412,31.4104922311412,1.7282676770494894,0.545316663423956,1.771583282478968,0.33251292892195927,7.086333129915872
2018-10-01,1.42666495636237,115.3969,0.2212209866579328,6.45385134495295,3.93882646691643,7.652,-3.76131213467656,31.4104922311412,0,0,4,1.35929923744929,1.34267056644839,2.11386478765059,1.93069896044307,3.953116093978704,0.6936484525503772,6.45385134495295,6.45385134495295,3.93882646691643,3.93882646691643,7.652,7.652,-3.76131213467656,-3.76131213467656,31.4104922311412,31.4104922311412,1.3509849019488394,0.011758246027006331,1.6866333879978352,0.3947795761459273,6.746533551991341
2019-01-01,1.06740375296055,117.69203333333331,1.969383513928591,3.87143694070524,3.72950573539123,6.51,-2.57687373613013,29.7022005792949,0,0,1,1.42666495636237,1.35929923744929,1.34267056644839,2.11386478765059,0.2212209866579328,3.953116093978704,6.45385134495295,6.45385134495295,3.93882646691643,3.93882646691643,7.652,7.652,-3.76131213467656,-3.76131213467656,31.4104922311412,31.4104922311412,1.3929820969058293,0.04763475666298104,1.5606248869776604,0.37061019670378387,6.242499547910642
2019-04-01,1.08951156520534,120.11476666666664,2.037634885492512,3.87143694070524,3.72950573539123,6.51,-2.57687373613013,29.7022005792949,0,0,2,1.06740375296055,1.42666495636237,1.35929923744929,1.34267056644839,1.969383513928591,0.2212209866579328,3.87143694070524,6.45385134495295,3.72950573539123,3.93882646691643,6.51,7.652,-2.57687373613013,-3.76131213467656,29.7022005792949,31.4104922311412,1.2470343546614593,0.2540360331426741,1.2990096283051502,0.15861723189894036,5.196038513220601
2019-07-01,0.867981143328733,122.53743333333334,1.9968886914087487,3.87143694070524,3.72950573539123,6.51,-2.57687373613013,29.7022005792949,0,0,3,1.08951156520534,1.06740375296055,1.42666495636237,1.35929923744929,2.037634885492512,1.969383513928591,3.87143694070524,3.87143694070524,3.72950573539123,3.72950573539123,6.51,6.51,-2.57687373613013,-2.57687373613013,29.7022005792949,29.7022005792949,1.0784576590829444,0.015632583955633945,1.2357198779943876,0.1838831782330623,4.942879511977551
2019-10-01,0.311695299779724,125.3427,2.2635024435332163,3.87143694070524,3.72950573539123,6.51,-2.57687373613013,29.7022005792949,0,0,4,0.867981143328733,1.08951156520534,1.06740375296055,1.42666495636237,1.9968886914087487,2.037634885492512,3.87143694070524,3.87143694070524,3.72950573539123,3.72950573539123,6.51,6.51,-2.57687373613013,-2.57687373613013,29.7022005792949,29.7022005792949,0.9787463542670358,0.15664566354808085,1.1128903544642483,0.2316970875942161,4.451561417856993
2020-01-01,0.311370325301841,125.4702,0.1016694204984958,-5.77772470687303,6.6234367762853,7.859,-0.393151469925627,28.6796821131572,0,0,1,0.311695299779724,0.867981143328733,1.08951156520534,1.06740375296055,2.2635024435332163,1.9968886914087487,3.87143694070524,3.87143694070524,3.72950573539123,3.72950573539123,6.51,6.51,-2.57687373613013,-2.57687373613013,29.7022005792949,29.7022005792949,0.5898382215542278,0.3933534922515908,0.834147940318587,0.3622707561472652,3.336591761274348
2020-04-01,-24.0177619462343,126.36276666666669,0.7088590631804337,-5.77772470687303,6.6234367762853,7.859,-0.393151469925627,28.6796821131572,1,1,2,0.311370325301841,0.311695299779724,0.867981143328733,1.08951156520534,0.1016694204984958,2.2635024435332163,-5.77772470687303,3.87143694070524,6.6234367762853,3.72950573539123,7.859,6.51,-0.393151469925627,-2.57687373613013,28.6796821131572,29.7022005792949,0.3115328125407818,0.00022979167200214075,0.6451395834039098,0.3956900415626373,2.580558333615639
2020-07-01,24.3086907597977,129.3146,2.309132429455918,-5.77772470687303,6.6234367762853,7.859,-0.393151469925627,28.6796821131572,0,0,3,-24.0177619462343,0.311370325301841,0.311695299779724,0.867981143328733,0.7088590631804337,0.1016694204984958,-5.77772470687303,-5.77772470687303,6.6234367762853,6.6234367762853,7.859,7.859,-0.393151469925627,-0.393151469925627,28.6796821131572,28.6796821131572,-11.85319581046623,17.20329440958768,-5.6316787944560005,12.26019523274183,-22.526715177824002
2020-10-01,7.37719763184055,131.55013333333332,1.713982593886687,-5.77772470687303,6.6234367762853,7.859,-0.393151469925627,28.6796821131572,0,0,4,24.3086907597977,-24.0177619462343,0.311370325301841,0.311695299779724,2.309132429455918,0.7088590631804337,-5.77772470687303,-5.77772470687303,6.6234367762853,6.6234367762853,7.859,7.859,-0.393151469925627,-0.393151469925627,28.6796821131572,28.6796821131572,0.14546440678169859,34.17196241912621,0.2284986096612407,19.729424677727508,0.9139944386449628
2021-01-01,1.32761983454335,131.03596666666667,-0.3916180816819548,9.68959249191741,5.13140747176364,6.38,-2.62477212294165,29.8661330649563,0,0,1,7.37719763184055,24.3086907597977,-24.0177619462343,0.311370325301841,1.713982593886687,2.309132429455918,-5.77772470687303,-5.77772470687303,6.6234367762853,6.6234367762853,7.859,7.859,-0.393151469925627,-0.393151469925627,28.6796821131572,28.6796821131572,15.842944195819125,11.972373606391928,1.9948741926764475,20.052990130832033,7.97949677070579
2021-04-01,-9.01590551263659,133.09263333333334,1.5573536787088391,9.68959249191741,5.13140747176364,6.38,-2.62477212294165,29.8661330649563,0,0,2,1.32761983454335,7.37719763184055,24.3086907597977,-24.0177619462343,-0.3916180816819548,1.713982593886687,9.68959249191741,-5.77772470687303,5.13140747176364,6.6234367762853,6.38,7.859,-2.62477212294165,-0.393151469925627,29.8661330649563,28.6796821131572,4.35240873319195,4.277697483784431,2.248936569986825,20.030976776836294,8.9957462799473
2021-07-01,12.183493548181,135.5532,1.8318806178547755,9.68959249191741,5.13140747176364,6.38,-2.62477212294165,29.8661330649563,0,0,3,-9.01590551263659,1.32761983454335,7.37719763184055,24.3086907597977,1.5573536787088391,-0.3916180816819548,9.68959249191741,9.68959249191741,5.13140747176364,5.13140747176364,6.38,6.38,-2.62477212294165,-2.62477212294165,29.8661330649563,29.8661330649563,-3.8441428390466195,7.313976914365876,5.999400678386253,13.957236880238696,23.99760271354501
2021-10-01,0.757309412724916,138.08723333333333,1.8521427862915552,9.68959249191741,5.13140747176364,6.38,-2.62477212294165,29.8661330649563,0,0,4,12.183493548181,-9.01590551263659,1.32761983454335,7.37719763184055,1.8318806178547755,1.5573536787088391,9.68959249191741,9.68959249191741,5.13140747176364,5.13140747176364,6.38,6.38,-2.62477212294165,-2.62477212294165,29.8661330649563,29.8661330649563,1.5837940177722052,14.990238832983845,2.9681013754820778,9.140955155691898,11.872405501928311
2022-01-01,1.08927068111617,138.124,0.026622137296961,7.6093649776932,6.69903414079858,4.822,-2.61759500261296,33.3708439169242,0,0,1,0.757309412724916,12.183493548181,-9.01590551263659,1.32761983454335,1.8521427862915552,1.8318806178547755,9.68959249191741,9.68959249191741,5.13140747176364,5.13140747176364,6.38,6.38,-2.62477212294165,-2.62477212294165,29.8661330649563,29.8661330649563,6.470401480452958,8.079532285267145,1.3131293207031691,8.663388959128943,5.2525172828126765
2022-04-01,1.77401691768762,141.72303333333335,2.5722851048249677,7.6093649776932,6.69903414079858,4.822,-2.61759500261296,33.3708439169242,0,0,2,1.08927068111617,0.757309412724916,12.183493548181,-9.01590551263659,0.026622137296961,1.8521427862915552,7.6093649776932,9.68959249191741,6.69903414079858,5.13140747176364,4.822,6.38,-2.61759500261296,-2.62477212294165,33.3708439169242,29.8661330649563,0.9232900469205431,0.23473206397074325,1.2535420323463742,8.66407573272655,5.014168129385497
2022-07-01,1.25321019871216,143.74296666666666,1.4152067469181515,7.6093649776932,6.69903414079858,4.822,-2.61759500261296,33.3708439169242,0,0,3,1.77401691768762,1.08927068111617,0.757309412724916,12.183493548181,2.5722851048249677,0.026622137296961,7.6093649776932,7.6093649776932,6.69903414079858,6.69903414079858,4.822,4.822,-2.61759500261296,-2.61759500261296,33.3708439169242,33.3708439169242,1.4316437994018951,0.48418870727164004,3.951022639927426,5.504615021999702,15.804090559709705
2022-10-01,4.44697133319527,145.90973333333332,1.4961414719397048,7.6093649776932,6.69903414079858,4.822,-2.61759500261296,33.3708439169242,0,0,4,1.25321019871216,1.77401691768762,1.08927068111617,0.757309412724916,1.4152067469181515,2.5722851048249677,7.6093649776932,7.6093649776932,6.69903414079858,6.69903414079858,4.822,4.822,-2.61759500261296,-2.61759500261296,33.3708439169242,33.3708439169242,1.51361355819989,0.36826596267506423,1.2184518025602162,0.42395000062501526,4.873807210240865
2023-01-01,0.139689177847058,146.46063333333333,0.3768512235055254,7.210224629335,5.64914318907925,4.172,-1.6133481247678,34.3807561586625,0,0,1,4.44697133319527,1.25321019871216,1.77401691768762,1.08927068111617,1.4961414719397048,1.4152067469181515,7.6093649776932,7.6093649776932,6.69903414079858,6.69903414079858,4.822,4.822,-2.61759500261296,-2.61759500261296,33.3708439169242,33.3708439169242,2.850090765953715,2.2583301556830477,2.140867282677805,1.5648733274865603,8.56346913071122
2023-04-01,1.46366572973946,148.8478,1.6167629474026055,7.210224629335,5.64914318907925,4.172,-1.6133481247678,34.3807561586625,0,0,2,0.139689177847058,4.44697133319527,1.25321019871216,1.77401691768762,0.3768512235055254,1.4961414719397048,7.210224629335,7.6093649776932,5.64914318907925,6.69903414079858,4.172,4.822,-1.6133481247678,-2.61759500261296,34.3807561586625,33.3708439169242,2.293330255521164,3.0457084205305285,1.9034719068605266,1.8275591855657163,7.613887627442106
2023-07-01,2.07634458098735,152.92430000000002,2.701872033821129,7.210224629335,5.64914318907925,4.172,-1.6133481247678,34.3807561586625,0,0,3,1.46366572973946,0.139689177847058,4.44697133319527,1.25321019871216,1.6167629474026055,0.3768512235055254,7.210224629335,7.210224629335,5.64914318907925,5.64914318907925,4.172,4.172,-1.6133481247678,-1.6133481247678,34.3807561586625,34.3807561586625,0.8016774537932589,0.9361927979750998,1.8258841098734866,1.841422379980917,7.303536439493946
2023-10-01,2.27775318724543,152.88756666666666,-0.0240234847066922,7.210224629335,5.64914318907925,4.172,-1.6133481247678,34.3807561586625,0,0,4,2.07634458098735,1.46366572973946,0.139689177847058,4.44697133319527,2.701872033821129,1.6167629474026055,7.210224629335,7.210224629335,5.64914318907925,5.64914318907925,4.172,4.172,-1.6133481247678,-1.6133481247678,34.3807561586625,34.3807561586625,1.770005155363405,0.4332293704069642,2.0316677054422843,1.801656333371104,8.126670821769137
2024-01-01,1.47259638771187,153.14466666666667,0.168021556216491,7.09927893176518,4.95303550973661,4.173,-1.78872749699502,34.7497448494797,0,0,1,2.27775318724543,2.07634458098735,1.46366572973946,0.139689177847058,-0.0240234847066922,2.701872033821129,7.210224629335,7.210224629335,5.64914318907925,5.64914318907925,4.172,4.172,-1.6133481247678,-1.6133481247678,34.3807561586625,34.3807561586625,2.17704888411639,0.14241739127440958,1.4893631689548243,0.9640861371728617,5.957452675819297
2024-04-01,1.78153624241126,154.50346666666667,0.8833525632001127,7.09927893176518,4.95303550973661,4.173,-1.78872749699502,34.7497448494797,0,0,2,1.47259638771187,2.27775318724543,2.07634458098735,1.46366572973946,0.168021556216491,-0.0240234847066922,7.09927893176518,7.210224629335,4.95303550973661,5.64914318907925,4.173,4.172,-1.78872749699502,-1.6133481247678,34.7497448494797,34.3807561586625,1.8751747874786497,0.5693318328686354,1.8225899714210274,0.4174873550259744,7.29035988568411
2024-07-01,1.5022631398282,157.4048,1.8604297013029123,7.09927893176518,4.95303550973661,4.173,-1.78872749699502,34.7497448494797,0,0,3,1.78153624241126,1.47259638771187,2.27775318724543,2.07634458098735,0.8833525632001127,0.168021556216491,7.09927893176518,7.09927893176518,4.95303550973661,4.95303550973661,4.173,4.173,-1.78872749699502,-1.78872749699502,34.7497448494797,34.7497448494797,1.6270663150615647,0.21845346623671874,1.9020575995889772,0.35141877037333147,7.608230398355909
2024-10-01,1.93374590021369,158.91049999999998,0.9520319583629088,7.09927893176518,4.95303550973661,4.173,-1.78872749699502,34.7497448494797,0,0,4,1.5022631398282,1.78153624241126,1.47259638771187,2.27775318724543,1.8604297013029123,0.8833525632001127,7.09927893176518,7.09927893176518,4.95303550973661,4.95303550973661,4.173,4.173,-1.78872749699502,-1.78872749699502,34.7497448494797,34.7497448494797,1.6418996911197299,0.19747590463948062,1.7585372392991898,0.3730740495807442,7.034148957196759
2025-01-01,1.51338280588826,157.55166666666668,-0.8587703855074125,7.56666179284244,2.39884954182294,4.219,-1.74211855202993,34.6967494989384,0,0,1,1.93374590021369,1.5022631398282,1.78153624241126,1.47259638771187,0.9520319583629088,1.8604297013029123,7.09927893176518,7.09927893176518,4.95303550973661,4.95303550973661,4.173,4.173,-1.78872749699502,-1.78872749699502,34.7497448494797,34.7497448494797,1.7180045200209448,0.3051043858336654,1.6725354175412548,0.22292028492021704,6.690141670165019
2025-04-01,2.07583444573871,,,7.56666179284244,2.39884954182294,4.219,-1.74211855202993,34.6967494989384,0,0,2,1.51338280588826,1.93374590021369,1.5022631398282,1.78153624241126,-0.8587703855074125,0.9520319583629088,7.56666179284244,7.09927893176518,2.39884954182294,4.95303550973661,4.219,4.173,-1.74211855202993,-1.78872749699502,34.6967494989384,34.7497448494797,1.7235643530509748,0.29724159455806703,1.6827320220853523,0.21135942172570302,6.730928088341409
2025-07-01,2.12604875059816,,,7.56666179284244,2.39884954182294,4.219,-1.74211855202993,34.6967494989384,0,0,3,2.07583444573871,1.51338280588826,1.93374590021369,1.5022631398282,,-0.8587703855074125,7.56666179284244,7.56666179284244,2.39884954182294,2.39884954182294,4.219,4.219,-1.74211855202993,-1.74211855202993,34.6967494989384,34.6967494989384,1.7946086258134848,0.39771336862774337,1.756306572917215,0.29276429590153374,7.02522629166886
2025-10-01,1.83219531406513,,,7.56666179284244,2.39884954182294,4.219,-1.74211855202993,34.6967494989384,0,0,4,2.12604875059816,2.07583444573871,1.51338280588826,1.93374590021369,,,7.56666179284244,7.56666179284244,2.39884954182294,2.39884954182294,4.219,4.219,-1.74211855202993,-1.74211855202993,34.6967494989384,34.6967494989384,2.1009415981684345,0.035506875478648336,1.9122529756097046,0.2781048296798911,7.649011902438819
2026-01-01,2.11701443691923,,,,,,,,0,0,1,1.83219531406513,2.12604875059816,2.07583444573871,1.51338280588826,,,7.56666179284244,7.56666179284244,2.39884954182294,2.39884954182294,4.219,4.219,-1.74211855202993,-1.74211855202993,34.6967494989384,34.6967494989384,1.9791220323316447,0.20778575764746943,1.8868653290725645,0.280116667272179,7.547461316290258
2026-04-01,1.78846666264763,,,,,,,,0,0,2,2.11701443691923,1.83219531406513,2.12604875059816,2.07583444573871,,,,7.56666179284244,,2.39884954182294,,4.219,,-1.74211855202993,,34.6967494989384,1.9746048754921797,0.2013975331817313,2.0377732368303074,0.13878361103319659,8.15109294732123
