,gdp_growth,cpi_level,unrate,indpro_level,interest_rate,cpi_growth,indpro_growth,wb_gdp_growth_pct,wb_cpi_inflation_pct,wb_unemployment_pct,wb_trade_bal_gdp_pct,wb_gross_savings_pct,oecd_leading_index,recession,covid_shock,quarter,gdp_growth_lag1,gdp_growth_lag2,gdp_growth_lag3,gdp_growth_lag4,cpi_growth_lag1,cpi_growth_lag2,indpro_growth_lag1,indpro_growth_lag2,unrate_lag1,unrate_lag2,interest_rate_lag1,interest_rate_lag2,oecd_leading_index_lag1,oecd_leading_index_lag2,wb_gdp_growth_pct_lag1,wb_gdp_growth_pct_lag2,wb_cpi_inflation_pct_lag1,wb_cpi_inflation_pct_lag2,wb_unemployment_pct_lag1,wb_unemployment_pct_lag2,wb_trade_bal_gdp_pct_lag1,wb_trade_bal_gdp_pct_lag2,wb_gross_savings_pct_lag1,wb_gross_savings_pct_lag2,gdp_growth_roll2_mean,gdp_growth_roll2_std,gdp_growth_roll4_mean,gdp_growth_roll4_std,gdp_growth_yoy,unrate_diff,interest_rate_diff,oecd_leading_index_diff
2000-01-01,1.87927639100254,99.02434999999998,4.833333333333333,103.4289,0.0254633333333333,,,2.97832688768516,-0.676578683595175,4.748,1.34458408508878,32.226897643242,92.97731333333331,0,0,1,,,,,,,,,,,,,,,,,,,,,,,,,,,,,,,,
2000-04-01,0.611692933646535,99.26190333333334,4.7,106.01553333333334,0.0206366666666666,0.2396065718040851,2.4701204135567423,2.97832688768516,-0.676578683595175,4.748,1.34458408508878,32.226897643242,92.96054166666666,0,0,2,1.87927639100254,,,,,,,,4.833333333333333,,0.0254633333333333,,92.97731333333331,,2.97832688768516,,-0.676578683595175,,4.748,,1.34458408508878,,32.226897643242,,,,,,,-0.13333333333333286,-0.004826666666666701,-0.016771666666656415
2000-07-01,-0.045372685643286,99.02434999999998,4.666666666666667,106.7596,0.1419066666666666,-0.2396065718040851,0.6993953551181598,2.97832688768516,-0.676578683595175,4.748,1.34458408508878,32.226897643242,88.0215475,0,0,3,0.611692933646535,1.87927639100254,,,0.2396065718040851,,2.4701204135567423,,4.7,4.833333333333333,0.0206366666666666,0.0254633333333333,92.96054166666666,92.97731333333331,2.97832688768516,2.97832688768516,-0.676578683595175,-0.676578683595175,4.748,4.748,1.34458408508878,1.34458408508878,32.226897643242,32.226897643242,1.2454846623245375,0.89631685841632,,,,-0.033333333333333215,0.12127,-4.93899416666666
2000-10-01,1.03642660886187,98.88860333333332,4.733333333333333,107.99973333333332,0.2455166666666667,-0.1371781742100175,1.1549180177683027,2.97832688768516,-0.676578683595175,4.748,1.34458408508878,32.226897643242,47.26013,0,0,4,-0.045372685643286,0.611692933646535,1.87927639100254,,-0.2396065718040851,0.2396065718040851,0.6993953551181598,2.4701204135567423,4.666666666666667,4.7,0.1419066666666666,0.0206366666666666,88.0215475,92.96054166666666,2.97832688768516,2.97832688768516,-0.676578683595175,-0.676578683595175,4.748,4.748,1.34458408508878,1.34458408508878,32.226897643242,32.226897643242,0.2831601240016245,0.4646155550843705,,,,0.06666666666666643,0.10361000000000009,-40.7614175
2001-01-01,0.584930161270503,98.61712,4.766666666666667,104.84623333333332,0.2013466666666666,-0.2749120377202096,-2.963392561908851,0.284608556379041,-0.740055504162738,5.02,0.585420182648131,30.9468310340449,46.92335,1,0,1,1.03642660886187,-0.045372685643286,0.611692933646535,1.87927639100254,-0.1371781742100175,-0.2396065718040851,1.1549180177683027,0.6993953551181598,4.733333333333333,4.666666666666667,0.2455166666666667,0.1419066666666666,47.26013,88.0215475,2.97832688768516,2.97832688768516,-0.676578683595175,-0.676578683595175,4.748,4.748,1.34458408508878,1.34458408508878,32.226897643242,32.226897643242,0.49552696160929205,0.7649476170274188,0.8705058119669148,0.8064253055593197,3.482023247867659,0.033333333333333215,-0.0441700000000001,-0.3367799999999974
2001-04-01,-0.75867900088219,98.54924666666666,4.9,101.51550000000002,0.01873,-0.0688487972486662,-3.228333618371959,0.284608556379041,-0.740055504162738,5.02,0.585420182648131,30.9468310340449,82.258965,1,0,2,0.584930161270503,1.03642660886187,-0.045372685643286,0.611692933646535,-0.2749120377202096,-0.1371781742100175,-2.963392561908851,1.1549180177683027,4.766666666666667,4.733333333333333,0.2013466666666666,0.2455166666666667,46.92335,47.26013,0.284608556379041,2.97832688768516,-0.740055504162738,-0.676578683595175,5.02,4.748,0.585420182648131,1.34458408508878,30.9468310340449,32.226897643242,0.8106783850661865,0.3192561997734923,0.5469192545339056,0.4457456864164997,2.187677018135622,0.13333333333333375,-0.1826166666666666,35.335615000000004
2001-07-01,-1.17734158728173,98.31169666666666,5.133333333333333,97.22812,0.0093033333333333,-0.2413379833263285,-4.315152614393991,0.284608556379041,-0.740055504162738,5.02,0.585420182648131,30.9468310340449,93.00559333333332,0,0,3,-0.75867900088219,0.584930161270503,1.03642660886187,-0.045372685643286,-0.0688487972486662,-0.2749120377202096,-3.228333618371959,-2.963392561908851,4.9,4.766666666666667,0.01873,0.2013466666666666,82.258965,46.92335,0.284608556379041,0.284608556379041,-0.740055504162738,-0.740055504162738,5.02,5.02,0.585420182648131,0.585420182648131,30.9468310340449,30.9468310340449,-0.08687441980584348,0.9500751498225446,0.2043262709017243,0.7803800390793612,0.8173050836068972,0.2333333333333325,-0.0094266666666667,10.74662833333332
2001-10-01,-0.218330535818689,97.97234,5.366666666666667,94.88954,0.00247,-0.345781562837022,-2.43464917831151,0.284608556379041,-0.740055504162738,5.02,0.585420182648131,30.9468310340449,95.52257916666667,0,0,4,-1.17734158728173,-0.75867900088219,0.584930161270503,1.03642660886187,-0.2413379833263285,-0.0688487972486662,-4.315152614393991,-3.228333618371959,5.133333333333333,4.9,0.0093033333333333,0.01873,93.00559333333332,82.258965,0.284608556379041,0.284608556379041,-0.740055504162738,-0.740055504162738,5.02,5.02,0.585420182648131,0.585420182648131,30.9468310340449,30.9468310340449,-0.96801029408196,0.2960391538722128,-0.07866595450788674,1.057244392914739,-0.31466381803154697,0.23333333333333428,-0.006833333333333301,2.516985833333351
2002-01-01,0.253634203740649,97.25969,5.266666666666667,95.42103666666668,0.0013866666666666,-0.7300576296386474,0.5585586022722744,0.0849888050363319,-0.923494026942321,5.386,1.24498770452081,29.7659095325359,95.11901888888887,0,0,1,-0.218330535818689,-1.17734158728173,-0.75867900088219,0.584930161270503,-0.345781562837022,-0.2413379833263285,-2.43464917831151,-4.315152614393991,5.366666666666667,5.133333333333333,0.00247,0.0093033333333333,95.52257916666667,93.00559333333332,0.284608556379041,0.284608556379041,-0.740055504162738,-0.740055504162738,5.02,5.02,0.585420182648131,0.585420182648131,30.9468310340449,30.9468310340449,-0.6978360615502095,0.6781232177223572,-0.3923552406780265,0.7606506023151991,-1.569420962712106,-0.10000000000000053,-0.0010833333333334,-0.40356027777779957
2002-04-01,0.717661221063026,97.70085666666668,5.4,98.14937666666668,0.00142,0.4525709711107772,2.8191505600505096,0.0849888050363319,-0.923494026942321,5.386,1.24498770452081,29.7659095325359,100.40630333333333,0,0,2,0.253634203740649,-0.218330535818689,-1.17734158728173,-0.75867900088219,-0.7300576296386474,-0.345781562837022,0.5585586022722744,-2.43464917831151,5.266666666666667,5.366666666666667,0.0013866666666666,0.00247,95.11901888888887,95.52257916666667,0.0849888050363319,0.284608556379041,-0.923494026942321,-0.740055504162738,5.386,5.02,1.24498770452081,0.585420182648131,29.7659095325359,30.9468310340449,0.017651833960979996,0.33372946782335083,-0.47517923006048995,0.6246450642770848,-1.9007169202419598,0.13333333333333375,3.3333333333400135e-05,5.2872844444444524
2002-07-01,0.307704562200017,97.53118333333332,5.433333333333334,99.88558666666664,0.0029666666666666,-0.1738171419527034,1.753482775581361,0.0849888050363319,-0.923494026942321,5.386,1.24498770452081,29.7659095325359,99.57154833333334,0,0,3,0.717661221063026,0.253634203740649,-0.218330535818689,-1.17734158728173,0.4525709711107772,-0.7300576296386474,2.8191505600505096,0.5585586022722744,5.4,5.266666666666667,0.00142,0.0013866666666666,100.40630333333333,95.11901888888887,0.0849888050363319,0.0849888050363319,-0.923494026942321,-0.923494026942321,5.386,5.386,1.24498770452081,1.24498770452081,29.7659095325359,29.7659095325359,0.48564771240183746,0.32811665060242096,-0.10609417457418596,0.8099682047307897,-0.42437669829674385,0.033333333333333215,0.0015466666666666,-0.834754999999987
2002-10-01,0.23354466968637,97.42937,5.333333333333333,100.3462,0.0019366666666666,-0.1044450693722609,0.4600809426932528,0.0849888050363319,-0.923494026942321,5.386,1.24498770452081,29.7659095325359,99.89371666666666,0,0,4,0.307704562200017,0.717661221063026,0.253634203740649,-0.218330535818689,-0.1738171419527034,0.4525709711107772,1.753482775581361,2.8191505600505096,5.433333333333334,5.4,0.0029666666666666,0.00142,99.57154833333334,100.40630333333333,0.0849888050363319,0.0849888050363319,-0.923494026942321,-0.923494026942321,5.386,5.386,1.24498770452081,1.24498770452081,29.7659095325359,29.7659095325359,0.5126828916315215,0.28988313347461453,0.2651673627962508,0.38317243151751457,1.0606694511850032,-0.10000000000000053,-0.00103,0.3221683333333232
2003-01-01,-0.11491575617425,97.02214333333332,5.333333333333333,101.5856,0.0016666666666666,-0.418847099749442,1.2275585754467857,1.38010935830795,-0.256541816316025,5.251,1.58657351647021,29.8104602122409,99.95756166666666,0,0,1,0.23354466968637,0.307704562200017,0.717661221063026,0.253634203740649,-0.1044450693722609,-0.1738171419527034,0.4600809426932528,1.753482775581361,5.333333333333333,5.433333333333334,0.0019366666666666,0.0029666666666666,99.89371666666666,99.57154833333334,0.0849888050363319,0.0849888050363319,-0.923494026942321,-0.923494026942321,5.386,5.386,1.24498770452081,1.24498770452081,29.7659095325359,29.7659095325359,0.27062461594319354,0.052438962888468,0.3781361641725156,0.22850624589715457,1.5125446566900624,0.0,-0.00027000000000000006,0.0638450000000006
2003-04-01,0.825085453154673,97.46331,5.433333333333334,101.1146,0.001,0.453676525198432,-0.4647265742066864,1.38010935830795,-0.256541816316025,5.251,1.58657351647021,29.8104602122409,99.49392,0,0,2,-0.11491575617425,0.23354466968637,0.307704562200017,0.717661221063026,-0.418847099749442,-0.1044450693722609,1.2275585754467857,0.4600809426932528,5.333333333333333,5.333333333333333,0.0016666666666666,0.0019366666666666,99.95756166666666,99.89371666666666,1.38010935830795,0.0849888050363319,-0.256541816316025,-0.923494026942321,5.251,5.386,1.58657351647021,1.24498770452081,29.8104602122409,29.7659095325359,0.05931445675606,0.24639873010119692,0.2859986741937908,0.3417052838387535,1.1439946967751633,0.10000000000000053,-0.0006666666666666,-0.4636416666666605
2003-07-01,0.290163241898633,97.29363,5.166666666666667,101.76673333333332,0.0016666666666666,-0.1742480067024487,0.6428739091977498,1.38010935830795,-0.256541816316025,5.251,1.58657351647021,29.8104602122409,,0,0,3,0.825085453154673,-0.11491575617425,0.23354466968637,0.307704562200017,0.453676525198432,-0.418847099749442,-0.4647265742066864,1.2275585754467857,5.433333333333334,5.333333333333333,0.001,0.0016666666666666,99.49392,99.95756166666666,1.38010935830795,1.38010935830795,-0.256541816316025,-0.256541816316025,5.251,5.251,1.58657351647021,1.58657351647021,29.8104602122409,29.8104602122409,0.3550848484902115,0.664681229440037,0.31285473221670257,0.38802255625183857,1.2514189288668103,-0.2666666666666666,0.0006666666666666,
2003-10-01,1.01124075836776,97.12394666666668,5.033333333333333,104.70123333333332,0.001,-0.174555592480452,2.842763132924997,1.38010935830795,-0.256541816316025,5.251,1.58657351647021,29.8104602122409,,0,0,4,0.290163241898633,0.825085453154673,-0.11491575617425,0.23354466968637,-0.1742480067024487,0.453676525198432,0.6428739091977498,-0.4647265742066864,5.166666666666667,5.433333333333334,0.0016666666666666,0.001,,99.49392,1.38010935830795,1.38010935830795,-0.256541816316025,-0.256541816316025,5.251,5.251,1.58657351647021,1.58657351647021,29.8104602122409,29.8104602122409,0.557624347526653,0.37824712298644947,0.30846940214135654,0.3881992475876312,1.2338776085654262,-0.13333333333333375,-0.0006666666666666,
2004-01-01,0.855476732298666,96.8864,4.9,106.00546666666666,0.0006666666666666,-0.2448805328735481,1.2379767614195458,2.11294823723127,-0.0085733882031027,4.734,1.88919861265864,30.3046804780382,,0,0,1,1.01124075836776,0.290163241898633,0.825085453154673,-0.11491575617425,-0.174555592480452,-0.1742480067024487,2.842763132924997,0.6428739091977498,5.033333333333333,5.166666666666667,0.001,0.0016666666666666,,,1.38010935830795,1.38010935830795,-0.256541816316025,-0.256541816316025,5.251,5.251,1.58657351647021,1.58657351647021,29.8104602122409,29.8104602122409,0.6507020001331966,0.5098788016564747,0.502893424311704,0.5128895363506888,2.011573697246816,-0.13333333333333286,-0.00033333333333340005,
2004-04-01,-0.07277995161612,97.15788666666668,4.733333333333333,107.56333333333332,0.0006666666666666,0.2798194664454634,1.4589156266105796,2.11294823723127,-0.0085733882031027,4.734,1.88919861265864,30.3046804780382,44.14048,0,0,2,0.855476732298666,1.01124075836776,0.290163241898633,0.825085453154673,-0.2448805328735481,-0.174555592480452,1.2379767614195458,2.842763132924997,4.9,5.033333333333333,0.0006666666666666,0.001,,,2.11294823723127,1.38010935830795,-0.0085733882031027,-0.256541816316025,4.734,5.251,1.88919861265864,1.58657351647021,30.3046804780382,29.8104602122409,0.9333587453332131,0.11014179909837826,0.7454915464299331,0.3143132406009498,2.9819661857197324,-0.16666666666666696,0.0,
2004-07-01,0.554231660435534,97.19182,4.766666666666667,108.4328,0.0006666666666666,0.0349198712569887,0.8050804886955198,2.11294823723127,-0.0085733882031027,4.734,1.88919861265864,30.3046804780382,45.18363,0,0,3,-0.07277995161612,0.855476732298666,1.01124075836776,0.290163241898633,0.2798194664454634,-0.2448805328735481,1.4589156266105796,1.2379767614195458,4.733333333333333,4.9,0.0006666666666666,0.0006666666666666,44.14048,,2.11294823723127,2.11294823723127,-0.0085733882031027,-0.0085733882031027,4.734,4.734,1.88919861265864,1.88919861265864,30.3046804780382,30.3046804780382,0.391348390341273,0.6563765958778831,0.5210251952372349,0.5026831085640938,2.0841007809489396,0.033333333333333215,0.0,1.0431500000000042
2004-10-01,-0.381333471772494,97.63298333333334,4.533333333333333,106.47646666666668,0.001,0.4528828771463544,-1.8206635796452095,2.11294823723127,-0.0085733882031027,4.734,1.88919861265864,30.3046804780382,73.53953,0,0,4,0.554231660435534,-0.07277995161612,0.855476732298666,1.01124075836776,0.0349198712569887,0.2798194664454634,0.8050804886955198,1.4589156266105796,4.766666666666667,4.733333333333333,0.0006666666666666,0.0006666666666666,45.18363,44.14048,2.11294823723127,2.11294823723127,-0.0085733882031027,-0.0085733882031027,4.734,4.734,1.88919861265864,1.88919861265864,30.3046804780382,30.3046804780382,0.24072585440970695,0.4433641627644336,0.5870422998714601,0.4790418625831803,2.3481691994858402,-0.2333333333333334,0.00033333333333340005,28.3559
2005-01-01,0.618957320270663,96.92033333333332,4.533333333333333,108.57776666666666,0.0013333333333333,-0.7326045112876933,1.9542669248250988,1.8482813374834,-0.282946068764391,4.446,1.38779408141497,30.435900399459,47.03823,0,0,1,-0.381333471772494,0.554231660435534,-0.07277995161612,0.855476732298666,0.4528828771463544,0.0349198712569887,-1.8206635796452095,0.8050804886955198,4.533333333333333,4.766666666666667,0.001,0.0006666666666666,73.53953,45.18363,2.11294823723127,2.11294823723127,-0.0085733882031027,-0.0085733882031027,4.734,4.734,1.88919861265864,1.88919861265864,30.3046804780382,30.3046804780382,0.08644909433151998,0.6615444492259855,0.23889874233639655,0.5661080210893777,0.9555949693455862,0.0,0.0003333333333332999,-26.5013
2005-04-01,0.961492887372262,97.05607666666668,4.433333333333334,108.79513333333334,0.001,0.1399586222794901,0.1999943315087904,1.8482813374834,-0.282946068764391,4.446,1.38779408141497,30.435900399459,75.321815,0,0,2,0.618957320270663,-0.381333471772494,0.554231660435534,-0.07277995161612,-0.7326045112876933,0.4528828771463544,1.9542669248250988,-1.8206635796452095,4.533333333333333,4.533333333333333,0.0013333333333333,0.001,47.03823,73.53953,1.8482813374834,2.11294823723127,-0.282946068764391,-0.0085733882031027,4.446,4.734,1.38779408141497,1.88919861265864,30.435900399459,30.3046804780382,0.11881192424908449,0.707312402212179,0.17976888932939578,0.48707481338913433,0.7190755573175831,-0.09999999999999964,-0.0003333333333332999,28.283585000000002
2005-07-01,0.901282735907616,96.8864,4.3,108.43283333333332,0.001,-0.1749763258406034,-0.3335669356876458,1.8482813374834,-0.282946068764391,4.446,1.38779408141497,30.435900399459,49.1217,0,0,3,0.961492887372262,0.618957320270663,-0.381333471772494,0.554231660435534,0.1399586222794901,-0.7326045112876933,0.1999943315087904,1.9542669248250988,4.433333333333334,4.533333333333333,0.001,0.0013333333333333,75.321815,47.03823,1.8482813374834,1.8482813374834,-0.282946068764391,-0.282946068764391,4.446,4.446,1.38779408141497,1.38779408141497,30.435900399459,30.435900399459,0.7902251038214625,0.24220922229512182,0.4383370990764913,0.5749223243766958,1.7533483963059653,-0.13333333333333375,0.0,-26.200115000000004
2005-10-01,0.280640601241355,96.8864,4.433333333333334,109.62836666666664,0.001,0.0,1.0965227304772007,1.8482813374834,-0.282946068764391,4.446,1.38779408141497,30.435900399459,75.64713499999999,0,0,4,0.901282735907616,0.961492887372262,0.618957320270663,-0.381333471772494,-0.1749763258406034,0.1399586222794901,-0.3335669356876458,0.1999943315087904,4.3,4.433333333333334,0.001,0.001,49.1217,75.321815,1.8482813374834,1.8482813374834,-0.282946068764391,-0.282946068764391,4.446,4.446,1.38779408141497,1.38779408141497,30.435900399459,30.435900399459,0.931387811639939,0.04257500639693014,0.5250998679445118,0.6224636638021255,2.100399471778047,0.13333333333333375,0.0,26.525434999999995
2006-01-01,0.07763882195535,96.78459,4.2,111.07753333333334,0.0013333333333333,-0.1051370774510118,1.3132294997149074,1.54630843078741,0.249355116079085,4.192,1.28352504597033,30.7861914859199,92.71939,0,0,1,0.280640601241355,0.901282735907616,0.961492887372262,0.618957320270663,0.0,-0.1749763258406034,1.0965227304772007,-0.3335669356876458,4.433333333333334,4.3,0.001,0.001,75.64713499999999,49.1217,1.8482813374834,1.8482813374834,-0.282946068764391,-0.282946068764391,4.446,4.446,1.38779408141497,1.38779408141497,30.435900399459,30.435900399459,0.5909616685744855,0.4388602621126082,0.6905933861979741,0.31143193673352365,2.7623735447918962,-0.2333333333333334,0.0003333333333332999,17.072255000000013
2006-04-01,0.277712661611118,97.22576,4.133333333333333,112.92516666666666,0.0193333333333333,0.4547909535864036,1.6496901471119152,1.54630843078741,0.249355116079085,4.192,1.28352504597033,30.7861914859199,95.81383555555556,0,0,2,0.07763882195535,0.280640601241355,0.901282735907616,0.961492887372262,-0.1051370774510118,0.0,1.3132294997149074,1.0965227304772007,4.2,4.433333333333334,0.0013333333333333,0.001,92.71939,75.64713499999999,1.54630843078741,1.8482813374834,0.249355116079085,-0.282946068764391,4.192,4.446,1.28352504597033,1.38779408141497,30.7861914859199,30.435900399459,0.17913971159835249,0.1435439347260697,0.5552637616191457,0.4428298004058735,2.221055046476583,-0.06666666666666732,0.018,3.094445555555552
2006-07-01,-0.013384859449628,97.49724,4.1,113.97586666666666,0.222,0.2788372980047526,0.9261372631906184,1.54630843078741,0.249355116079085,4.192,1.28352504597033,30.7861914859199,97.52488333333334,0,0,3,0.277712661611118,0.07763882195535,0.280640601241355,0.901282735907616,0.4547909535864036,-0.1051370774510118,1.6496901471119152,1.3132294997149074,4.133333333333333,4.2,0.0193333333333333,0.0013333333333333,95.81383555555556,92.71939,1.54630843078741,1.54630843078741,0.249355116079085,0.249355116079085,4.192,4.192,1.28352504597033,1.28352504597033,30.7861914859199,30.7861914859199,0.177675741783234,0.14147356875862432,0.3843187051788598,0.35749981706408,1.5372748207154392,-0.033333333333333215,0.20266666666666672,1.7110477777777788
2006-10-01,1.3425990835924,97.22575666666668,4.033333333333333,115.20763333333332,0.2553333333333333,-0.2788407264515236,1.0749277563341764,1.54630843078741,0.249355116079085,4.192,1.28352504597033,30.7861914859199,98.07003611111112,0,0,4,-0.013384859449628,0.277712661611118,0.07763882195535,0.280640601241355,0.2788372980047526,0.4547909535864036,0.9261372631906184,1.6496901471119152,4.1,4.133333333333333,0.222,0.0193333333333333,97.52488333333334,95.81383555555556,1.54630843078741,1.54630843078741,0.249355116079085,0.249355116079085,4.192,4.192,1.28352504597033,1.28352504597033,30.7861914859199,30.7861914859199,0.132163901080745,0.20583703112864776,0.1556518063395488,0.1474002163660609,0.6226072253581952,-0.06666666666666643,0.0333333333333333,0.5451527777777869
2007-01-01,0.718324854297459,96.68278333333336,4.0,114.88153333333332,0.3776666666666666,-0.5600318092890966,-0.283455516891351,1.72837912865577,0.060039454498669,3.888,1.74245383201569,31.3337221106681,99.47380277777778,0,0,1,1.3425990835924,-0.013384859449628,0.277712661611118,0.07763882195535,-0.2788407264515236,0.2788372980047526,1.0749277563341764,0.9261372631906184,4.033333333333333,4.1,0.2553333333333333,0.222,98.07003611111112,97.52488333333334,1.54630843078741,1.54630843078741,0.249355116079085,0.249355116079085,4.192,4.192,1.28352504597033,1.28352504597033,30.7861914859199,30.7861914859199,0.664607112071386,0.9588254413050916,0.42114142692731005,0.6262223132727178,1.6845657077092402,-0.033333333333333215,0.1223333333333333,1.4037666666666553
2007-04-01,0.156997542107229,97.15788666666668,3.766666666666667,115.64236666666666,0.514,0.4902008280459391,0.6600930280417749,1.72837912865577,0.060039454498669,3.888,1.74245383201569,31.3337221106681,97.5010711111111,0,0,2,0.718324854297459,1.3425990835924,-0.013384859449628,0.277712661611118,-0.5600318092890966,-0.2788407264515236,-0.283455516891351,1.0749277563341764,4.0,4.033333333333333,0.3776666666666666,0.2553333333333333,99.47380277777778,98.07003611111112,1.72837912865577,1.54630843078741,0.060039454498669,0.249355116079085,3.888,4.192,1.74245383201569,1.28352504597033,31.3337221106681,30.7861914859199,1.0304619689449295,0.4414285408544598,0.5813129350128372,0.5899625577930856,2.325251740051349,-0.23333333333333295,0.13633333333333342,-1.9727316666666752
2007-07-01,-0.655383358960093,97.3615,3.733333333333333,117.56246666666668,0.498,0.2093502464592944,1.646744077191542,1.72837912865577,0.060039454498669,3.888,1.74245383201569,31.3337221106681,95.31595833333334,0,0,3,0.156997542107229,0.718324854297459,1.3425990835924,-0.013384859449628,0.4902008280459391,-0.5600318092890966,0.6600930280417749,-0.283455516891351,3.766666666666667,4.0,0.514,0.3776666666666666,97.5010711111111,99.47380277777778,1.72837912865577,1.72837912865577,0.060039454498669,0.060039454498669,3.888,3.888,1.74245383201569,1.74245383201569,31.3337221106681,31.3337221106681,0.43766119820234395,0.39691834891492994,0.551134155136865,0.6132957009526786,2.20453662054746,-0.0333333333333341,-0.016000000000000014,-2.1851127777777606
2007-10-01,0.564815346851932,97.70085666666668,3.8333333333333335,118.3233,0.501,0.3479472050276655,0.6450884956060499,1.72837912865577,0.060039454498669,3.888,1.74245383201569,31.3337221106681,98.55960833333334,0,0,4,-0.655383358960093,0.156997542107229,0.718324854297459,1.3425990835924,0.2093502464592944,0.4902008280459391,1.646744077191542,0.6600930280417749,3.733333333333333,3.766666666666667,0.498,0.514,95.31595833333334,97.5010711111111,1.72837912865577,1.72837912865577,0.060039454498669,0.060039454498669,3.888,3.888,1.74245383201569,1.74245383201569,31.3337221106681,31.3337221106681,-0.24919290842643205,0.5744400440511402,0.39063453025924877,0.8489909944694521,1.562538121036995,0.10000000000000053,0.0030000000000000027,3.2436500000000024
2008-01-01,0.20709984640479,97.63298666666668,3.9,118.95823333333334,0.5056666666666666,-0.0694912889369625,0.5351742631194867,-1.16662209355141,1.3800788616492,4.002,0.336361083060188,29.7016885393561,99.50911866666668,0,0,1,0.564815346851932,-0.655383358960093,0.156997542107229,0.718324854297459,0.3479472050276655,0.2093502464592944,0.6450884956060499,1.646744077191542,3.8333333333333335,3.733333333333333,0.501,0.498,98.55960833333334,95.31595833333334,1.72837912865577,1.72837912865577,0.060039454498669,0.060039454498669,3.888,3.888,1.74245383201569,1.74245383201569,31.3337221106681,31.3337221106681,-0.045284006054080506,0.8628107792747316,0.19618859607413178,0.61514840671508,0.7847543842965271,0.06666666666666643,0.004666666666666597,0.9495103333333361
2008-04-01,-0.474771372135252,98.44744,3.966666666666667,117.07653333333332,0.5066666666666667,0.8307387240440889,-1.5944599109916524,-1.16662209355141,1.3800788616492,4.002,0.336361083060188,29.7016885393561,97.36326388888888,0,0,2,0.20709984640479,0.564815346851932,-0.655383358960093,0.156997542107229,-0.0694912889369625,0.3479472050276655,0.5351742631194867,0.6450884956060499,3.9,3.8333333333333335,0.5056666666666666,0.501,99.50911866666668,98.55960833333334,-1.16662209355141,1.72837912865577,1.3800788616492,0.060039454498669,4.002,3.888,0.336361083060188,1.74245383201569,29.7016885393561,31.3337221106681,0.38595759662836104,0.2529430561017132,0.06838234410096454,0.5155507469075864,0.27352937640385816,0.06666666666666687,0.001000000000000112,-2.1458547777777994
2008-07-01,-1.11113816020559,99.46551333333332,4.0,112.83413333333333,0.5006666666666667,1.0288182720191053,-3.690895823893925,-1.16662209355141,1.3800788616492,4.002,0.336361083060188,29.7016885393561,97.42151944444446,1,0,3,-0.474771372135252,0.20709984640479,0.564815346851932,-0.655383358960093,0.8307387240440889,-0.0694912889369625,-1.5944599109916524,0.5351742631194867,3.966666666666667,3.9,0.5066666666666667,0.5056666666666666,97.36326388888888,99.50911866666668,-1.16662209355141,-1.16662209355141,1.3800788616492,1.3800788616492,4.002,4.002,0.336361083060188,0.336361083060188,29.7016885393561,29.7016885393561,-0.133835762865231,0.4821557625255969,-0.08955988445965571,0.5729333974682842,-0.35823953783862283,0.033333333333333215,-0.006000000000000005,0.05825555555557571
2008-10-01,-2.37735006696754,98.71893,4.066666666666666,102.43341,0.333,-0.7534263057488388,-9.670596484015448,-1.16662209355141,1.3800788616492,4.002,0.336361083060188,29.7016885393561,95.44307272222224,1,0,4,-1.11113816020559,-0.474771372135252,0.20709984640479,0.564815346851932,1.0288182720191053,0.8307387240440889,-3.690895823893925,-1.5944599109916524,4.0,3.966666666666667,0.5006666666666667,0.5066666666666667,97.42151944444446,97.36326388888888,-1.16662209355141,-1.16662209355141,1.3800788616492,1.3800788616492,4.002,4.002,0.336361083060188,0.336361083060188,29.7016885393561,29.7016885393561,-0.792954766170421,0.44997927116643616,-0.20349858477102997,0.7430333983676556,-0.8139943390841199,0.06666666666666643,-0.16766666666666669,-1.9784467222222162
2009-01-01,-4.43779527141043,97.53118333333332,4.566666666666666,82.31622,0.1103333333333333,-1.2104565433300962,-21.86447568181613,-5.9359411383964,-1.35283672951719,5.068,0.443906691282091,26.3633389932188,95.147306015873,1,0,1,-2.37735006696754,-1.11113816020559,-0.474771372135252,0.20709984640479,-0.7534263057488388,1.0288182720191053,-9.670596484015448,-3.690895823893925,4.066666666666666,4.0,0.333,0.5006666666666667,95.44307272222224,97.42151944444446,-1.16662209355141,-1.16662209355141,1.3800788616492,1.3800788616492,4.002,4.002,0.336361083060188,0.336361083060188,29.7016885393561,29.7016885393561,-1.744244113586565,0.8953470256905209,-0.9390399382258979,1.0996265323315477,-3.7561597529035917,0.5,-0.22266666666666673,-0.29576670634924085
2009-04-01,1.12386302220036,97.53118,5.1000000000000005,86.38755333333334,0.1033333333333333,-3.417710381370398e-06,4.827543468642492,-5.9359411383964,-1.35283672951719,5.068,0.443906691282091,26.3633389932188,95.14728577777775,1,0,2,-4.43779527141043,-2.37735006696754,-1.11113816020559,-0.474771372135252,-1.2104565433300962,-0.7534263057488388,-21.86447568181613,-9.670596484015448,4.566666666666666,4.066666666666666,0.1103333333333333,0.333,95.147306015873,95.44307272222224,-5.9359411383964,-1.16662209355141,-1.35283672951719,1.3800788616492,5.068,4.002,0.443906691282091,0.336361083060188,26.3633389932188,29.7016885393561,-3.4075726691889847,1.4569547763248674,-2.1002637176797028,1.747514934940521,-8.401054870718811,0.5333333333333341,-0.006999999999999992,-2.02380952458725e-05
2009-07-01,-0.645802431348663,97.22576,5.433333333333334,91.21157333333332,0.1033333333333333,-0.3136424821339467,5.433818282329117,-5.9359411383964,-1.35283672951719,5.068,0.443906691282091,26.3633389932188,95.82391144444443,0,0,3,1.12386302220036,-4.43779527141043,-2.37735006696754,-1.11113816020559,-3.417710381370398e-06,-1.2104565433300962,4.827543468642492,-21.86447568181613,5.1000000000000005,4.566666666666666,0.1033333333333333,0.1103333333333333,95.14728577777775,95.147306015873,-5.9359411383964,-5.9359411383964,-1.35283672951719,-1.35283672951719,5.068,5.068,0.443906691282091,0.443906691282091,26.3633389932188,26.3633389932188,-1.656966124605035,3.9326862940545912,-1.7006051190957998,2.3291833498187278,-6.802420476383199,0.33333333333333304,0.0,0.6766256666666806
2009-10-01,1.59975275704536,96.71672,5.2,97.64359666666668,0.104,-0.5249403523508889,6.814229122862425,-5.9359411383964,-1.35283672951719,5.068,0.443906691282091,26.3633389932188,98.21397126984128,0,0,4,-0.645802431348663,1.12386302220036,-4.43779527141043,-2.37735006696754,-0.3136424821339467,-3.417710381370398e-06,5.433818282329117,4.827543468642492,5.433333333333334,5.1000000000000005,0.1033333333333333,0.1033333333333333,95.82391144444443,95.14728577777775,-5.9359411383964,-5.9359411383964,-1.35283672951719,-1.35283672951719,5.068,5.068,0.443906691282091,0.443906691282091,26.3633389932188,26.3633389932188,0.23903029542584853,1.2513424426360815,-1.5842711868815678,2.3795159389069016,-6.337084747526271,-0.2333333333333334,0.0006666666666666904,2.390059825396847
2010-01-01,1.23591456628318,96.68278333333332,5.033333333333333,101.407,0.098,-0.0350948853850674,3.781804146244294,4.13645589222239,-0.728243207517779,5.102,1.32546071702726,27.3250376618032,99.30667706349205,0,0,1,1.59975275704536,-0.645802431348663,1.12386302220036,-4.43779527141043,-0.5249403523508889,-0.3136424821339467,6.814229122862425,5.433818282329117,5.2,5.433333333333334,0.104,0.1033333333333333,98.21397126984128,95.82391144444443,-5.9359411383964,-5.9359411383964,-1.35283672951719,-1.35283672951719,5.068,5.068,0.443906691282091,0.443906691282091,26.3633389932188,26.3633389932188,0.4769751628483485,1.587847301242049,-0.589995480878343,2.741105978603327,-2.359981923513372,-0.16666666666666696,-0.0059999999999999915,1.0927057936507651
2010-04-01,1.38423405088661,96.75065666666666,5.133333333333333,102.4676,0.093,0.070177458581,1.0404528743172214,4.13645589222239,-0.728243207517779,5.102,1.32546071702726,27.3250376618032,100.5560786111111,0,0,2,1.23591456628318,1.59975275704536,-0.645802431348663,1.12386302220036,-0.0350948853850674,-0.5249403523508889,3.781804146244294,6.814229122862425,5.033333333333333,5.2,0.098,0.104,99.30667706349205,98.21397126984128,4.13645589222239,-5.9359411383964,-0.728243207517779,-1.35283672951719,5.102,5.068,1.32546071702726,0.443906691282091,27.3250376618032,26.3633389932188,1.41783366166427,0.2572724519425866,0.8284319785450596,1.0035975952419087,3.3137279141802383,0.09999999999999964,-0.0050000000000000044,1.2494015476190583
2010-07-01,1.73058156774584,96.24162333333334,5.066666666666666,103.9388,0.0933333333333333,-0.5275180061719453,1.42556133433418,4.13645589222239,-0.728243207517779,5.102,1.32546071702726,27.3250376618032,101.18613333333332,0,0,3,1.38423405088661,1.23591456628318,1.59975275704536,-0.645802431348663,0.070177458581,-0.0350948853850674,1.0404528743172214,3.781804146244294,5.133333333333333,5.033333333333333,0.093,0.098,100.5560786111111,99.30667706349205,4.13645589222239,4.13645589222239,-0.728243207517779,-0.728243207517779,5.102,5.102,1.32546071702726,1.32546071702726,27.3250376618032,27.3250376618032,1.3100743085848952,0.1048777133451888,0.893524735716622,1.037033039243068,3.574098942866488,-0.06666666666666643,0.0003333333333332966,0.6300547222222121
2010-10-01,-0.865761056426606,96.44523666666667,5.0,103.28873333333333,0.0896666666666666,0.2113412498601086,-0.6273961655267613,4.13645589222239,-0.728243207517779,5.102,1.32546071702726,27.3250376618032,101.47938888888888,0,0,4,1.73058156774584,1.38423405088661,1.23591456628318,1.59975275704536,-0.5275180061719453,0.070177458581,1.42556133433418,1.0404528743172214,5.066666666666666,5.133333333333333,0.0933333333333333,0.093,101.18613333333332,100.5560786111111,4.13645589222239,4.13645589222239,-0.728243207517779,-0.728243207517779,5.102,5.102,1.32546071702726,1.32546071702726,27.3250376618032,27.3250376618032,1.5574078093162251,0.24490467781828895,1.487620735490248,0.22033940367730107,5.950482941960992,-0.06666666666666643,-0.003666666666666693,0.29325555555556093
2011-01-01,-1.44120277619783,96.17375,4.733333333333333,99.52529333333332,0.0876666666666666,-0.2818900162841586,-3.711648652099342,-0.20035785332982,-0.27245561610124,4.55,-0.642332911629838,26.4765417956248,100.8263,1,0,1,-0.865761056426606,1.73058156774584,1.38423405088661,1.23591456628318,0.2113412498601086,-0.5275180061719453,-0.6273961655267613,1.42556133433418,5.0,5.066666666666666,0.0896666666666666,0.0933333333333333,101.47938888888888,101.18613333333332,4.13645589222239,4.13645589222239,-0.728243207517779,-0.728243207517779,5.102,5.102,1.32546071702726,1.32546071702726,27.3250376618032,27.3250376618032,0.43241025565961705,1.8358914758360125,0.8712422821222563,1.1764056890377401,3.484969128489025,-0.2666666666666666,-0.0020000000000000018,-0.653088888888874
2011-04-01,-0.634294867092811,96.37736333333334,4.666666666666667,95.48818,0.0666666666666666,0.2114902435017995,-4.14093460221201,-0.20035785332982,-0.27245561610124,4.55,-0.642332911629838,26.4765417956248,100.49785,0,0,2,-1.44120277619783,-0.865761056426606,1.73058156774584,1.38423405088661,-0.2818900162841586,0.2113412498601086,-3.711648652099342,-0.6273961655267613,4.733333333333333,5.0,0.0876666666666666,0.0896666666666666,100.8263,101.47938888888888,-0.20035785332982,4.13645589222239,-0.27245561610124,-0.728243207517779,4.55,5.102,-0.642332911629838,1.32546071702726,26.4765417956248,27.3250376618032,-1.153481916312218,0.40689874222787814,0.20196294650200364,1.58896905698441,0.8078517860080145,-0.06666666666666643,-0.021000000000000005,-0.3284500000000037
2011-07-01,2.40510214901299,96.37736333333334,4.466666666666667,101.81756666666666,0.078,0.0,6.418017961276856,-0.20035785332982,-0.27245561610124,4.55,-0.642332911629838,26.4765417956248,,0,0,3,-0.634294867092811,-1.44120277619783,-0.865761056426606,1.73058156774584,0.2114902435017995,-0.2818900162841586,-4.14093460221201,-3.711648652099342,4.666666666666667,4.733333333333333,0.0666666666666666,0.0876666666666666,100.49785,100.8263,-0.20035785332982,-0.20035785332982,-0.27245561610124,-0.27245561610124,4.55,4.55,-0.642332911629838,-0.642332911629838,26.4765417956248,26.4765417956248,-1.0377488216453206,0.570570054321215,-0.30266928299285156,1.3973087717129145,-1.2106771319714063,-0.20000000000000018,0.011333333333333404,
2011-10-01,0.028441400043455,96.13981666666666,4.466666666666667,102.87816666666669,0.0786666666666666,-0.2467798325554326,1.0362790410629152,-0.20035785332982,-0.27245561610124,4.55,-0.642332911629838,26.4765417956248,,0,0,4,2.40510214901299,-0.634294867092811,-1.44120277619783,-0.865761056426606,0.0,0.2114902435017995,6.418017961276856,-4.14093460221201,4.466666666666667,4.666666666666667,0.078,0.0666666666666666,,100.49785,-0.20035785332982,-0.20035785332982,-0.27245561610124,-0.27245561610124,4.55,4.55,-0.642332911629838,-0.642332911629838,26.4765417956248,26.4765417956248,0.8854036409600894,2.1491782408065703,-0.13403913767606412,1.7264209618781345,-0.5361565507042565,0.0,0.0006666666666665932,
2012-01-01,1.5009944172246,96.47917333333334,4.5,103.66506666666668,0.083,0.3523609149675089,0.7619749091936079,1.64893452981225,-0.0440645104432602,4.358,-1.62646863104798,25.8689648374274,98.99105,0,0,1,0.028441400043455,2.40510214901299,-0.634294867092811,-1.44120277619783,-0.2467798325554326,0.0,1.0362790410629152,6.418017961276856,4.466666666666667,4.466666666666667,0.0786666666666666,0.078,,,-0.20035785332982,-0.20035785332982,-0.27245561610124,-0.27245561610124,4.55,4.55,-0.642332911629838,-0.642332911629838,26.4765417956248,26.4765417956248,1.2167717745282225,1.6805529321762573,0.08951147644145112,1.6565698962318742,0.3580459057658045,0.033333333333333215,0.004333333333333411,
2012-04-01,-0.909375413207802,96.54704,4.4,101.47543333333334,0.0783333333333333,0.0703186041845604,-2.134845624683912,1.64893452981225,-0.0440645104432602,4.358,-1.62646863104798,25.8689648374274,100.6348,0,0,2,1.5009944172246,0.028441400043455,2.40510214901299,-0.634294867092811,0.3523609149675089,-0.2467798325554326,0.7619749091936079,1.0362790410629152,4.5,4.466666666666667,0.083,0.0786666666666666,98.99105,,1.64893452981225,-0.20035785332982,-0.0440645104432602,-0.27245561610124,4.358,4.55,-1.62646863104798,-0.642332911629838,25.8689648374274,26.4765417956248,0.7647179086340274,1.0412522241054987,0.8250607747970586,1.380548001211615,3.3002430991882346,-0.09999999999999964,-0.004666666666666708,1.6437499999999972
2012-07-01,-0.385673198215941,95.97013666666668,4.233333333333333,98.32785666666666,0.085,-0.5993284029599089,-3.150936185614128,1.64893452981225,-0.0440645104432602,4.358,-1.62646863104798,25.8689648374274,100.60864,0,0,3,-0.909375413207802,1.5009944172246,0.028441400043455,2.40510214901299,0.0703186041845604,0.3523609149675089,-2.134845624683912,0.7619749091936079,4.4,4.5,0.0783333333333333,0.083,100.6348,98.99105,1.64893452981225,1.64893452981225,-0.0440645104432602,-0.0440645104432602,4.358,4.358,-1.62646863104798,-1.62646863104798,25.8689648374274,25.8689648374274,0.29580950200839895,1.70438885226622,0.7562906382683109,1.480694772168397,3.0251625530732436,-0.16666666666666696,0.00666666666666671,-0.026160000000004402
2012-10-01,-0.058496259396745,95.90226666666666,4.166666666666667,96.75406333333336,0.0843333333333333,-0.0707449342913335,-1.61350419001014,1.64893452981225,-0.0440645104432602,4.358,-1.62646863104798,25.8689648374274,98.26403333333332,0,0,4,-0.385673198215941,-0.909375413207802,1.5009944172246,0.028441400043455,-0.5993284029599089,0.0703186041845604,-3.150936185614128,-2.134845624683912,4.233333333333333,4.4,0.085,0.0783333333333333,100.60864,100.6348,1.64893452981225,1.64893452981225,-0.0440645104432602,-0.0440645104432602,4.358,4.358,-1.62646863104798,-1.62646863104798,25.8689648374274,25.8689648374274,-0.6475243057118715,0.37031338754315657,0.05859680146107819,1.0353367038760792,0.23438720584431277,-0.06666666666666643,-0.0006666666666667043,-2.344606666666678
2013-01-01,1.24441333784973,95.83439666666668,4.2,96.75715,0.081,-0.0707950181825012,0.0031901682737256,1.99727653399265,0.335037912184741,4.038,-2.38395128356965,26.1985175657253,99.07711611111112,0,0,1,-0.058496259396745,-0.385673198215941,-0.909375413207802,1.5009944172246,-0.0707449342913335,-0.5993284029599089,-1.61350419001014,-3.150936185614128,4.166666666666667,4.233333333333333,0.0843333333333333,0.085,98.26403333333332,100.60864,1.64893452981225,1.64893452981225,-0.0440645104432602,-0.0440645104432602,4.358,4.358,-1.62646863104798,-1.62646863104798,25.8689648374274,25.8689648374274,-0.222084728806343,0.23134903208690555,0.036862386601028196,1.0370917941834776,0.14744954640411279,0.033333333333333215,-0.0033333333333332993,0.813082777777808
2013-04-01,1.05852823418979,96.27555666666666,4.033333333333333,98.75695,0.07,0.4592794572296554,2.045755006345651,1.99727653399265,0.335037912184741,4.038,-2.38395128356965,26.1985175657253,98.86121861111113,0,0,2,1.24441333784973,-0.058496259396745,-0.385673198215941,-0.909375413207802,-0.0707950181825012,-0.0707449342913335,0.0031901682737256,-1.61350419001014,4.2,4.166666666666667,0.081,0.0843333333333333,99.07711611111112,98.26403333333332,1.99727653399265,1.64893452981225,0.335037912184741,-0.0440645104432602,4.038,4.358,-2.38395128356965,-1.62646863104798,26.1985175657253,25.8689648374274,0.5929585392264924,0.9212962114860158,-0.027282883242689293,0.9173724076365355,-0.10913153297075717,-0.16666666666666696,-0.010999999999999996,-0.21589749999999697
2013-07-01,0.953712103148985,96.81853,3.933333333333333,100.55673333333334,0.07,0.5623939850610604,1.806029795076736,1.99727653399265,0.335037912184741,4.038,-2.38395128356965,26.1985175657253,99.38265,0,0,3,1.05852823418979,1.24441333784973,-0.058496259396745,-0.385673198215941,0.4592794572296554,-0.0707950181825012,2.045755006345651,0.0031901682737256,4.033333333333333,4.2,0.07,0.081,98.86121861111113,99.07711611111112,1.99727653399265,1.99727653399265,0.335037912184741,0.335037912184741,4.038,4.038,-2.38395128356965,-2.38395128356965,26.1985175657253,26.1985175657253,1.15147078601976,0.1314406173195113,0.4646930286067087,0.8077651809855988,1.8587721144268348,-0.10000000000000009,0.0,0.5214313888888711
2013-10-01,-0.140966047253321,97.25969,3.8666666666666663,101.75666666666666,0.07,0.4546216054817975,1.186226323958195,1.99727653399265,0.335037912184741,4.038,-2.38395128356965,26.1985175657253,100.06326722222222,0,0,4,0.953712103148985,1.05852823418979,1.24441333784973,-0.058496259396745,0.5623939850610604,0.4592794572296554,1.806029795076736,2.045755006345651,3.933333333333333,4.033333333333333,0.07,0.07,99.38265,98.86121861111113,1.99727653399265,1.99727653399265,0.335037912184741,0.335037912184741,4.038,4.038,-2.38395128356965,-2.38395128356965,26.1985175657253,26.1985175657253,1.0061201686693875,0.07411619703669428,0.7995393539479403,0.5845175936917506,3.198157415791761,-0.06666666666666687,0.0,0.6806172222222244
2014-01-01,0.998159544226285,97.29362333333334,3.6666666666666665,103.5898,0.0733333333333333,0.0348833264220083,1.7854527137978415,0.905915486065865,2.75922671353253,3.589,-2.54859947339685,27.0705807856305,100.0797288888889,0,0,1,-0.140966047253321,0.953712103148985,1.05852823418979,1.24441333784973,0.4546216054817975,0.5623939850610604,1.186226323958195,1.806029795076736,3.8666666666666663,3.933333333333333,0.07,0.07,100.06326722222222,99.38265,1.99727653399265,1.99727653399265,0.335037912184741,0.335037912184741,4.038,4.038,-2.38395128356965,-2.38395128356965,26.1985175657253,26.1985175657253,0.40637302794783203,0.7740543433662171,0.7789219069837962,0.6249286443131624,3.1156876279351846,-0.19999999999999973,0.0033333333333332993,0.016461666666671704
2014-04-01,-1.38921139190274,99.70306666666666,3.633333333333333,100.75676,0.0666666666666666,2.4462984536384624,-2.772957402975873,0.905915486065865,2.75922671353253,3.589,-2.54859947339685,27.0705807856305,100.01783111111112,0,0,2,0.998159544226285,-0.140966047253321,0.953712103148985,1.05852823418979,0.0348833264220083,0.4546216054817975,1.7854527137978415,1.186226323958195,3.6666666666666665,3.8666666666666663,0.0733333333333333,0.07,100.0797288888889,100.06326722222222,0.905915486065865,1.99727653399265,2.75922671353253,0.335037912184741,3.589,4.038,-2.54859947339685,-2.38395128356965,27.0705807856305,26.1985175657253,0.428596748486482,0.8054834303583654,0.7173584585779349,0.5738263582027904,2.8694338343117396,-0.03333333333333366,-0.00666666666666671,-0.061897777777772944
2014-07-01,0.193510360556348,100.07638,3.5666666666666664,100.15680333333334,0.07,0.3737259003075088,-0.597230410932692,0.905915486065865,2.75922671353253,3.589,-2.54859947339685,27.0705807856305,100.06473055555556,0,0,3,-1.38921139190274,0.998159544226285,-0.140966047253321,0.953712103148985,2.4462984536384624,0.0348833264220083,-2.772957402975873,1.7854527137978415,3.633333333333333,3.6666666666666665,0.0666666666666666,0.0733333333333333,100.01783111111112,100.0797288888889,0.905915486065865,0.905915486065865,2.75922671353253,2.75922671353253,3.589,3.589,-2.54859947339685,-2.54859947339685,27.0705807856305,27.0705807856305,-0.19552592383822753,1.6881261781445087,0.10542355205480247,1.1271220679207818,0.4216942082192099,-0.06666666666666643,0.0033333333333334103,0.046899444444434835
2014-10-01,0.574088344838763,99.77093666666669,3.466666666666667,100.45676666666668,0.0633333333333333,-0.3056769300307849,0.2990461282130319,0.905915486065865,2.75922671353253,3.589,-2.54859947339685,27.0705807856305,99.87086422619048,0,0,4,0.193510360556348,-1.38921139190274,0.998159544226285,-0.140966047253321,0.3737259003075088,2.4462984536384624,-0.597230410932692,-2.772957402975873,3.5666666666666664,3.633333333333333,0.07,0.0666666666666666,100.06473055555556,100.01783111111112,0.905915486065865,0.905915486065865,2.75922671353253,2.75922671353253,3.589,3.589,-2.54859947339685,-2.54859947339685,27.0705807856305,27.0705807856305,-0.597850515673196,1.1191532838952756,-0.0846268835933568,0.9924551401341958,-0.3385075343734272,-0.09999999999999964,-0.00666666666666671,-0.19386632936507908
2015-01-01,1.56802026020098,99.53338666666666,3.5,100.59010333333332,0.0733333333333333,-0.2383792870282342,0.1326423895243955,1.79997735783475,0.795279630579839,3.385,-0.543410631397387,29.5062296371995,99.75784845238095,0,0,1,0.574088344838763,0.193510360556348,-1.38921139190274,0.998159544226285,-0.3056769300307849,0.3737259003075088,0.2990461282130319,-0.597230410932692,3.466666666666667,3.5666666666666664,0.0633333333333333,0.07,99.87086422619048,100.06473055555556,0.905915486065865,0.905915486065865,2.75922671353253,2.75922671353253,3.589,3.589,-2.54859947339685,-2.54859947339685,27.0705807856305,27.0705807856305,0.3837993526975555,0.26910927345640023,0.0941367144296642,1.042082461617168,0.3765468577186568,0.033333333333333215,0.010000000000000009,-0.1130157738095221
2015-04-01,0.106624972042102,100.28000000000002,3.3666666666666667,99.95682666666666,0.0666666666666666,0.7473141019365137,-0.631551698705568,1.79997735783475,0.795279630579839,3.385,-0.543410631397387,29.5062296371995,99.90338857142858,0,0,2,1.56802026020098,0.574088344838763,0.193510360556348,-1.38921139190274,-0.2383792870282342,-0.3056769300307849,0.1326423895243955,0.2990461282130319,3.5,3.466666666666667,0.0733333333333333,0.0633333333333333,99.75784845238095,99.87086422619048,1.79997735783475,0.905915486065865,0.795279630579839,2.75922671353253,3.385,3.589,-0.543410631397387,-2.54859947339685,29.5062296371995,27.0705807856305,1.0710543025198715,0.7028159973903575,0.23660189342333798,1.2290508114298921,0.9464075736933519,-0.1333333333333333,-0.00666666666666671,0.14554011904762376
2015-07-01,0.145531840373958,100.1782,3.3666666666666667,99.89016,0.0733333333333333,-0.101567318025797,-0.0667177126375762,1.79997735783475,0.795279630579839,3.385,-0.543410631397387,29.5062296371995,100.16189194444443,0,0,3,0.106624972042102,1.56802026020098,0.574088344838763,0.193510360556348,0.7473141019365137,-0.2383792870282342,-0.631551698705568,0.1326423895243955,3.3666666666666667,3.5,0.0666666666666666,0.0733333333333333,99.90338857142858,99.75784845238095,1.79997735783475,1.79997735783475,0.795279630579839,0.795279630579839,3.385,3.385,-0.543410631397387,-0.543410631397387,29.5062296371995,29.5062296371995,0.837322616121541,1.0333625182512112,0.6105609844095485,0.6698112285446467,2.442243937638194,0.0,0.00666666666666671,0.2585033730158557
2015-10-01,-0.199624834422363,100.00849333333332,3.266666666666667,99.55687,0.0766666666666666,-0.1695484395042079,-0.3342143628163541,1.79997735783475,0.795279630579839,3.385,-0.543410631397387,29.5062296371995,81.48291701111111,0,0,4,0.145531840373958,0.106624972042102,1.56802026020098,0.574088344838763,-0.101567318025797,0.7473141019365137,-0.0667177126375762,-0.631551698705568,3.3666666666666667,3.3666666666666667,0.0733333333333333,0.0666666666666666,100.16189194444443,99.90338857142858,1.79997735783475,1.79997735783475,0.795279630579839,0.795279630579839,3.385,3.385,-0.543410631397387,-0.543410631397387,29.5062296371995,29.5062296371995,0.12607840620803,0.027511310432144057,0.598566354363951,0.6801192647861781,2.394265417455804,-0.09999999999999964,0.0033333333333332993,-18.678974933333322
2016-01-01,0.840488751218937,99.56732333333332,3.233333333333333,99.89016,0.0323333333333333,-0.4421083936520631,0.3342143628163541,0.704986495111257,-0.127258844489754,3.132,0.788512917769393,30.0504260277434,85.38108664285716,0,0,1,-0.199624834422363,0.145531840373958,0.106624972042102,1.56802026020098,-0.1695484395042079,-0.101567318025797,-0.3342143628163541,-0.0667177126375762,3.266666666666667,3.3666666666666667,0.0766666666666666,0.0733333333333333,81.48291701111111,100.16189194444443,1.79997735783475,1.79997735783475,0.795279630579839,0.795279630579839,3.385,3.385,-0.543410631397387,-0.543410631397387,29.5062296371995,29.5062296371995,-0.027046497024202504,0.24406262532027279,0.4051380595486695,0.7904721422384383,1.620552238194678,-0.0333333333333341,-0.04433333333333331,3.8981696317460433
2016-04-01,-0.311985758335331,99.90667666666666,3.1666666666666665,99.02359,-0.0499999999999999,0.3402485143143785,-0.8713077726684837,0.704986495111257,-0.127258844489754,3.132,0.788512917769393,30.0504260277434,80.87824883095239,0,0,2,0.840488751218937,-0.199624834422363,0.145531840373958,0.106624972042102,-0.4421083936520631,-0.1695484395042079,0.3342143628163541,-0.3342143628163541,3.233333333333333,3.266666666666667,0.0323333333333333,0.0766666666666666,85.38108664285716,81.48291701111111,0.704986495111257,1.79997735783475,-0.127258844489754,0.795279630579839,3.132,3.385,0.788512917769393,-0.543410631397387,30.0504260277434,29.5062296371995,0.320431958398287,0.7354713696112168,0.22325518230315872,0.43948769833692886,0.8930207292126349,-0.06666666666666643,-0.0823333333333332,-4.502837811904769
2016-07-01,0.22793346336849,99.70306666666666,3.033333333333333,100.42346333333334,-0.0459999999999999,-0.2040081483173139,1.4037773915526408,0.704986495111257,-0.127258844489754,3.132,0.788512917769393,30.0504260277434,84.29938473809524,0,0,3,-0.311985758335331,0.840488751218937,-0.199624834422363,0.145531840373958,0.3402485143143785,-0.4421083936520631,-0.8713077726684837,0.3342143628163541,3.1666666666666665,3.233333333333333,-0.0499999999999999,0.0323333333333333,80.87824883095239,85.38108664285716,0.704986495111257,0.704986495111257,-0.127258844489754,-0.127258844489754,3.132,3.132,0.788512917769393,0.788512917769393,30.0504260277434,30.0504260277434,0.264251496441803,0.8149225408504621,0.11860249970880048,0.5191402616062217,0.4744099988352019,-0.1333333333333333,0.003999999999999997,3.4211359071428546
2016-10-01,0.008307159607313,100.31393333333334,3.0,101.55666666666669,-0.0433333333333333,0.6108166465214282,1.1221056483560865,0.704986495111257,-0.127258844489754,3.132,0.788512917769393,30.0504260277434,96.93566044444444,0,0,4,0.22793346336849,-0.311985758335331,0.840488751218937,-0.199624834422363,-0.2040081483173139,0.3402485143143785,1.4037773915526408,-0.8713077726684837,3.033333333333333,3.1666666666666665,-0.0459999999999999,-0.0499999999999999,84.29938473809524,80.87824883095239,0.704986495111257,0.704986495111257,-0.127258844489754,-0.127258844489754,3.132,3.132,0.788512917769393,0.788512917769393,30.0504260277434,30.0504260277434,-0.0420261474834205,0.3817805429597311,0.13920290545743347,0.5221910241216944,0.5568116218297339,-0.033333333333333215,0.002666666666666602,12.636275706349196
2017-01-01,0.711816825944944,99.90667666666666,2.9,101.19003333333336,-0.0416666666666666,-0.4068084982041142,-0.3616667822186947,1.62345062245441,0.484199796126385,2.822,0.742816999605393,30.6225132962492,91.23531416060604,0,0,1,0.008307159607313,0.22793346336849,-0.311985758335331,0.840488751218937,0.6108166465214282,-0.2040081483173139,1.1221056483560865,1.4037773915526408,3.0,3.033333333333333,-0.0433333333333333,-0.0459999999999999,96.93566044444444,84.29938473809524,0.704986495111257,0.704986495111257,-0.127258844489754,-0.127258844489754,3.132,3.132,0.788512917769393,0.788512917769393,30.0504260277434,30.0504260277434,0.1181203114879015,0.15529924871645698,0.19118590396485247,0.4863369639300551,0.7647436158594099,-0.10000000000000009,0.0016666666666666982,-5.7003462838384
2017-04-01,0.332519589306401,100.31393333333334,2.8666666666666667,102.98986666666669,-0.0543333333333333,0.4068084982041142,1.763033435786987,1.62345062245441,0.484199796126385,2.822,0.742816999605393,30.6225132962492,92.6219512902098,0,0,2,0.711816825944944,0.008307159607313,0.22793346336849,-0.311985758335331,-0.4068084982041142,0.6108166465214282,-0.3616667822186947,1.1221056483560865,2.9,3.0,-0.0416666666666666,-0.0433333333333333,91.23531416060604,96.93566044444444,1.62345062245441,0.704986495111257,0.484199796126385,-0.127258844489754,2.822,3.132,0.742816999605393,0.788512917769393,30.6225132962492,30.0504260277434,0.3600619927761285,0.49745645569762253,0.15901792264635423,0.4300752573039829,0.6360716905854169,-0.033333333333333215,-0.012666666666666701,1.3866371296037556
2017-07-01,1.1512959824636,100.31393333333334,2.7999999999999994,102.95653333333333,-0.0536666666666666,0.0,-0.0323708825446189,1.62345062245441,0.484199796126385,2.822,0.742816999605393,30.6225132962492,93.61603003571427,0,0,3,0.332519589306401,0.711816825944944,0.008307159607313,0.22793346336849,0.4068084982041142,-0.4068084982041142,1.763033435786987,-0.3616667822186947,2.8666666666666667,2.9,-0.0543333333333333,-0.0416666666666666,92.6219512902098,91.23531416060604,1.62345062245441,1.62345062245441,0.484199796126385,0.484199796126385,2.822,2.822,0.742816999605393,0.742816999605393,30.6225132962492,30.6225132962492,0.5221682076256725,0.2682036481124298,0.3201442595567872,0.2939987278238242,1.2805770382271489,-0.06666666666666732,0.0006666666666667043,0.9940787455044813
2017-10-01,0.151684167027044,100.8908,2.7000000000000006,104.22306666666668,-0.0423333333333333,0.5734141913483093,1.222658129524401,1.62345062245441,0.484199796126385,2.822,0.742816999605393,30.6225132962492,94.39282517216115,0,0,4,1.1512959824636,0.332519589306401,0.711816825944944,0.008307159607313,0.0,0.4068084982041142,-0.0323708825446189,1.763033435786987,2.7999999999999994,2.8666666666666667,-0.0536666666666666,-0.0543333333333333,93.61603003571427,92.6219512902098,1.62345062245441,1.62345062245441,0.484199796126385,0.484199796126385,2.822,2.822,0.742816999605393,0.742816999605393,30.6225132962492,30.6225132962492,0.7419077858850005,0.5789623398769175,0.5509848893305647,0.49276990101058615,2.2039395573222587,-0.09999999999999876,0.0113333333333333,0.7767951364468786
2018-01-01,-0.176366630339042,101.1962,2.466666666666667,103.82526666666666,-0.048,0.3022462924313629,-0.382411604464572,0.834143845965585,0.989094598021848,2.467,0.0187119994869574,30.5434682630387,89.20174440793652,0,0,1,0.151684167027044,1.1512959824636,0.332519589306401,0.711816825944944,0.5734141913483093,0.0,1.222658129524401,-0.0323708825446189,2.7000000000000006,2.7999999999999994,-0.0423333333333333,-0.0536666666666666,94.39282517216115,93.61603003571427,1.62345062245441,1.62345062245441,0.484199796126385,0.484199796126385,2.822,2.822,0.742816999605393,0.742816999605393,30.6225132962492,30.6225132962492,0.651490074745322,0.7068322932493837,0.5868291411854974,0.4428202167006079,2.34731656474199,-0.23333333333333384,-0.005666666666666702,-5.191080764224637
2018-04-01,0.637798579223103,100.9926,2.3666666666666667,103.91643333333332,-0.065,-0.2013959910908802,0.0877692562630372,0.834143845965585,0.989094598021848,2.467,0.0187119994869574,30.5434682630387,91.23067188888888,0,0,2,-0.176366630339042,0.151684167027044,1.1512959824636,0.332519589306401,0.3022462924313629,0.5734141913483093,-0.382411604464572,1.222658129524401,2.466666666666667,2.7000000000000006,-0.048,-0.0423333333333333,89.20174440793652,94.39282517216115,0.834143845965585,1.62345062245441,0.989094598021848,0.484199796126385,2.467,2.822,0.0187119994869574,0.742816999605393,30.5434682630387,30.6225132962492,-0.012341231655999013,0.23196694339120788,0.364783277114501,0.5650656700135503,1.459133108458004,-0.10000000000000009,-0.017,2.028927480952362
2018-07-01,-0.466824121127196,101.4338,2.433333333333333,103.1874,-0.0623333333333333,0.4359122116857961,-0.704029793033456,0.834143845965585,0.989094598021848,2.467,0.0187119994869574,30.5434682630387,92.15861809500916,0,0,3,0.637798579223103,-0.176366630339042,0.151684167027044,1.1512959824636,-0.2013959910908802,0.3022462924313629,0.0877692562630372,-0.382411604464572,2.3666666666666667,2.466666666666667,-0.065,-0.048,91.23067188888888,89.20174440793652,0.834143845965585,0.834143845965585,0.989094598021848,0.989094598021848,2.467,2.467,0.0187119994869574,0.0187119994869574,30.5434682630387,30.5434682630387,0.2307159744420305,0.5757017406875576,0.44110302459367645,0.5796824499950872,1.7644120983747058,0.06666666666666643,0.002666666666666699,0.9279462061202821
2018-10-01,0.07183122058092,101.77316666666668,2.466666666666667,104.88846666666666,-0.0663333333333333,0.3340111687518465,1.6350810807203686,0.834143845965585,0.989094598021848,2.467,0.0187119994869574,30.5434682630387,94.0769964672619,0,0,4,-0.466824121127196,0.637798579223103,-0.176366630339042,0.151684167027044,0.4359122116857961,-0.2013959910908802,-0.704029793033456,0.0877692562630372,2.433333333333333,2.3666666666666667,-0.0623333333333333,-0.065,92.15861809500916,91.23067188888888,0.834143845965585,0.834143845965585,0.989094598021848,0.989094598021848,2.467,2.467,0.0187119994869574,0.0187119994869574,30.5434682630387,30.5434682630387,0.0854872290479535,0.7810862020702906,0.03657299869597745,0.4738054191383374,0.1462919947839098,0.03333333333333366,-0.003999999999999997,1.9183783722527465
2019-01-01,0.082299538639763,101.5017,2.466666666666667,102.73176666666666,-0.0533333333333333,-0.2670933524665742,-2.0776179113592974,-0.308496921143259,0.46877615938395,2.351,-0.28270244369909,30.6240011045675,100.6401665490196,0,0,1,0.07183122058092,-0.466824121127196,0.637798579223103,-0.176366630339042,0.3340111687518465,0.4359122116857961,1.6350810807203686,-0.704029793033456,2.466666666666667,2.433333333333333,-0.0663333333333333,-0.0623333333333333,94.0769964672619,92.15861809500916,0.834143845965585,0.834143845965585,0.989094598021848,0.989094598021848,2.467,2.467,0.0187119994869574,0.0187119994869574,30.5434682630387,30.5434682630387,-0.197496450273138,0.38088684484416185,0.016609762084446453,0.46899650442424395,0.06643904833778581,0.0,0.012999999999999998,6.56317008175769
2019-04-01,0.414513958085005,101.73923333333336,2.333333333333333,102.8229,-0.0593333333333333,0.2337456708041863,0.088670659520762,-0.308496921143259,0.46877615938395,2.351,-0.28270244369909,30.6240011045675,100.46920015873016,0,0,2,0.082299538639763,0.07183122058092,-0.466824121127196,0.637798579223103,-0.2670933524665742,0.3340111687518465,-2.0776179113592974,1.6350810807203686,2.466666666666667,2.466666666666667,-0.0533333333333333,-0.0663333333333333,100.6401665490196,94.0769964672619,-0.308496921143259,0.834143845965585,0.46877615938395,0.989094598021848,2.351,2.467,-0.28270244369909,0.0187119994869574,30.6240011045675,30.5434682630387,0.07706537961034149,0.0074022186868688685,0.0812763043291477,0.4510067905823001,0.3251052173165908,-0.13333333333333375,-0.005999999999999998,-0.17096639028943628
2019-07-01,0.080281970289509,101.77316666666668,2.333333333333333,101.97236666666667,-0.0583333333333333,0.0333476816623878,-0.8306229311580537,-0.308496921143259,0.46877615938395,2.351,-0.28270244369909,30.6240011045675,100.43927942307693,0,0,3,0.414513958085005,0.082299538639763,0.07183122058092,-0.466824121127196,0.2337456708041863,-0.2670933524665742,0.088670659520762,-2.0776179113592974,2.333333333333333,2.466666666666667,-0.0593333333333333,-0.0533333333333333,100.46920015873016,100.6401665490196,-0.308496921143259,-0.308496921143259,0.46877615938395,0.46877615938395,2.351,2.351,-0.28270244369909,-0.28270244369909,30.6240011045675,30.6240011045675,0.248406748362384,0.23491106879767862,0.025455149044623204,0.3647317102439405,0.10182059617849282,0.0,0.0010000000000000009,-0.029920735653234942
2019-10-01,-2.88315915484165,102.28216666666668,2.3000000000000003,98.41837,-0.034,0.4988853242683611,-3.54743879212549,-0.308496921143259,0.46877615938395,2.351,-0.28270244369909,30.6240011045675,100.43678535714288,0,0,4,0.080281970289509,0.414513958085005,0.082299538639763,0.07183122058092,0.0333476816623878,0.2337456708041863,-0.8306229311580537,0.088670659520762,2.333333333333333,2.333333333333333,-0.0583333333333333,-0.0593333333333333,100.43927942307693,100.46920015873016,-0.308496921143259,-0.308496921143259,0.46877615938395,0.46877615938395,2.351,2.351,-0.28270244369909,-0.28270244369909,30.6240011045675,30.6240011045675,0.247397964187257,0.2363377050596506,0.16223167189879945,0.16824931207686347,0.6489266875951978,-0.03333333333333277,0.024333333333333297,-0.0024940659340444427
2020-01-01,0.332599472253992,102.18036666666669,2.433333333333333,96.89956666666669,-0.0316666666666666,-0.0995781542489027,-1.5552426703733246,-4.28327942675573,-0.024995834027731,2.809,-0.261842091964545,29.732609381488,99.31548506878306,1,0,1,-2.88315915484165,0.080281970289509,0.414513958085005,0.082299538639763,0.4988853242683611,0.0333476816623878,-3.54743879212549,-0.8306229311580537,2.3000000000000003,2.333333333333333,-0.034,-0.0583333333333333,100.43678535714288,100.43927942307693,-0.308496921143259,-0.308496921143259,0.46877615938395,0.46877615938395,2.351,2.351,-0.28270244369909,-0.28270244369909,30.6240011045675,30.6240011045675,-1.4014385922760706,2.095469315227333,-0.5765159219568431,1.5457645906723538,-2.3060636878273724,0.13333333333333286,0.0023333333333334025,-1.1213002883598193
2020-04-01,-7.2036322884214,101.87496666666668,2.733333333333333,82.92659,-0.0436666666666666,-0.2993307972307235,-15.57192883208316,-4.28327942675573,-0.024995834027731,2.809,-0.261842091964545,29.732609381488,96.25956784313723,1,1,2,0.332599472253992,-2.88315915484165,0.080281970289509,0.414513958085005,-0.0995781542489027,0.4988853242683611,-1.5552426703733246,-3.54743879212549,2.433333333333333,2.3000000000000003,-0.0316666666666666,-0.034,99.31548506878306,100.43678535714288,-4.28327942675573,-0.308496921143259,-0.024995834027731,0.46877615938395,2.809,2.351,-0.261842091964545,-0.28270244369909,29.732609381488,30.6240011045675,-1.275279841293829,2.273884731878469,-0.5139409385532858,1.5858704217776423,-2.0557637542131433,0.2999999999999998,-0.011999999999999997,-3.0559172256458282
2020-07-01,5.02890558619133,101.8071,2.966666666666667,88.91067,-0.039,-0.066639808097868,6.96763992132583,-4.28327942675573,-0.024995834027731,2.809,-0.261842091964545,29.732609381488,99.17125975045788,0,0,3,-7.2036322884214,0.332599472253992,-2.88315915484165,0.080281970289509,-0.2993307972307235,-0.0995781542489027,-15.57192883208316,-1.5552426703733246,2.733333333333333,2.433333333333333,-0.0436666666666666,-0.0316666666666666,96.25956784313723,99.31548506878306,-4.28327942675573,-4.28327942675573,-0.024995834027731,-0.024995834027731,2.809,2.809,-0.261842091964545,-0.261842091964545,29.732609381488,29.732609381488,-3.4355164080837044,5.328920582567004,-2.418477500179887,3.5083642336149734,-9.673910000719548,0.23333333333333384,0.004666666666666597,2.9116919073206446
2020-10-01,1.65149147783663,101.33196666666667,3.0666666666666664,94.71249,-0.026,-0.4677920476571451,6.3213723859878,-4.28327942675573,-0.024995834027731,2.809,-0.261842091964545,29.732609381488,100.47385164206165,0,0,4,5.02890558619133,-7.2036322884214,0.332599472253992,-2.88315915484165,-0.066639808097868,-0.2993307972307235,6.96763992132583,-15.57192883208316,2.966666666666667,2.733333333333333,-0.039,-0.0436666666666666,99.17125975045788,96.25956784313723,-4.28327942675573,-4.28327942675573,-0.024995834027731,-0.024995834027731,2.809,2.809,-0.261842091964545,-0.261842091964545,29.732609381488,29.732609381488,-1.0873633511150351,8.649710482259938,-1.181321596204432,5.1647315453973865,-4.725286384817728,0.09999999999999964,0.013000000000000001,1.3025918916037682
2021-01-01,1.19017156650214,101.63743333333332,2.8666666666666667,96.62618333333334,-0.0166666666666666,0.3009979802801155,2.0003871815837293,3.56419531474475,-0.233352779398264,2.808,-0.501421974138063,31.013077665037,101.45694687179488,0,0,1,1.65149147783663,5.02890558619133,-7.2036322884214,0.332599472253992,-0.4677920476571451,-0.066639808097868,6.3213723859878,6.96763992132583,3.0666666666666664,2.966666666666667,-0.026,-0.039,100.47385164206165,99.17125975045788,-4.28327942675573,-4.28327942675573,-0.024995834027731,-0.024995834027731,2.809,2.809,-0.261842091964545,-0.261842091964545,29.732609381488,29.732609381488,3.3401985320139804,2.3881924188927255,-0.04765893803486193,5.164338310452622,-0.19063575213944772,-0.19999999999999973,0.009333333333333398,0.9830952297332374
2021-04-01,0.604252637570935,101.12833333333332,2.9,97.44633333333331,-0.0193333333333333,-0.5021568267305376,0.8452045621990756,3.56419531474475,-0.233352779398264,2.808,-0.501421974138063,31.013077665037,102.66494962962965,0,0,2,1.19017156650214,1.65149147783663,5.02890558619133,-7.2036322884214,0.3009979802801155,-0.4677920476571451,2.0003871815837293,6.3213723859878,2.8666666666666667,3.0666666666666664,-0.0166666666666666,-0.026,101.45694687179488,100.47385164206165,3.56419531474475,-4.28327942675573,-0.233352779398264,-0.024995834027731,2.808,2.809,-0.501421974138063,-0.261842091964545,31.013077665037,29.732609381488,1.4208315221693855,0.3262024376009948,0.16673408552717506,5.203042090277077,0.6669363421087002,0.033333333333333215,-0.002666666666666699,1.2080027578347625
2021-07-01,-0.190667998172911,,2.766666666666667,93.77083333333331,-0.0306666666666666,,-3.8447936727587617,3.56419531474475,-0.233352779398264,2.808,-0.501421974138063,31.013077665037,103.02022032828285,0,0,3,0.604252637570935,1.19017156650214,1.65149147783663,5.02890558619133,-0.5021568267305376,0.3009979802801155,0.8452045621990756,2.0003871815837293,2.9,2.8666666666666667,-0.0193333333333333,-0.0166666666666666,102.66494962962965,101.45694687179488,3.56419531474475,3.56419531474475,-0.233352779398264,-0.233352779398264,2.808,2.808,-0.501421974138063,-0.501421974138063,31.013077665037,31.013077665037,0.8972121020365379,0.41430724787281387,2.1187053170252588,1.986898439138296,8.474821268101035,-0.13333333333333286,-0.0113333333333333,0.35527069865320016
2021-10-01,1.17917814951507,,2.733333333333333,95.80602666666664,-0.0306666666666666,,2.1471729450951216,3.56419531474475,-0.233352779398264,2.808,-0.501421974138063,31.013077665037,102.39595381313131,0,0,4,-0.190667998172911,0.604252637570935,1.19017156650214,1.65149147783663,,-0.5021568267305376,-3.8447936727587617,0.8452045621990756,2.766666666666667,2.9,-0.0306666666666666,-0.0193333333333333,103.02022032828285,102.66494962962965,3.56419531474475,3.56419531474475,-0.233352779398264,-0.233352779398264,2.808,2.808,-0.501421974138063,-0.501421974138063,31.013077665037,31.013077665037,0.2067923196990124,0.5620937720395949,0.8138119209341986,0.7950363983276605,3.2552476837367945,-0.0333333333333341,0.0,-0.6242665151515325
2022-01-01,-0.438896908645636,,2.7,96.14016333333336,-0.0153333333333333,,0.3481569539688145,1.33164750653741,2.49770278172255,2.614,-3.56489632597402,30.2224047860993,102.256054,0,0,1,1.17917814951507,-0.190667998172911,0.604252637570935,1.19017156650214,,,2.1471729450951216,-3.8447936727587617,2.733333333333333,2.766666666666667,-0.0306666666666666,-0.0306666666666666,102.39595381313131,103.02022032828285,3.56419531474475,3.56419531474475,-0.233352779398264,-0.233352779398264,2.808,2.808,-0.501421974138063,-0.501421974138063,31.013077665037,31.013077665037,0.4942550756710799,0.9686275002124402,0.6957335888538085,0.6512204170901131,2.782934355415234,-0.03333333333333277,0.0153333333333333,-0.13989981313130784
2022-04-01,0.9529206638067,,2.6,94.31760333333334,-0.0226666666666666,,-1.913931542134062,1.33164750653741,2.49770278172255,2.614,-3.56489632597402,30.2224047860993,101.95987296296296,0,0,2,-0.438896908645636,1.17917814951507,-0.190667998172911,0.604252637570935,,,0.3481569539688145,2.1471729450951216,2.7,2.733333333333333,-0.0153333333333333,-0.0306666666666666,102.256054,102.39595381313131,1.33164750653741,3.56419531474475,2.49770278172255,-0.233352779398264,2.614,2.808,-3.56489632597402,-0.501421974138063,30.2224047860993,31.013077665037,0.3701406204347174,1.1441518460942526,0.2884664700668646,0.7420052836379383,1.1538658802674584,-0.10000000000000009,-0.007333333333333299,-0.29618103703704435
2022-07-01,-0.267511142435894,,2.533333333333333,97.23370333333332,-0.0263333333333333,,3.0449547523382137,1.33164750653741,2.49770278172255,2.614,-3.56489632597402,30.2224047860993,101.1952259090909,0,0,3,0.9529206638067,-0.438896908645636,1.17917814951507,-0.190667998172911,,,-1.913931542134062,0.3481569539688145,2.6,2.7,-0.0226666666666666,-0.0153333333333333,101.95987296296296,102.256054,1.33164750653741,1.33164750653741,2.49770278172255,2.49770278172255,2.614,2.614,-3.56489632597402,-3.56489632597402,30.2224047860993,30.2224047860993,0.25701187758053246,0.9841636436556458,0.3756334766258059,0.8089296728190924,1.5025339065032235,-0.06666666666666687,-0.0036666666666667,-0.7646470538720678
2022-10-01,0.498360222450223,,2.533333333333333,96.29204666666668,-0.0623333333333333,,-0.9731667215500116,1.33164750653741,2.49770278172255,2.614,-3.56489632597402,30.2224047860993,100.6105474048174,0,0,4,-0.267511142435894,0.9529206638067,-0.438896908645636,1.17917814951507,,,3.0449547523382137,-1.913931542134062,2.533333333333333,2.6,-0.0263333333333333,-0.0226666666666666,101.1952259090909,101.95987296296296,1.33164750653741,1.33164750653741,2.49770278172255,2.49770278172255,2.614,2.614,-3.56489632597402,-3.56489632597402,30.2224047860993,30.2224047860993,0.34270476068540345,0.8629756061698849,0.3564226905600601,0.827559276862867,1.4256907622402404,0.0,-0.036000000000000004,-0.5846785042734979
2023-01-01,0.873823993166956,,2.6,94.13535,-0.0186666666666666,,-2.2652086027977525,0.720785304749811,3.26813365933163,2.6,-1.47646311155409,31.3839931639213,98.32985865682237,0,0,1,0.498360222450223,-0.267511142435894,0.9529206638067,-0.438896908645636,,,-0.9731667215500116,3.0449547523382137,2.533333333333333,2.533333333333333,-0.0623333333333333,-0.0263333333333333,100.6105474048174,101.1952259090909,1.33164750653741,1.33164750653741,2.49770278172255,2.49770278172255,2.614,2.614,-3.56489632597402,-3.56489632597402,30.2224047860993,30.2224047860993,0.11542454000716493,0.5415528356275701,0.18621820879384837,0.6536830336462662,0.7448728351753935,0.06666666666666687,0.0436666666666667,-2.280688747995029
2023-04-01,0.065501634910459,,2.533333333333333,94.71249,-0.044,,0.6112241440556332,0.720785304749811,3.26813365933163,2.6,-1.47646311155409,31.3839931639213,97.9567539890873,0,0,2,0.873823993166956,0.498360222450223,-0.267511142435894,0.9529206638067,,,-2.2652086027977525,-0.9731667215500116,2.6,2.533333333333333,-0.0186666666666666,-0.0623333333333333,98.32985865682237,100.6105474048174,0.720785304749811,1.33164750653741,3.26813365933163,2.49770278172255,2.6,2.614,-1.47646311155409,-3.56489632597402,31.3839931639213,30.2224047860993,0.68609210780859,0.26549297836367286,0.5143984342469964,0.5577120788151708,2.0575937369879855,-0.06666666666666687,-0.0253333333333334,-0.37310466773506334
2023-07-01,-1.25038271915902,,2.6,94.16572333333332,-0.0546666666666666,,-0.5789637505707823,0.720785304749811,3.26813365933163,2.6,-1.47646311155409,31.3839931639213,91.8095999849729,0,0,3,0.065501634910459,0.873823993166956,0.498360222450223,-0.267511142435894,,,0.6112241440556332,-2.2652086027977525,2.533333333333333,2.6,-0.044,-0.0186666666666666,97.9567539890873,98.32985865682237,0.720785304749811,0.720785304749811,3.26813365933163,3.26813365933163,2.6,2.6,-1.47646311155409,-1.47646311155409,31.3839931639213,31.3839931639213,0.46966281403870797,0.5715702209078708,0.2925436770229361,0.498483281563118,1.1701747080917444,0.06666666666666687,-0.010666666666666602,-6.147154004114398
2023-10-01,0.476226385146816,,2.533333333333333,95.16813,-0.0156666666666666,,1.0588872673043426,0.720785304749811,3.26813365933163,2.6,-1.47646311155409,31.3839931639213,83.19794743739106,0,0,4,-1.25038271915902,0.065501634910459,0.873823993166956,0.498360222450223,,,-0.5789637505707823,0.6112241440556332,2.6,2.533333333333333,-0.0546666666666666,-0.044,91.8095999849729,97.9567539890873,0.720785304749811,0.720785304749811,3.26813365933163,3.26813365933163,2.6,2.6,-1.47646311155409,-1.47646311155409,31.3839931639213,31.3839931639213,-0.59244054212428,0.9304707500198084,0.046825782842154606,0.9257263949906632,0.18730313136861843,-0.06666666666666687,0.039,-8.61165254758184
2024-01-01,-0.094233095271523,,2.566666666666667,90.09533333333331,0.0006666666666666,,-5.477674787184306,-0.240084236041696,2.73853681635241,2.5,-0.893120118065169,32.0592419328935,84.63094404655862,0,0,1,0.476226385146816,-1.25038271915902,0.065501634910459,0.873823993166956,,,1.0588872673043426,-0.5789637505707823,2.533333333333333,2.6,-0.0156666666666666,-0.0546666666666666,83.19794743739106,91.8095999849729,0.720785304749811,0.720785304749811,3.26813365933163,3.26813365933163,2.6,2.6,-1.47646311155409,-1.47646311155409,31.3839931639213,31.3839931639213,-0.3870781670061014,1.2208970061130875,0.041292323516302853,0.922187096990305,0.16516929406521141,0.03333333333333366,0.0163333333333332,1.43299660916756
2024-04-01,-0.11571212151994,,2.566666666666667,,0.077,,,-0.240084236041696,2.73853681635241,2.5,-0.893120118065169,32.0592419328935,86.4205836240908,0,0,2,-0.094233095271523,0.476226385146816,-1.25038271915902,0.065501634910459,,,-5.477674787184306,1.0588872673043426,2.566666666666667,2.533333333333333,0.0006666666666666,-0.0156666666666666,84.63094404655862,83.19794743739106,-0.240084236041696,0.720785304749811,2.73853681635241,3.26813365933163,2.5,2.6,-0.893120118065169,-1.47646311155409,32.0592419328935,31.3839931639213,0.19099664493764704,0.4033757669959617,-0.2007219485933169,0.7398787405409828,-0.8028877943732676,0.0,0.0763333333333334,1.7896395775321707
2024-07-01,0.835250540041166,,2.533333333333333,,0.1773333333333333,,,-0.240084236041696,2.73853681635241,2.5,-0.893120118065169,32.0592419328935,90.96521569209568,0,0,3,-0.11571212151994,-0.094233095271523,0.476226385146816,-1.25038271915902,,,,-5.477674787184306,2.566666666666667,2.566666666666667,0.077,0.0006666666666666,86.4205836240908,84.63094404655862,-0.240084236041696,-0.240084236041696,2.73853681635241,2.73853681635241,2.5,2.5,-0.893120118065169,-0.893120118065169,32.0592419328935,32.0592419328935,-0.10497260839573094,0.01518796511353311,-0.24602538770091664,0.7235108200110262,-0.9841015508036666,-0.03333333333333366,0.10033333333333329,4.544632068004887
2024-10-01,0.398586089752784,,2.5,,0.227,,,-0.240084236041696,2.73853681635241,2.5,-0.893120118065169,32.0592419328935,87.55327829858204,0,0,4,0.835250540041166,-0.11571212151994,-0.094233095271523,0.476226385146816,,,,,2.533333333333333,2.566666666666667,0.1773333333333333,0.077,90.96521569209568,86.4205836240908,-0.240084236041696,-0.240084236041696,2.73853681635241,2.73853681635241,2.5,2.5,-0.893120118065169,-0.893120118065169,32.0592419328935,32.0592419328935,0.3597692092606135,0.6724321466450656,0.2753829270991298,0.4630914883366085,1.1015317083965193,-0.033333333333333215,0.04966666666666672,-3.4119373935136394
2025-01-01,0.502532886915885,,2.466666666666667,,0.416,,,1.19311288444599,3.17253034260248,2.451,,,88.57077865990833,0,0,1,0.398586089752784,0.835250540041166,-0.11571212151994,-0.094233095271523,,,,,2.5,2.533333333333333,0.227,0.1773333333333333,87.55327829858204,90.96521569209568,-0.240084236041696,-0.240084236041696,2.73853681635241,2.73853681635241,2.5,2.5,-0.893120118065169,-0.893120118065169,32.0592419328935,32.0592419328935,0.6169183148969755,0.3087683939020105,0.2559728532506218,0.45339280265186443,1.0238914130024872,-0.033333333333333215,0.18899999999999997,1.0175003613262845
2025-04-01,0.123506451717548,,2.5,,0.477,,,1.19311288444599,3.17253034260248,2.451,,,87.78928390232835,0,0,2,0.502532886915885,0.398586089752784,0.835250540041166,-0.11571212151994,,,,,2.466666666666667,2.5,0.416,0.227,88.57077865990833,87.55327829858204,1.19311288444599,-0.240084236041696,3.17253034260248,2.73853681635241,2.451,2.5,,-0.893120118065169,,32.0592419328935,0.45055948833433507,0.07350148515664956,0.40516434879747387,0.39404328651229553,1.6206573951898955,0.033333333333333215,0.061,-0.7814947575799778
2025-07-01,-0.373694817748482,,2.533333333333333,,0.4773333333333333,,,1.19311288444599,3.17253034260248,2.451,,,87.40040131886919,0,0,3,0.123506451717548,0.502532886915885,0.398586089752784,0.835250540041166,,,,,2.5,2.466666666666667,0.477,0.416,87.78928390232835,88.57077865990833,1.19311288444599,1.19311288444599,3.17253034260248,3.17253034260248,2.451,2.451,,,,,0.3130196693167171,0.2680121625777072,0.46496899210684584,0.29412175888450615,1.8598759684273833,0.033333333333333215,0.0003333333333332966,-0.38888258345916427
2025-10-01,0.261897427025004,,2.6,,0.504,,,1.19311288444599,3.17253034260248,2.451,,,86.30692814453077,0,0,4,-0.373694817748482,0.123506451717548,0.502532886915885,0.398586089752784,,,,,2.533333333333333,2.5,0.4773333333333333,0.477,87.40040131886919,87.78928390232835,1.19311288444599,1.19311288444599,3.17253034260248,3.17253034260248,2.451,2.451,,,,,-0.12509418301546646,0.3515743892539894,0.16273265265943387,0.3917414831399563,0.6509306106377355,0.06666666666666687,0.026666666666666727,-1.0934731743384134
2026-01-01,0.478197990095786,,2.6666666666666665,,0.7280000000000001,,,,,,,,91.55945972136172,0,0,1,0.261897427025004,-0.373694817748482,0.123506451717548,0.502532886915885,,,,,2.6,2.533333333333333,0.504,0.4773333333333333,86.30692814453077,87.40040131886919,1.19311288444599,1.19311288444599,3.17253034260248,3.17253034260248,2.451,2.451,,,,,-0.05589869536173844,0.4494315863489117,0.12856048697748884,0.36964849514763276,0.5142419479099554,0.06666666666666643,0.2240000000000001,5.252531576830947
2026-04-01,0.360456186862579,,2.5,,0.765,,,,,,,,99.43900793859648,0,0,2,0.478197990095786,0.261897427025004,-0.373694817748482,0.123506451717548,,,,,2.6666666666666665,2.6,0.7280000000000001,0.504,91.55945972136172,86.30692814453077,,1.19311288444599,,3.17253034260248,,2.451,,,,,0.3700477085603956,0.15294759492181761,0.12247676277246408,0.36155359711714047,0.4899070510898563,-0.16666666666666652,0.03699999999999992,7.879548217234756
