,gdp_growth,cpi_level,unrate,indpro_level,interest_rate,cpi_growth,indpro_growth,wb_gdp_growth_pct,wb_cpi_inflation_pct,wb_unemployment_pct,wb_trade_bal_gdp_pct,wb_gross_savings_pct,oecd_leading_index,recession,covid_shock,quarter,gdp_growth_lag1,gdp_growth_lag2,gdp_growth_lag3,gdp_growth_lag4,cpi_growth_lag1,cpi_growth_lag2,indpro_growth_lag1,indpro_growth_lag2,unrate_lag1,unrate_lag2,interest_rate_lag1,interest_rate_lag2,oecd_leading_index_lag1,oecd_leading_index_lag2,wb_gdp_growth_pct_lag1,wb_gdp_growth_pct_lag2,wb_cpi_inflation_pct_lag1,wb_cpi_inflation_pct_lag2,wb_unemployment_pct_lag1,wb_unemployment_pct_lag2,wb_trade_bal_gdp_pct_lag1,wb_trade_bal_gdp_pct_lag2,wb_gross_savings_pct_lag1,wb_gross_savings_pct_lag2,gdp_growth_roll2_mean,gdp_growth_roll2_std,gdp_growth_roll4_mean,gdp_growth_roll4_std,gdp_growth_yoy,unrate_diff,interest_rate_diff,oecd_leading_index_diff
2001-01-01,0.5847957883,98.61712,4.766666666666667,104.84623333333332,0.2013466666666666,-0.2749120377202096,-2.963392561908851,0.386103426142029,-0.740055504162738,5.02,0.593995454561699,29.7229420266358,43.55122085555556,1,0,1,1.0363330442,-0.0451332109,0.6116375183,1.8791456746,-0.1371781742100175,-0.2396065718040851,1.1549180177683027,0.6993953551181598,4.733333333333333,4.666666666666667,0.2455166666666667,0.1419066666666666,67.84753777777779,70.580798,2.76464755136783,2.76464755136783,-0.676578683595175,-0.676578683595175,4.748,4.748,1.36461682159555,1.36461682159555,31.0308729044071,31.0308729044071,0.49559991665,0.7647121226056307,0.87049575655,0.8062796571704773,3.4819830262,0.033333333333333215,-0.0441700000000001,-24.296316922222225
2001-04-01,-0.7586460643,98.54924666666666,4.9,101.51550000000002,0.01873,-0.0688487972486662,-3.228333618371959,0.386103426142029,-0.740055504162738,5.02,0.593995454561699,29.7229420266358,40.85448977444444,1,0,2,0.5847957883,1.0363330442,-0.0451332109,0.6116375183,-0.2749120377202096,-0.1371781742100175,-2.963392561908851,1.1549180177683027,4.766666666666667,4.733333333333333,0.2013466666666666,0.2455166666666667,43.55122085555556,67.84753777777779,0.386103426142029,2.76464755136783,-0.740055504162738,-0.676578683595175,5.02,4.748,0.593995454561699,1.36461682159555,29.7229420266358,31.0308729044071,0.8105644162500001,0.3192850556052555,0.546908284975,0.44559887205699594,2.1876331399,0.13333333333333375,-0.1826166666666666,-2.6967310811111247
2001-07-01,-1.177252022,98.31169666666666,5.133333333333333,97.22812,0.0093033333333333,-0.2413379833263285,-4.315152614393991,0.386103426142029,-0.740055504162738,5.02,0.593995454561699,29.7229420266358,51.199304516666665,0,0,3,-0.7586460643,0.5847957883,1.0363330442,-0.0451332109,-0.0688487972486662,-0.2749120377202096,-3.228333618371959,-2.963392561908851,4.9,4.766666666666667,0.01873,0.2013466666666666,40.85448977444444,43.55122085555556,0.386103426142029,0.386103426142029,-0.740055504162738,-0.740055504162738,5.02,5.02,0.593995454561699,0.593995454561699,29.7229420266358,29.7229420266358,-0.08692513800000001,0.9499568441032784,0.204337389325,0.7802858611674859,0.8173495573,0.2333333333333325,-0.0094266666666667,10.344814742222226
2001-10-01,-0.2183521819,97.97234,5.366666666666667,94.88954,0.00247,-0.345781562837022,-2.43464917831151,0.386103426142029,-0.740055504162738,5.02,0.593995454561699,29.7229420266358,62.94903923388889,0,0,4,-1.177252022,-0.7586460643,0.5847957883,1.0363330442,-0.2413379833263285,-0.0688487972486662,-4.315152614393991,-3.228333618371959,5.133333333333333,4.9,0.0093033333333333,0.01873,51.199304516666665,40.85448977444444,0.386103426142029,0.386103426142029,-0.740055504162738,-0.740055504162738,5.02,5.02,0.593995454561699,0.593995454561699,29.7229420266358,29.7229420266358,-0.96794904315,0.29599911133475953,-0.07869231345,1.0571452984194074,-0.31476925379999976,0.23333333333333428,-0.006833333333333301,11.749734717222225
2002-01-01,0.2535556665,97.25969,5.266666666666667,95.42103666666668,0.0013866666666666,-0.7300576296386474,0.5585586022722744,0.0419624992862282,-0.923494026942321,5.386,1.26376914829906,28.5044109298517,63.88765878708333,0,0,1,-0.2183521819,-1.177252022,-0.7586460643,0.5847957883,-0.345781562837022,-0.2413379833263285,-2.43464917831151,-4.315152614393991,5.366666666666667,5.133333333333333,0.00247,0.0093033333333333,62.94903923388889,51.199304516666665,0.386103426142029,0.386103426142029,-0.740055504162738,-0.740055504162738,5.02,5.02,0.593995454561699,0.593995454561699,29.7229420266358,29.7229420266358,-0.69780210195,0.6780445794134062,-0.392363619975,0.7605553064297456,-1.5694544799,-0.10000000000000053,-0.0010833333333334,0.9386195531944423
2002-04-01,0.7177072257,97.70085666666668,5.4,98.14937666666668,0.00142,0.4525709711107772,2.8191505600505096,0.0419624992862282,-0.923494026942321,5.386,1.26376914829906,28.5044109298517,61.436077722222215,0,0,2,0.2535556665,-0.2183521819,-1.177252022,-0.7586460643,-0.7300576296386474,-0.345781562837022,0.5585586022722744,-2.43464917831151,5.266666666666667,5.366666666666667,0.0013866666666666,0.00247,63.88765878708333,62.94903923388889,0.0419624992862282,0.386103426142029,-0.923494026942321,-0.740055504162738,5.386,5.02,1.26376914829906,0.593995454561699,28.5044109298517,29.7229420266358,0.01760174229999989,0.333689239698793,-0.47517365042500004,0.6245730096908442,-1.9006946017000002,0.13333333333333375,3.3333333333400135e-05,-2.4515810648611165
2002-07-01,0.3077069601,97.53118333333332,5.433333333333334,99.88558666666664,0.0029666666666666,-0.1738171419527034,1.753482775581361,0.0419624992862282,-0.923494026942321,5.386,1.26376914829906,28.5044109298517,55.947813333333336,0,0,3,0.7177072257,0.2535556665,-0.2183521819,-1.177252022,0.4525709711107772,-0.7300576296386474,2.8191505600505096,0.5585586022722744,5.4,5.266666666666667,0.00142,0.0013866666666666,61.436077722222215,63.88765878708333,0.0419624992862282,0.0419624992862282,-0.923494026942321,-0.923494026942321,5.386,5.386,1.26376914829906,1.26376914829906,28.5044109298517,28.5044109298517,0.48563144609999986,0.32820471500862874,-0.106085327925,0.8099336905525065,-0.4243413117000001,0.033333333333333215,0.0015466666666666,-5.488264388888879
2002-10-01,0.2335861803,97.42937,5.333333333333333,100.3462,0.0019366666666666,-0.1044450693722609,0.4600809426932528,0.0419624992862282,-0.923494026942321,5.386,1.26376914829906,28.5044109298517,50.38472494444445,0,0,4,0.3077069601,0.7177072257,0.2535556665,-0.2183521819,-0.1738171419527034,0.4525709711107772,1.753482775581361,2.8191505600505096,5.433333333333334,5.4,0.0029666666666666,0.00142,55.947813333333336,61.436077722222215,0.0419624992862282,0.0419624992862282,-0.923494026942321,-0.923494026942321,5.386,5.386,1.26376914829906,1.26376914829906,28.5044109298517,28.5044109298517,0.5127070928999999,0.28991396809404496,0.2651544176,0.3832005244340283,1.0606176703999999,-0.10000000000000053,-0.00103,-5.563088388888886
2003-01-01,-0.1149958171,97.02214333333332,5.333333333333333,101.5856,0.0016666666666666,-0.418847099749442,1.2275585754467857,1.53512549946694,-0.256541816316025,5.251,1.60547788550688,28.7158958913962,72.19885264111112,0,0,1,0.2335861803,0.3077069601,0.7177072257,0.2535556665,-0.1044450693722609,-0.1738171419527034,0.4600809426932528,1.753482775581361,5.333333333333333,5.433333333333334,0.0019366666666666,0.0029666666666666,50.38472494444445,55.947813333333336,0.0419624992862282,0.0419624992862282,-0.923494026942321,-0.923494026942321,5.386,5.386,1.26376914829906,1.26376914829906,28.5044109298517,28.5044109298517,0.27064657019999994,0.05241130602341189,0.37813900815,0.22853429853358556,1.5125560326,0.0,-0.00027000000000000006,21.814127696666667
2003-04-01,0.8251119789,97.46331,5.433333333333334,101.1146,0.001,0.453676525198432,-0.4647265742066864,1.53512549946694,-0.256541816316025,5.251,1.60547788550688,28.7158958913962,71.12502320485714,0,0,2,-0.1149958171,0.2335861803,0.3077069601,0.7177072257,-0.418847099749442,-0.1044450693722609,1.2275585754467857,0.4600809426932528,5.333333333333333,5.333333333333333,0.0016666666666666,0.0019366666666666,72.19885264111112,50.38472494444445,1.53512549946694,0.0419624992862282,-0.256541816316025,-0.923494026942321,5.251,5.386,1.60547788550688,1.26376914829906,28.7158958913962,28.5044109298517,0.05929518159999995,0.24648469416109092,0.28600113725,0.34175389520357147,1.144004549,0.10000000000000053,-0.0006666666666666,-1.0738294362539733
2003-07-01,0.2901458623,97.29363,5.166666666666667,101.76673333333332,0.0016666666666666,-0.1742480067024487,0.6428739091977498,1.53512549946694,-0.256541816316025,5.251,1.60547788550688,28.7158958913962,72.64526201111111,0,0,3,0.8251119789,-0.1149958171,0.2335861803,0.3077069601,0.453676525198432,-0.418847099749442,-0.4647265742066864,1.2275585754467857,5.433333333333334,5.333333333333333,0.001,0.0016666666666666,71.12502320485714,72.19885264111112,1.53512549946694,1.53512549946694,-0.256541816316025,-0.256541816316025,5.251,5.251,1.60547788550688,1.60547788550688,28.7158958913962,28.7158958913962,0.35505808089999996,0.6647565975979391,0.31285232555,0.38806081232530426,1.2514093022,-0.2666666666666666,0.0006666666666666,1.5202388062539711
2003-10-01,1.011327337,97.12394666666668,5.033333333333333,104.70123333333332,0.001,-0.174555592480452,2.842763132924997,1.53512549946694,-0.256541816316025,5.251,1.60547788550688,28.7158958913962,74.83521878,0,0,4,0.2901458623,0.8251119789,-0.1149958171,0.2335861803,-0.1742480067024487,0.453676525198432,0.6428739091977498,-0.4647265742066864,5.166666666666667,5.433333333333334,0.0016666666666666,0.001,72.64526201111111,71.12502320485714,1.53512549946694,1.53512549946694,-0.256541816316025,-0.256541816316025,5.251,5.251,1.60547788550688,1.60547788550688,28.7158958913962,28.7158958913962,0.5576289205999999,0.37827816875289266,0.3084620511,0.3882377247840337,1.2338482044,-0.13333333333333375,-0.0006666666666666,2.189956768888891
2004-01-01,0.8555411107,96.8864,4.9,106.00546666666666,0.0006666666666666,-0.2448805328735481,1.2379767614195458,2.18611569439318,-0.0085733882031027,4.734,1.90817582667502,29.3158843764027,80.26779506349207,0,0,1,1.011327337,0.2901458623,0.8251119789,-0.1149958171,-0.174555592480452,-0.1742480067024487,2.842763132924997,0.6428739091977498,5.033333333333333,5.166666666666667,0.001,0.0016666666666666,74.83521878,72.64526201111111,1.53512549946694,1.53512549946694,-0.256541816316025,-0.256541816316025,5.251,5.251,1.60547788550688,1.60547788550688,28.7158958913962,28.7158958913962,0.6507365996499999,0.5099523112264841,0.502897340275,0.512958243987889,2.0115893611,-0.13333333333333286,-0.00033333333333340005,5.432576283492068
2004-04-01,-0.0729344139,97.15788666666668,4.733333333333333,107.56333333333332,0.0006666666666666,0.2798194664454634,1.4589156266105796,2.18611569439318,-0.0085733882031027,4.734,1.90817582667502,29.3158843764027,81.12311146031747,0,0,2,0.8555411107,1.011327337,0.2901458623,0.8251119789,-0.2448805328735481,-0.174555592480452,1.2379767614195458,2.842763132924997,4.9,5.033333333333333,0.0006666666666666,0.001,80.26779506349207,74.83521878,2.18611569439318,1.53512549946694,-0.0085733882031027,-0.256541816316025,4.734,5.251,1.90817582667502,1.60547788550688,29.3158843764027,28.7158958913962,0.93343422385,0.11015749703218945,0.745531572225,0.3143557820147231,2.9821262889,-0.16666666666666696,0.0,0.8553163968254012
2004-07-01,0.5541783612,97.19182,4.766666666666667,108.4328,0.0006666666666666,0.0349198712569887,0.8050804886955198,2.18611569439318,-0.0085733882031027,4.734,1.90817582667502,29.3158843764027,77.42403817883597,0,0,3,-0.0729344139,0.8555411107,1.011327337,0.2901458623,0.2798194664454634,-0.2448805328735481,1.4589156266105796,1.2379767614195458,4.733333333333333,4.9,0.0006666666666666,0.0006666666666666,81.12311146031747,80.26779506349207,2.18611569439318,2.18611569439318,-0.0085733882031027,-0.0085733882031027,4.734,4.734,1.90817582667502,1.90817582667502,29.3158843764027,29.3158843764027,0.3913033483999999,0.656531339610397,0.5210199740250001,0.5027890119026076,2.0840798961,0.033333333333333215,0.0,-3.6990732814815033
2004-10-01,-0.3811643579,97.63298333333334,4.533333333333333,106.47646666666668,0.001,0.4528828771463544,-1.8206635796452095,2.18611569439318,-0.0085733882031027,4.734,1.90817582667502,29.3158843764027,81.42577048148148,0,0,4,0.5541783612,-0.0729344139,0.8555411107,1.011327337,0.0349198712569887,0.2798194664454634,0.8050804886955198,1.4589156266105796,4.766666666666667,4.733333333333333,0.0006666666666666,0.0006666666666666,77.42403817883597,81.12311146031747,2.18611569439318,2.18611569439318,-0.0085733882031027,-0.0085733882031027,4.734,4.734,1.90817582667502,1.90817582667502,29.3158843764027,29.3158843764027,0.24062197364999988,0.44343569584192416,0.5870280987500001,0.4791515781484312,2.3481123950000002,-0.2333333333333334,0.00033333333333340005,4.001732302645507
2005-01-01,0.6190192968,96.92033333333332,4.533333333333333,108.57776666666666,0.0013333333333333,-0.7326045112876933,1.9542669248250988,1.80390087215821,-0.282946068764391,4.446,1.40183686637537,29.5148769788967,81.42195666666667,0,0,1,-0.3811643579,0.5541783612,-0.0729344139,0.8555411107,0.4528828771463544,0.0349198712569887,-1.8206635796452095,0.8050804886955198,4.533333333333333,4.766666666666667,0.001,0.0006666666666666,81.42577048148148,77.42403817883597,2.18611569439318,2.18611569439318,-0.0085733882031027,-0.0085733882031027,4.734,4.734,1.90817582667502,1.90817582667502,29.3158843764027,29.3158843764027,0.08650700164999989,0.6613871794090741,0.23890517502500003,0.5660881009081712,0.9556207001000001,0.0,0.0003333333333332999,-0.0038138148148050277
2005-04-01,0.9611549334,97.05607666666668,4.433333333333334,108.79513333333334,0.001,0.1399586222794901,0.1999943315087904,1.80390087215821,-0.282946068764391,4.446,1.40183686637537,29.5148769788967,84.62662389121212,0,0,2,0.6190192968,-0.3811643579,0.5541783612,-0.0729344139,-0.7326045112876933,0.4528828771463544,1.9542669248250988,-1.8206635796452095,4.533333333333333,4.533333333333333,0.0013333333333333,0.001,81.42195666666667,81.42577048148148,1.80390087215821,2.18611569439318,-0.282946068764391,-0.0085733882031027,4.446,4.734,1.40183686637537,1.90817582667502,29.5148769788967,29.3158843764027,0.1189274694499999,0.7072366446703142,0.17977472155,0.48704155889199,0.7190988862,-0.09999999999999964,-0.0003333333333332999,3.204667224545446
2005-07-01,0.9011589312,96.8864,4.3,108.43283333333332,0.001,-0.1749763258406034,-0.3335669356876458,1.80390087215821,-0.282946068764391,4.446,1.40183686637537,29.5148769788967,88.68293483787879,0,0,3,0.9611549334,0.6190192968,-0.3811643579,0.5541783612,0.1399586222794901,-0.7326045112876933,0.1999943315087904,1.9542669248250988,4.433333333333334,4.533333333333333,0.001,0.0013333333333333,84.62662389121212,81.42195666666667,1.80390087215821,1.80390087215821,-0.282946068764391,-0.282946068764391,4.446,4.446,1.40183686637537,1.40183686637537,29.5148769788967,29.5148769788967,0.7900871151,0.2419264287254352,0.438297058375,0.5747423695433311,1.7531882335,-0.13333333333333375,0.0,4.05631094666667
2005-10-01,0.2812815278,96.8864,4.433333333333334,109.62836666666664,0.001,0.0,1.0965227304772007,1.80390087215821,-0.282946068764391,4.446,1.40183686637537,29.5148769788967,87.25611562973138,0,0,4,0.9011589312,0.9611549334,0.6190192968,-0.3811643579,-0.1749763258406034,0.1399586222794901,-0.3335669356876458,0.1999943315087904,4.3,4.433333333333334,0.001,0.001,88.68293483787879,84.62662389121212,1.80390087215821,1.80390087215821,-0.282946068764391,-0.282946068764391,4.446,4.446,1.40183686637537,1.40183686637537,29.5148769788967,29.5148769788967,0.9311569323,0.04242357999969521,0.525042200875,0.6222807865763158,2.1001688035,0.13333333333333375,0.0,-1.426819208147407
2006-01-01,0.0776765855,96.78459,4.2,111.07753333333334,0.0013333333333333,-0.1051370774510118,1.3132294997149074,1.3723501275831,0.249355116079085,4.192,1.29837199455426,29.8159321777965,89.56988972222223,0,0,1,0.2812815278,0.9011589312,0.9611549334,0.6190192968,0.0,-0.1749763258406034,1.0965227304772007,-0.3335669356876458,4.433333333333334,4.3,0.001,0.001,87.25611562973138,88.68293483787879,1.80390087215821,1.80390087215821,-0.282946068764391,-0.282946068764391,4.446,4.446,1.40183686637537,1.40183686637537,29.5148769788967,29.5148769788967,0.5912202294999999,0.4383195154484486,0.6906536723,0.31102005976413066,2.7626146892,-0.2333333333333334,0.0003333333333332999,2.3137740924908456
2006-04-01,0.2769286667,97.22576,4.133333333333333,112.92516666666666,0.0193333333333333,0.4547909535864036,1.6496901471119152,1.3723501275831,0.249355116079085,4.192,1.29837199455426,29.8159321777965,90.89160913186812,0,0,2,0.0776765855,0.2812815278,0.9011589312,0.9611549334,-0.1051370774510118,0.0,1.3132294997149074,1.0965227304772007,4.2,4.433333333333334,0.0013333333333333,0.001,89.56988972222223,87.25611562973138,1.3723501275831,1.80390087215821,0.249355116079085,-0.282946068764391,4.192,4.446,1.29837199455426,1.40183686637537,29.8159321777965,29.5148769788967,0.17947905664999989,0.14397043538342527,0.555317994475,0.44254825542765425,2.2212719779,-0.06666666666666732,0.018,1.321719409645894
2006-07-01,-0.0138324271,97.49724,4.1,113.97586666666666,0.222,0.2788372980047526,0.9261372631906184,1.3723501275831,0.249355116079085,4.192,1.29837199455426,29.8159321777965,87.20753218888888,0,0,3,0.2769286667,0.0776765855,0.2812815278,0.9011589312,0.4547909535864036,-0.1051370774510118,1.6496901471119152,1.3132294997149074,4.133333333333333,4.2,0.0193333333333333,0.0013333333333333,90.89160913186812,89.56988972222223,1.3723501275831,1.3723501275831,0.249355116079085,0.249355116079085,4.192,4.192,1.29837199455426,1.29837199455426,29.8159321777965,29.8159321777965,0.1773026260999999,0.14089249778205215,0.3842614278,0.3574457888774316,1.5370457112,-0.033333333333333215,0.20266666666666672,-3.684076942979246
2006-10-01,1.34414997,97.22575666666668,4.033333333333333,115.20763333333332,0.2553333333333333,-0.2788407264515236,1.0749277563341764,1.3723501275831,0.249355116079085,4.192,1.29837199455426,29.8159321777965,81.33247207692307,0,0,4,-0.0138324271,0.2769286667,0.0776765855,0.2812815278,0.2788372980047526,0.4547909535864036,0.9261372631906184,1.6496901471119152,4.1,4.133333333333333,0.222,0.0193333333333333,87.20753218888888,90.89160913186812,1.3723501275831,1.3723501275831,0.249355116079085,0.249355116079085,4.192,4.192,1.29837199455426,1.29837199455426,29.8159321777965,29.8159321777965,0.1315481197999999,0.20559914113119757,0.155513588225,0.14753063840628455,0.6220543529,-0.06666666666666643,0.0333333333333333,-5.875060111965809
2007-01-01,0.7187303864,96.68278333333336,4.0,114.88153333333332,0.3776666666666666,-0.5600318092890966,-0.283455516891351,1.48396941157472,0.060039454498669,3.888,1.76167668956688,30.3433799383529,78.07401874665032,0,0,1,1.34414997,-0.0138324271,0.2769286667,0.0776765855,-0.2788407264515236,0.2788372980047526,1.0749277563341764,0.9261372631906184,4.033333333333333,4.1,0.2553333333333333,0.222,81.33247207692307,87.20753218888888,1.3723501275831,1.3723501275831,0.249355116079085,0.249355116079085,4.192,4.192,1.29837199455426,1.29837199455426,29.8159321777965,29.8159321777965,0.6651587714499998,0.9602385617213727,0.42123069877499997,0.6271396468367995,1.6849227950999999,-0.033333333333333215,0.1223333333333333,-3.2584533302727436
2007-04-01,0.1549147501,97.15788666666668,3.766666666666667,115.64236666666666,0.514,0.4902008280459391,0.6600930280417749,1.48396941157472,0.060039454498669,3.888,1.76167668956688,30.3433799383529,86.23793716666667,0,0,2,0.7187303864,1.34414997,-0.0138324271,0.2769286667,-0.5600318092890966,-0.2788407264515236,-0.283455516891351,1.0749277563341764,4.0,4.033333333333333,0.3776666666666666,0.2553333333333333,78.07401874665032,81.33247207692307,1.48396941157472,1.3723501275831,0.060039454498669,0.249355116079085,3.888,4.192,1.76167668956688,1.29837199455426,30.3433799383529,29.8159321777965,1.0314401782,0.44223842865042595,0.581494149,0.5909460075112541,2.325976596,-0.23333333333333295,0.13633333333333342,8.163918420016344
2007-07-01,-0.6560698682,97.3615,3.733333333333333,117.56246666666668,0.498,0.2093502464592944,1.646744077191542,1.48396941157472,0.060039454498669,3.888,1.76167668956688,30.3433799383529,87.66476666017316,0,0,3,0.1549147501,0.7187303864,1.34414997,-0.0138324271,0.4902008280459391,-0.5600318092890966,0.6600930280417749,-0.283455516891351,3.766666666666667,4.0,0.514,0.3776666666666666,86.23793716666667,78.07401874665032,1.48396941157472,1.48396941157472,0.060039454498669,0.060039454498669,3.888,3.888,1.76167668956688,1.76167668956688,30.3433799383529,30.3433799383529,0.43682256825,0.39867785976673736,0.55099066985,0.6145837488297016,2.2039626793999996,-0.0333333333333341,-0.016000000000000014,1.4268294935064887
2007-10-01,0.5676381569,97.70085666666668,3.8333333333333335,118.3233,0.501,0.3479472050276655,0.6450884956060499,1.48396941157472,0.060039454498669,3.888,1.76167668956688,30.3433799383529,90.77176603962704,0,0,4,-0.6560698682,0.1549147501,0.7187303864,1.34414997,0.2093502464592944,0.4902008280459391,1.646744077191542,0.6600930280417749,3.733333333333333,3.766666666666667,0.498,0.514,87.66476666017316,86.23793716666667,1.48396941157472,1.48396941157472,0.060039454498669,0.060039454498669,3.888,3.888,1.76167668956688,1.76167668956688,30.3433799383529,30.3433799383529,-0.25057755905,0.5734527230379135,0.39043130957499994,0.850096530196896,1.5617252382999998,0.10000000000000053,0.0030000000000000027,3.1069993794538817
2008-01-01,0.2084682641,97.63298666666668,3.9,118.95823333333334,0.5056666666666666,-0.0694912889369625,0.5351742631194867,-1.22428900061713,1.3800788616492,4.002,0.341610211589549,28.6421074070242,88.85645084090909,0,0,1,0.5676381569,-0.6560698682,0.1549147501,0.7187303864,0.3479472050276655,0.2093502464592944,0.6450884956060499,1.646744077191542,3.8333333333333335,3.733333333333333,0.501,0.498,90.77176603962704,87.66476666017316,1.48396941157472,1.48396941157472,0.060039454498669,0.060039454498669,3.888,3.888,1.76167668956688,1.76167668956688,30.3433799383529,30.3433799383529,-0.044215855650000024,0.8652922427406077,0.19630335629999998,0.6161906270204196,0.7852134251999999,0.06666666666666643,0.004666666666666597,-1.9153151987179484
2008-04-01,-0.4794450097,98.44744,3.966666666666667,117.07653333333332,0.5066666666666667,0.8307387240440889,-1.5944599109916524,-1.22428900061713,1.3800788616492,4.002,0.341610211589549,28.6421074070242,89.66962621818182,0,0,2,0.2084682641,0.5676381569,-0.6560698682,0.1549147501,-0.0694912889369625,0.3479472050276655,0.5351742631194867,0.6450884956060499,3.9,3.8333333333333335,0.5056666666666666,0.501,88.85645084090909,90.77176603962704,-1.22428900061713,1.48396941157472,1.3800788616492,0.060039454498669,4.002,3.888,0.341610211589549,1.76167668956688,28.6421074070242,30.3433799383529,0.38805321049999997,0.2539714667969243,0.06873782572499998,0.5167845428940399,0.2749513028999999,0.06666666666666687,0.001000000000000112,0.8131753772727279
2008-07-01,-1.1113362579,99.46551333333332,4.0,112.83413333333333,0.5006666666666667,1.0288182720191053,-3.690895823893925,-1.22428900061713,1.3800788616492,4.002,0.341610211589549,28.6421074070242,85.61120035185185,1,0,3,-0.4794450097,0.2084682641,0.5676381569,-0.6560698682,0.8307387240440889,-0.0694912889369625,-1.5944599109916524,0.5351742631194867,3.966666666666667,3.9,0.5066666666666667,0.5056666666666666,89.66962621818182,88.85645084090909,-1.22428900061713,-1.22428900061713,1.3800788616492,1.3800788616492,4.002,4.002,0.341610211589549,0.341610211589549,28.6421074070242,28.6421074070242,-0.13548837279999998,0.4864281407722177,-0.089852114225,0.5755211186015344,-0.3594084569,0.033333333333333215,-0.006000000000000005,-4.058425866329969
2008-10-01,-2.373927771,98.71893,4.066666666666666,102.43341,0.333,-0.7534263057488388,-9.670596484015448,-1.22428900061713,1.3800788616492,4.002,0.341610211589549,28.6421074070242,82.78964960811966,1,0,4,-1.1113362579,-0.4794450097,0.2084682641,0.5676381569,1.0288182720191053,0.8307387240440889,-3.690895823893925,-1.5944599109916524,4.0,3.966666666666667,0.5006666666666667,0.5066666666666667,85.61120035185185,89.66962621818182,-1.22428900061713,-1.22428900061713,1.3800788616492,1.3800788616492,4.002,4.002,0.341610211589549,0.341610211589549,28.6421074070242,28.6421074070242,-0.7953906337999999,0.44681458657465156,-0.20366871164999997,0.7449125481858974,-0.8146748466,0.06666666666666643,-0.16766666666666669,-2.821550743732189
2009-01-01,-4.4352411419,97.53118333333332,4.566666666666666,82.31622,0.1103333333333333,-1.2104565433300962,-21.86447568181613,-5.69323635892741,-1.35283672951719,5.068,0.448964962104375,25.3311155031213,75.86919696061538,1,0,1,-2.373927771,-1.1113362579,-0.4794450097,0.2084682641,-0.7534263057488388,1.0288182720191053,-9.670596484015448,-3.690895823893925,4.066666666666666,4.0,0.333,0.5006666666666667,82.78964960811966,85.61120035185185,-1.22428900061713,-1.22428900061713,1.3800788616492,1.3800788616492,4.002,4.002,0.341610211589549,0.341610211589549,28.6421074070242,28.6421074070242,-1.7426320144499998,0.8927870207815938,-0.9390601936249999,1.0979665577037117,-3.7562407744999997,0.5,-0.22266666666666673,-6.920452647504277
2009-04-01,1.1190084116,97.53118,5.1000000000000005,86.38755333333334,0.1033333333333333,-3.417710381370398e-06,4.827543468642492,-5.69323635892741,-1.35283672951719,5.068,0.448964962104375,25.3311155031213,85.43743409578478,1,0,2,-4.4352411419,-2.373927771,-1.1113362579,-0.4794450097,-1.2104565433300962,-0.7534263057488388,-21.86447568181613,-9.670596484015448,4.566666666666666,4.066666666666666,0.1103333333333333,0.333,75.86919696061538,82.78964960811966,-5.69323635892741,-1.22428900061713,-1.35283672951719,1.3800788616492,5.068,4.002,0.448964962104375,0.341610211589549,25.3311155031213,28.6421074070242,-3.40458445645,1.457568662713891,-2.099987545125,1.7447102993005605,-8.3999501805,0.5333333333333341,-0.006999999999999992,9.568237135169397
2009-07-01,-0.6493851914,97.22576,5.433333333333334,91.21157333333332,0.1033333333333333,-0.3136424821339467,5.433818282329117,-5.69323635892741,-1.35283672951719,5.068,0.448964962104375,25.3311155031213,86.09474474545455,0,0,3,1.1190084116,-4.4352411419,-2.373927771,-1.1113362579,-3.417710381370398e-06,-1.2104565433300962,4.827543468642492,-21.86447568181613,5.1000000000000005,4.566666666666666,0.1033333333333333,0.1103333333333333,85.43743409578478,75.86919696061538,-5.69323635892741,-5.69323635892741,-1.35283672951719,-1.35283672951719,5.068,5.068,0.448964962104375,0.448964962104375,25.3311155031213,25.3311155031213,-1.6581163651499997,3.9274475236822037,-1.7003741897999998,2.32587299816149,-6.801496759199999,0.33333333333333304,0.0,0.6573106496697676
2009-10-01,1.605487828,96.71672,5.2,97.64359666666668,0.104,-0.5249403523508889,6.814229122862425,-5.69323635892741,-1.35283672951719,5.068,0.448964962104375,25.3311155031213,88.83882087878789,0,0,4,-0.6493851914,1.1190084116,-4.4352411419,-2.373927771,-0.3136424821339467,-3.417710381370398e-06,5.433818282329117,4.827543468642492,5.433333333333334,5.1000000000000005,0.1033333333333333,0.1033333333333333,86.09474474545455,85.43743409578478,-5.69323635892741,-5.69323635892741,-1.35283672951719,-1.35283672951719,5.068,5.068,0.448964962104375,0.448964962104375,25.3311155031213,25.3311155031213,0.23481161010000007,1.2504431084882115,-1.584886423175,2.375802889081979,-6.3395456927,-0.2333333333333334,0.0006666666666666904,2.744076133333337
2010-01-01,1.2398187413,96.68278333333332,5.033333333333333,101.407,0.098,-0.0350948853850674,3.781804146244294,4.09791791943181,-0.728243207517779,5.102,1.33853420544671,26.3773425046421,90.63290854395603,0,0,1,1.605487828,-0.6493851914,1.1190084116,-4.4352411419,-0.5249403523508889,-0.3136424821339467,6.814229122862425,5.433818282329117,5.2,5.433333333333334,0.104,0.1033333333333333,88.83882087878789,86.09474474545455,-5.69323635892741,-5.69323635892741,-1.35283672951719,-1.35283672951719,5.068,5.068,0.448964962104375,0.448964962104375,25.3311155031213,25.3311155031213,0.4780513183,1.5944360027323254,-0.5900325234249999,2.7404551075750567,-2.3601300936999996,-0.16666666666666696,-0.0059999999999999915,1.7940876651681492
2010-04-01,1.3786292406,96.75065666666666,5.133333333333333,102.4676,0.093,0.070177458581,1.0404528743172214,4.09791791943181,-0.728243207517779,5.102,1.33853420544671,26.3773425046421,90.52603037916668,0,0,2,1.2398187413,1.605487828,-0.6493851914,1.1190084116,-0.0350948853850674,-0.5249403523508889,3.781804146244294,6.814229122862425,5.033333333333333,5.2,0.098,0.104,90.63290854395603,88.83882087878789,4.09791791943181,-5.69323635892741,-0.728243207517779,-1.35283672951719,5.102,5.068,1.33853420544671,0.448964962104375,26.3773425046421,25.3311155031213,1.42265328465,0.2585670908758625,0.828732447375,1.0068817791987654,3.3149297895,0.09999999999999964,-0.0050000000000000044,-0.1068781647893502
2010-07-01,1.7244520398,96.24162333333334,5.066666666666666,103.9388,0.0933333333333333,-0.5275180061719453,1.42556133433418,4.09791791943181,-0.728243207517779,5.102,1.33853420544671,26.3773425046421,96.51950330555556,0,0,3,1.3786292406,1.2398187413,1.605487828,-0.6493851914,0.070177458581,-0.0350948853850674,1.0404528743172214,3.781804146244294,5.133333333333333,5.033333333333333,0.093,0.098,90.52603037916668,90.63290854395603,4.09791791943181,4.09791791943181,-0.728243207517779,-0.728243207517779,5.102,5.102,1.33853420544671,1.33853420544671,26.3773425046421,26.3773425046421,1.30922399095,0.09815384535492278,0.893637654625,1.039664746593365,3.5745506185000004,-0.06666666666666643,0.0003333333333332966,5.9934729263888755
2010-10-01,-0.8590121262,96.44523666666667,5.0,103.28873333333333,0.0896666666666666,0.2113412498601086,-0.6273961655267613,4.09791791943181,-0.728243207517779,5.102,1.33853420544671,26.3773425046421,93.72657715286935,0,0,4,1.7244520398,1.3786292406,1.2398187413,1.605487828,-0.5275180061719453,0.070177458581,1.42556133433418,1.0404528743172214,5.066666666666666,5.133333333333333,0.0933333333333333,0.093,96.51950330555556,90.52603037916668,4.09791791943181,4.09791791943181,-0.728243207517779,-0.728243207517779,5.102,5.102,1.33853420544671,1.33853420544671,26.3773425046421,26.3773425046421,1.5515406402,0.24453364640323436,1.4870969624250001,0.21852962814222643,5.9483878497000005,-0.06666666666666643,-0.003666666666666693,-2.7929261526862064
2011-01-01,-1.4346402233,96.17375,4.733333333333333,99.52529333333332,0.0876666666666666,-0.2818900162841586,-3.711648652099342,0.0238095237995424,-0.27245561610124,4.55,-0.646036205929896,25.5805714085266,86.29003977777778,1,0,1,-0.8590121262,1.7244520398,1.3786292406,1.2398187413,0.2113412498601086,-0.5275180061719453,-0.6273961655267613,1.42556133433418,5.0,5.066666666666666,0.0896666666666666,0.0933333333333333,93.72657715286935,96.51950330555556,4.09791791943181,4.09791791943181,-0.728243207517779,-0.728243207517779,5.102,5.102,1.33853420544671,1.33853420544671,26.3773425046421,26.3773425046421,0.4327199568,1.826785030731049,0.870971973875,1.171187011503318,3.4838878954999997,-0.2666666666666666,-0.0020000000000000018,-7.436537375091575
2011-04-01,-0.6396674871,96.37736333333334,4.666666666666667,95.48818,0.0666666666666666,0.2114902435017995,-4.14093460221201,0.0238095237995424,-0.27245561610124,4.55,-0.646036205929896,25.5805714085266,82.44767552631579,0,0,2,-1.4346402233,-0.8590121262,1.7244520398,1.3786292406,-0.2818900162841586,0.2113412498601086,-3.711648652099342,-0.6273961655267613,4.733333333333333,5.0,0.0876666666666666,0.0896666666666666,86.29003977777778,93.72657715286935,0.0238095237995424,4.09791791943181,-0.27245561610124,-0.728243207517779,4.55,5.102,-0.646036205929896,1.33853420544671,25.5805714085266,26.3773425046421,-1.14682617475,0.40703053090092145,0.20235723272499995,1.5818400704382385,0.8094289309000002,-0.06666666666666643,-0.021000000000000005,-3.842364251461987
2011-07-01,2.3935455665,96.37736333333334,4.466666666666667,101.81756666666666,0.078,0.0,6.418017961276856,0.0238095237995424,-0.27245561610124,4.55,-0.646036205929896,25.5805714085266,85.97330276883385,0,0,3,-0.6396674871,-1.4346402233,-0.8590121262,1.7244520398,0.2114902435017995,-0.2818900162841586,-4.14093460221201,-3.711648652099342,4.666666666666667,4.733333333333333,0.0666666666666666,0.0876666666666666,82.44767552631579,86.29003977777778,0.0238095237995424,0.0238095237995424,-0.27245561610124,-0.27245561610124,4.55,4.55,-0.646036205929896,-0.646036205929896,25.5805714085266,25.5805714085266,-1.0371538552,0.5621306126254464,-0.3022169492,1.392080385293549,-1.2088677968,-0.20000000000000018,0.011333333333333404,3.5256272425180555
2011-10-01,0.0347175849,96.13981666666666,4.466666666666667,102.87816666666669,0.0786666666666666,-0.2467798325554326,1.0362790410629152,0.0238095237995424,-0.27245561610124,4.55,-0.646036205929896,25.5805714085266,87.921307825,0,0,4,2.3935455665,-0.6396674871,-1.4346402233,-0.8590121262,0.0,0.2114902435017995,6.418017961276856,-4.14093460221201,4.466666666666667,4.666666666666667,0.078,0.0666666666666666,85.97330276883385,82.44767552631579,0.0238095237995424,0.0238095237995424,-0.27245561610124,-0.27245561610124,4.55,4.55,-0.646036205929896,-0.646036205929896,25.5805714085266,25.5805714085266,0.8769390396999999,2.1448055189841146,-0.13494356752500003,1.7186710186040117,-0.5397742701000002,0.0,0.0006666666666665932,1.9480050561661528
2012-01-01,1.5200236316,96.47917333333334,4.5,103.66506666666668,0.083,0.3523609149675089,0.7619749091936079,1.37475099905274,-0.0440645104432602,4.358,-1.64136169121036,24.895748835138,95.70949239928908,0,0,1,0.0347175849,2.3935455665,-0.6396674871,-1.4346402233,-0.2467798325554326,0.0,1.0362790410629152,6.418017961276856,4.466666666666667,4.466666666666667,0.0786666666666666,0.078,87.921307825,85.97330276883385,0.0238095237995424,0.0238095237995424,-0.27245561610124,-0.27245561610124,4.55,4.55,-0.646036205929896,-0.646036205929896,25.5805714085266,25.5805714085266,1.2141315757,1.667943261441937,0.08848886024999997,1.6498799593124767,0.35395544099999987,0.033333333333333215,0.004333333333333411,7.788184574289076
2012-04-01,-0.926725457,96.54704,4.4,101.47543333333334,0.0783333333333333,0.0703186041845604,-2.134845624683912,1.37475099905274,-0.0440645104432602,4.358,-1.64136169121036,24.895748835138,92.84250288623188,0,0,2,1.5200236316,0.0347175849,2.3935455665,-0.6396674871,0.3523609149675089,-0.2467798325554326,0.7619749091936079,1.0362790410629152,4.5,4.466666666666667,0.083,0.0786666666666666,95.70949239928908,87.921307825,1.37475099905274,0.0238095237995424,-0.0440645104432602,-0.27245561610124,4.358,4.55,-1.64136169121036,-0.646036205929896,24.895748835138,25.5805714085266,0.77737060825,1.0502699777589535,0.827154823975,1.3799965716126399,3.3086192959,-0.09999999999999964,-0.004666666666666708,-2.8669895130571916
2012-07-01,-0.3954007394,95.97013666666668,4.233333333333333,98.32785666666666,0.085,-0.5993284029599089,-3.150936185614128,1.37475099905274,-0.0440645104432602,4.358,-1.64136169121036,24.895748835138,92.08709861265432,0,0,3,-0.926725457,1.5200236316,0.0347175849,2.3935455665,0.0703186041845604,0.3523609149675089,-2.134845624683912,0.7619749091936079,4.4,4.5,0.0783333333333333,0.083,92.84250288623188,95.70949239928908,1.37475099905274,1.37475099905274,-0.0440645104432602,-0.0440645104432602,4.358,4.358,-1.64136169121036,-1.64136169121036,24.895748835138,24.895748835138,0.2966490873,1.7301128724110653,0.7553903315,1.4851598557273988,3.0215613259999996,-0.16666666666666696,0.00666666666666671,-0.7554042735775681
2012-10-01,-0.0547667813,95.90226666666666,4.166666666666667,96.75406333333336,0.0843333333333333,-0.0707449342913335,-1.61350419001014,1.37475099905274,-0.0440645104432602,4.358,-1.64136169121036,24.895748835138,92.63655293655172,0,0,4,-0.3954007394,-0.926725457,1.5200236316,0.0347175849,-0.5993284029599089,0.0703186041845604,-3.150936185614128,-2.134845624683912,4.233333333333333,4.4,0.085,0.0783333333333333,92.08709861265432,92.84250288623188,1.37475099905274,1.37475099905274,-0.0440645104432602,-0.0440645104432602,4.358,4.358,-1.64136169121036,-1.64136169121036,24.895748835138,24.895748835138,-0.6610630982,0.37570331082699265,0.05815375502500003,1.0509220605099814,0.23261502010000001,-0.06666666666666643,-0.0006666666666667043,0.5494543238974074
2013-01-01,1.277357741,95.83439666666668,4.2,96.75715,0.081,-0.0707950181825012,0.0031901682737256,2.00510017681211,0.335037912184741,4.038,-2.41045518719656,25.2525231315864,93.38316539124668,0,0,1,-0.0547667813,-0.3954007394,-0.926725457,1.5200236316,-0.0707449342913335,-0.5993284029599089,-1.61350419001014,-3.150936185614128,4.166666666666667,4.233333333333333,0.0843333333333333,0.085,92.63655293655172,92.08709861265432,1.37475099905274,1.37475099905274,-0.0440645104432602,-0.0440645104432602,4.358,4.358,-1.64136169121036,-1.64136169121036,24.895748835138,24.895748835138,-0.22508376035,0.2408645816749309,0.03578266347500003,1.0525384335508259,0.14313065390000013,0.033333333333333215,-0.0033333333333332993,0.7466124546949544
2013-04-01,1.0257923869,96.27555666666666,4.033333333333333,98.75695,0.07,0.4592794572296554,2.045755006345651,2.00510017681211,0.335037912184741,4.038,-2.41045518719656,25.2525231315864,93.84805285097002,0,0,2,1.277357741,-0.0547667813,-0.3954007394,-0.926725457,-0.0707950181825012,-0.0707449342913335,0.0031901682737256,-1.61350419001014,4.2,4.166666666666667,0.081,0.0843333333333333,93.38316539124668,92.63655293655172,2.00510017681211,1.37475099905274,0.335037912184741,-0.0440645104432602,4.038,4.358,-2.41045518719656,-1.64136169121036,25.2525231315864,24.895748835138,0.6112954798500001,0.9419542831032213,-0.024883809174999938,0.9393840535798406,-0.09953523669999975,-0.16666666666666696,-0.010999999999999996,0.464887459723343
2013-07-01,0.9488288072,96.81853,3.933333333333333,100.55673333333334,0.07,0.5623939850610604,1.806029795076736,2.00510017681211,0.335037912184741,4.038,-2.41045518719656,25.2525231315864,94.46219414767025,0,0,3,1.0257923869,1.277357741,-0.0547667813,-0.3954007394,0.4592794572296554,-0.0707950181825012,2.045755006345651,0.0031901682737256,4.033333333333333,4.2,0.07,0.081,93.84805285097002,93.38316539124668,2.00510017681211,2.00510017681211,0.335037912184741,0.335037912184741,4.038,4.038,-2.41045518719656,-2.41045518719656,25.2525231315864,25.2525231315864,1.15157506395,0.17788356779570827,0.4632456518000001,0.8133977765972853,1.8529826072000004,-0.10000000000000009,0.0,0.6141412967002253
2013-10-01,-0.1406598767,97.25969,3.8666666666666663,101.75666666666666,0.07,0.4546216054817975,1.186226323958195,2.00510017681211,0.335037912184741,4.038,-2.41045518719656,25.2525231315864,94.57507478953544,0,0,4,0.9488288072,1.0257923869,1.277357741,-0.0547667813,0.5623939850610604,0.4592794572296554,1.806029795076736,2.045755006345651,3.933333333333333,4.033333333333333,0.07,0.07,94.46219414767025,93.84805285097002,2.00510017681211,2.00510017681211,0.335037912184741,0.335037912184741,4.038,4.038,-2.41045518719656,-2.41045518719656,25.2525231315864,25.2525231315864,0.9873105970499999,0.054421469110275185,0.7993030384500001,0.5864091109227266,3.1972121538000002,-0.06666666666666687,0.0,0.11288064186518909
2014-01-01,1.0469098284,97.29362333333334,3.6666666666666665,103.5898,0.0733333333333333,0.0348833264220083,1.7854527137978415,0.296205514141889,2.75922671353253,3.589,-2.59412387169894,25.7720886257814,96.01232862752526,0,0,1,-0.1406598767,0.9488288072,1.0257923869,1.277357741,0.4546216054817975,0.5623939850610604,1.186226323958195,1.806029795076736,3.8666666666666663,3.933333333333333,0.07,0.07,94.57507478953544,94.46219414767025,2.00510017681211,2.00510017681211,0.335037912184741,0.335037912184741,4.038,4.038,-2.41045518719656,-2.41045518719656,25.2525231315864,25.2525231315864,0.40408446524999986,0.7703848364116987,0.7778297646000001,0.62819252755019,3.1113190584000003,-0.19999999999999973,0.0033333333333332993,1.4372538379898288
2014-04-01,-1.4400160707,99.70306666666666,3.633333333333333,100.75676,0.0666666666666666,2.4462984536384624,-2.772957402975873,0.296205514141889,2.75922671353253,3.589,-2.59412387169894,25.7720886257814,95.310667786824,0,0,2,1.0469098284,-0.1406598767,0.9488288072,1.0257923869,0.0348833264220083,0.4546216054817975,1.7854527137978415,1.186226323958195,3.6666666666666665,3.8666666666666663,0.0733333333333333,0.07,96.01232862752526,94.57507478953544,0.296205514141889,2.00510017681211,2.75922671353253,0.335037912184741,3.589,4.038,-2.59412387169894,-2.41045518719656,25.7720886257814,25.2525231315864,0.4531249758499999,0.8397385916079201,0.7202177864500001,0.5754641246948986,2.8808711458,-0.03333333333333366,-0.00666666666666671,-0.7016608407012654
2014-07-01,0.1957817243,100.07638,3.5666666666666664,100.15680333333334,0.07,0.3737259003075088,-0.597230410932692,0.296205514141889,2.75922671353253,3.589,-2.59412387169894,25.7720886257814,92.73536100685756,0,0,3,-1.4400160707,1.0469098284,-0.1406598767,0.9488288072,2.4462984536384624,0.0348833264220083,-2.772957402975873,1.7854527137978415,3.633333333333333,3.6666666666666665,0.0666666666666666,0.0733333333333333,95.310667786824,96.01232862752526,0.296205514141889,0.296205514141889,2.75922671353253,2.75922671353253,3.589,3.589,-2.59412387169894,-2.59412387169894,25.7720886257814,25.7720886257814,-0.19655312115000012,1.7585221675620628,0.10376567205000004,1.1614155903001395,0.4150626881999999,-0.06666666666666643,0.0033333333333334103,-2.5753067799664393
2014-10-01,0.5779506798,99.77093666666669,3.466666666666667,100.45676666666668,0.0633333333333333,-0.3056769300307849,0.2990461282130319,0.296205514141889,2.75922671353253,3.589,-2.59412387169894,25.7720886257814,89.69775142501156,0,0,4,0.1957817243,-1.4400160707,1.0469098284,-0.1406598767,0.3737259003075088,2.4462984536384624,-0.597230410932692,-2.772957402975873,3.5666666666666664,3.633333333333333,0.07,0.0666666666666666,92.73536100685756,95.310667786824,0.296205514141889,0.296205514141889,2.75922671353253,2.75922671353253,3.589,3.589,-2.59412387169894,-2.59412387169894,25.7720886257814,25.7720886257814,-0.6221171732000002,1.1566837134945043,-0.08449609867499996,1.0326702917505894,-0.3379843947000001,-0.09999999999999964,-0.00666666666666671,-3.0376095818459987
2015-01-01,1.610956788,99.53338666666666,3.5,100.59010333333332,0.0733333333333333,-0.2383792870282342,0.1326423895243955,1.56062669680782,0.795279630579839,3.385,-0.553888679174094,28.1789158205035,87.78642538761726,0,0,1,0.5779506798,0.1957817243,-1.4400160707,1.0469098284,-0.3056769300307849,0.3737259003075088,0.2990461282130319,-0.597230410932692,3.466666666666667,3.5666666666666664,0.0633333333333333,0.07,89.69775142501156,92.73536100685756,0.296205514141889,0.296205514141889,2.75922671353253,2.75922671353253,3.589,3.589,-2.59412387169894,-2.59412387169894,25.7720886257814,25.7720886257814,0.3868662020499999,0.2702342599930362,0.09515654045000005,1.0810187904263115,0.3806261618,0.033333333333333215,0.010000000000000009,-1.9113260373943035
2015-04-01,0.0595788577,100.28000000000002,3.3666666666666667,99.95682666666666,0.0666666666666666,0.7473141019365137,-0.631551698705568,1.56062669680782,0.795279630579839,3.385,-0.553888679174094,28.1789158205035,88.74704007783585,0,0,2,1.610956788,0.5779506798,0.1957817243,-1.4400160707,-0.2383792870282342,-0.3056769300307849,0.1326423895243955,0.2990461282130319,3.5,3.466666666666667,0.0733333333333333,0.0633333333333333,87.78642538761726,89.69775142501156,1.56062669680782,0.296205514141889,0.795279630579839,2.75922671353253,3.385,3.589,-0.553888679174094,-2.59412387169894,28.1789158205035,25.7720886257814,1.0944537339,0.7304456241153457,0.23616828035000004,1.2672915610275326,0.9446731214000001,-0.1333333333333333,-0.00666666666666671,0.9606146902185912
2015-07-01,0.1471354178,100.1782,3.3666666666666667,99.89016,0.0733333333333333,-0.101567318025797,-0.0667177126375762,1.56062669680782,0.795279630579839,3.385,-0.553888679174094,28.1789158205035,87.94138351094277,0,0,3,0.0595788577,1.610956788,0.5779506798,0.1957817243,0.7473141019365137,-0.2383792870282342,-0.631551698705568,0.1326423895243955,3.3666666666666667,3.5,0.0666666666666666,0.0733333333333333,88.74704007783585,87.78642538761726,1.56062669680782,1.56062669680782,0.795279630579839,0.795279630579839,3.385,3.385,-0.553888679174094,-0.553888679174094,28.1789158205035,28.1789158205035,0.8352678228499999,1.0969898546982821,0.6110670124500001,0.7017780537370774,2.4442680498000002,0.0,0.00666666666666671,-0.8056565668930773
2015-10-01,-0.1921674542,100.00849333333332,3.266666666666667,99.55687,0.0766666666666666,-0.1695484395042079,-0.3342143628163541,1.56062669680782,0.795279630579839,3.385,-0.553888679174094,28.1789158205035,88.11216719917257,0,0,4,0.1471354178,0.0595788577,1.610956788,0.5779506798,-0.101567318025797,0.7473141019365137,-0.0667177126375762,-0.631551698705568,3.3666666666666667,3.3666666666666667,0.0733333333333333,0.0666666666666666,87.94138351094277,88.74704007783585,1.56062669680782,1.56062669680782,0.795279630579839,0.795279630579839,3.385,3.385,-0.553888679174094,-0.553888679174094,28.1789158205035,28.1789158205035,0.10335713774999988,0.06191183738410736,0.598905435825,0.7117247474264287,2.3956217433,-0.09999999999999964,0.0033333333333332993,0.17078368822980394
2016-01-01,0.8684622915,99.56732333333332,3.233333333333333,99.89016,0.0323333333333333,-0.4421083936520631,0.3342143628163541,0.753826745789127,-0.127258844489754,3.132,0.805691626531189,28.7272416114128,90.16319475060492,0,0,1,-0.1921674542,0.1471354178,0.0595788577,1.610956788,-0.1695484395042079,-0.101567318025797,-0.3342143628163541,-0.0667177126375762,3.266666666666667,3.3666666666666667,0.0766666666666666,0.0733333333333333,88.11216719917257,87.94138351094277,1.56062669680782,1.56062669680782,0.795279630579839,0.795279630579839,3.385,3.385,-0.553888679174094,-0.553888679174094,28.1789158205035,28.1789158205035,-0.022516018200000112,0.23992336166727932,0.40637590232500004,0.8158314937843414,1.6255036093,-0.0333333333333341,-0.04433333333333331,2.051027551432341
2016-04-01,-0.341818161,99.90667666666666,3.1666666666666665,99.02359,-0.0499999999999999,0.3402485143143785,-0.8713077726684837,0.753826745789127,-0.127258844489754,3.132,0.805691626531189,28.7272416114128,90.2860769827389,0,0,2,0.8684622915,-0.1921674542,0.1471354178,0.0595788577,-0.4421083936520631,-0.1695484395042079,0.3342143628163541,-0.3342143628163541,3.233333333333333,3.266666666666667,0.0323333333333333,0.0766666666666666,90.16319475060492,88.11216719917257,0.753826745789127,1.56062669680782,-0.127258844489754,0.795279630579839,3.132,3.385,0.805691626531189,-0.553888679174094,28.7272416114128,28.1789158205035,0.33814741864999986,0.7499784855126356,0.22075227820000004,0.4551290221263985,0.8830091127999999,-0.06666666666666643,-0.0823333333333332,0.12288223213398908
2016-07-01,0.2247886749,99.70306666666666,3.033333333333333,100.42346333333334,-0.0459999999999999,-0.2040081483173139,1.4037773915526408,0.753826745789127,-0.127258844489754,3.132,0.805691626531189,28.7272416114128,90.68540560662092,0,0,3,-0.341818161,0.8684622915,-0.1921674542,0.1471354178,0.3402485143143785,-0.4421083936520631,-0.8713077726684837,0.3342143628163541,3.1666666666666665,3.233333333333333,-0.0499999999999999,0.0323333333333333,90.2860769827389,90.16319475060492,0.753826745789127,0.753826745789127,-0.127258844489754,-0.127258844489754,3.132,3.132,0.805691626531189,0.805691626531189,28.7272416114128,28.7272416114128,0.2633220652499999,0.8557975151002752,0.12040302352500003,0.5390287612227181,0.4816120941,-0.1333333333333333,0.003999999999999997,0.3993286238820133
2016-10-01,0.0157343092,100.31393333333334,3.0,101.55666666666669,-0.0433333333333333,0.6108166465214282,1.1221056483560865,0.753826745789127,-0.127258844489754,3.132,0.805691626531189,28.7272416114128,91.8817026658062,0,0,4,0.2247886749,-0.341818161,0.8684622915,-0.1921674542,-0.2040081483173139,0.3402485143143785,1.4037773915526408,-0.8713077726684837,3.033333333333333,3.1666666666666665,-0.0459999999999999,-0.0499999999999999,90.68540560662092,90.2860769827389,0.753826745789127,0.753826745789127,-0.127258844489754,-0.127258844489754,3.132,3.132,0.805691626531189,0.805691626531189,28.7272416114128,28.7272416114128,-0.05851474305000011,0.40065153593154856,0.13981633780000005,0.5417041789576803,0.5592653512,-0.033333333333333215,0.002666666666666602,1.1962970591852837
2017-01-01,0.7282147093,99.90667666666666,2.9,101.19003333333336,-0.0416666666666666,-0.4068084982041142,-0.3616667822186947,1.67533175173359,0.484199796126385,2.822,0.75966463739868,29.2896490905596,91.04694235907196,0,0,1,0.0157343092,0.2247886749,-0.341818161,0.8684622915,0.6108166465214282,-0.2040081483173139,1.1221056483560865,1.4037773915526408,3.0,3.033333333333333,-0.0433333333333333,-0.0459999999999999,91.8817026658062,90.68540560662092,0.753826745789127,0.753826745789127,-0.127258844489754,-0.127258844489754,3.132,3.132,0.805691626531189,0.805691626531189,28.7272416114128,28.7272416114128,0.12026149204999989,0.1478237596231354,0.19179177865000005,0.5081691248541926,0.7671671146,-0.10000000000000009,0.0016666666666666982,-0.8347603067342391
2017-04-01,0.3215368304,100.31393333333334,2.8666666666666667,102.98986666666669,-0.0543333333333333,0.4068084982041142,1.763033435786987,1.67533175173359,0.484199796126385,2.822,0.75966463739868,29.2896490905596,90.5637182101184,0,0,2,0.7282147093,0.0157343092,0.2247886749,-0.341818161,-0.4068084982041142,0.6108166465214282,-0.3616667822186947,1.1221056483560865,2.9,3.0,-0.0416666666666666,-0.0433333333333333,91.04694235907196,91.8817026658062,1.67533175173359,0.753826745789127,0.484199796126385,-0.127258844489754,2.822,3.132,0.75966463739868,0.805691626531189,29.2896490905596,28.7272416114128,0.37197450924999986,0.5037997223732179,0.15672988310000005,0.4470856777894831,0.6269195323999999,-0.033333333333333215,-0.012666666666666701,-0.4832241489535676
2017-07-01,1.1379159534,100.31393333333334,2.7999999999999994,102.95653333333333,-0.0536666666666666,0.0,-0.0323708825446189,1.67533175173359,0.484199796126385,2.822,0.75966463739868,29.2896490905596,90.06306014179926,0,0,3,0.3215368304,0.7282147093,0.0157343092,0.2247886749,0.4068084982041142,-0.4068084982041142,1.763033435786987,-0.3616667822186947,2.8666666666666667,2.9,-0.0543333333333333,-0.0416666666666666,90.5637182101184,91.04694235907196,1.67533175173359,1.67533175173359,0.484199796126385,0.484199796126385,2.822,2.822,0.75966463739868,0.75966463739868,29.2896490905596,29.2896490905596,0.5248757698499998,0.2875646859287571,0.32256863095000005,0.2990306708360811,1.2902745238,-0.06666666666666732,0.0006666666666667043,-0.5006580683191402
2017-10-01,0.1558616235,100.8908,2.7000000000000006,104.22306666666668,-0.0423333333333333,0.5734141913483093,1.222658129524401,1.67533175173359,0.484199796126385,2.822,0.75966463739868,29.2896490905596,90.16647710391187,0,0,4,1.1379159534,0.3215368304,0.7282147093,0.0157343092,0.0,0.4068084982041142,-0.0323708825446189,1.763033435786987,2.7999999999999994,2.8666666666666667,-0.0536666666666666,-0.0543333333333333,90.06306014179926,90.5637182101184,1.67533175173359,1.67533175173359,0.484199796126385,0.484199796126385,2.822,2.822,0.75966463739868,0.75966463739868,29.2896490905596,29.2896490905596,0.7297263918999999,0.5772672138924291,0.550850450575,0.4882069254042695,2.2034018023,-0.09999999999999876,0.0113333333333333,0.1034169621126182
2018-01-01,-0.154412991,101.1962,2.466666666666667,103.82526666666666,-0.048,0.3022462924313629,-0.382411604464572,0.643391023533141,0.989094598021848,2.467,0.0199593949374998,29.1254854238882,90.8913484363418,0,0,1,0.1558616235,1.1379159534,0.3215368304,0.7282147093,0.5734141913483093,0.0,1.222658129524401,-0.0323708825446189,2.7000000000000006,2.7999999999999994,-0.0423333333333333,-0.0536666666666666,90.16647710391187,90.06306014179926,1.67533175173359,1.67533175173359,0.484199796126385,0.484199796126385,2.822,2.822,0.75966463739868,0.75966463739868,29.2896490905596,29.2896490905596,0.6468887884499999,0.6944172761659031,0.58588227915,0.4396195244143327,2.3435291166,-0.23333333333333384,-0.005666666666666702,0.7248713324299274
2018-04-01,0.6304795507,100.9926,2.3666666666666667,103.91643333333332,-0.065,-0.2013959910908802,0.0877692562630372,0.643391023533141,0.989094598021848,2.467,0.0199593949374998,29.1254854238882,90.0593051100529,0,0,2,-0.154412991,0.1558616235,1.1379159534,0.3215368304,0.3022462924313629,0.5734141913483093,-0.382411604464572,1.222658129524401,2.466666666666667,2.7000000000000006,-0.048,-0.0423333333333333,90.8913484363418,90.16647710391187,0.643391023533141,1.67533175173359,0.989094598021848,0.484199796126385,2.467,2.822,0.0199593949374998,0.75966463739868,29.1254854238882,29.2896490905596,0.0007243162499998845,0.2193972839430017,0.36522535407500006,0.5516087474344755,1.4609014163,-0.10000000000000009,-0.017,-0.8320433262888969
2018-07-01,-0.4895146876,101.4338,2.433333333333333,103.1874,-0.0623333333333333,0.4359122116857961,-0.704029793033456,0.643391023533141,0.989094598021848,2.467,0.0199593949374998,29.1254854238882,90.52743358768794,0,0,3,0.6304795507,-0.154412991,0.1558616235,1.1379159534,-0.2013959910908802,0.3022462924313629,0.0877692562630372,-0.382411604464572,2.3666666666666667,2.466666666666667,-0.065,-0.048,90.0593051100529,90.8913484363418,0.643391023533141,0.643391023533141,0.989094598021848,0.989094598021848,2.467,2.467,0.0199593949374998,0.0199593949374998,29.1254854238882,29.1254854238882,0.23803327984999986,0.5550028387388184,0.44246103415000004,0.5649207411541242,1.7698441366,0.06666666666666643,0.002666666666666699,0.46812847763503385
2018-10-01,0.069809397,101.77316666666668,2.466666666666667,104.88846666666666,-0.0663333333333333,0.3340111687518465,1.6350810807203686,0.643391023533141,0.989094598021848,2.467,0.0199593949374998,29.1254854238882,90.63609602015656,0,0,4,-0.4895146876,0.6304795507,-0.154412991,0.1558616235,0.4359122116857961,-0.2013959910908802,-0.704029793033456,0.0877692562630372,2.433333333333333,2.3666666666666667,-0.0623333333333333,-0.065,90.52743358768794,90.0593051100529,0.643391023533141,0.643391023533141,0.989094598021848,0.989094598021848,2.467,2.467,0.0199593949374998,0.0199593949374998,29.1254854238882,29.1254854238882,0.07048243154999986,0.7919555207917944,0.03560337390000003,0.47616345574615704,0.14241349559999994,0.03333333333333366,-0.003999999999999997,0.10866243246861984
2019-01-01,0.1290856968,101.5017,2.466666666666667,102.73176666666666,-0.0533333333333333,-0.2670933524665742,-2.0776179113592974,-0.402169200894946,0.46877615938395,2.351,-0.289365253370252,29.1717018986434,89.23519056931504,0,0,1,0.069809397,-0.4895146876,0.6304795507,-0.154412991,0.3340111687518465,0.4359122116857961,1.6350810807203686,-0.704029793033456,2.466666666666667,2.433333333333333,-0.0663333333333333,-0.0623333333333333,90.63609602015656,90.52743358768794,0.643391023533141,0.643391023533141,0.989094598021848,0.989094598021848,2.467,2.467,0.0199593949374998,0.0199593949374998,29.1254854238882,29.1254854238882,-0.2098526453000001,0.39550185310162395,0.014090317275000028,0.47083318658254725,0.056361269099999944,0.0,0.012999999999999998,-1.4009054508415204
2019-04-01,0.3904555037,101.73923333333336,2.333333333333333,102.8229,-0.0593333333333333,0.2337456708041863,0.088670659520762,-0.402169200894946,0.46877615938395,2.351,-0.289365253370252,29.1717018986434,88.7637676945257,0,0,2,0.1290856968,0.069809397,-0.4895146876,0.6304795507,-0.2670933524665742,0.3340111687518465,-2.0776179113592974,1.6350810807203686,2.466666666666667,2.466666666666667,-0.0533333333333333,-0.0663333333333333,89.23519056931504,90.63609602015656,-0.402169200894946,0.643391023533141,0.46877615938395,0.989094598021848,2.351,2.467,-0.289365253370252,0.0199593949374998,29.1717018986434,29.1254854238882,0.09944754689999989,0.04191467355227484,0.08496498922500004,0.45818095576559625,0.3398599568999999,-0.13333333333333375,-0.005999999999999998,-0.4714228747893401
2019-07-01,0.0502981416,101.77316666666668,2.333333333333333,101.97236666666667,-0.0583333333333333,0.0333476816623878,-0.8306229311580537,-0.402169200894946,0.46877615938395,2.351,-0.289365253370252,29.1717018986434,93.98145088354585,0,0,3,0.3904555037,0.1290856968,0.069809397,-0.4895146876,0.2337456708041863,-0.2670933524665742,0.088670659520762,-2.0776179113592974,2.333333333333333,2.466666666666667,-0.0593333333333333,-0.0533333333333333,88.7637676945257,89.23519056931504,-0.402169200894946,-0.402169200894946,0.46877615938395,0.46877615938395,2.351,2.351,-0.289365253370252,-0.289365253370252,29.1717018986434,29.1717018986434,0.2597706002499999,0.18481636285641861,0.024958977475000033,0.37019130034222403,0.09983590989999996,0.0,0.0010000000000000009,5.21768318902015
2019-10-01,-2.8781208685,102.28216666666668,2.3000000000000003,98.41837,-0.034,0.4988853242683611,-3.54743879212549,-0.402169200894946,0.46877615938395,2.351,-0.289365253370252,29.1717018986434,95.97913149255622,0,0,4,0.0502981416,0.3904555037,0.1290856968,0.069809397,0.0333476816623878,0.2337456708041863,-0.8306229311580537,0.088670659520762,2.333333333333333,2.333333333333333,-0.0583333333333333,-0.0593333333333333,93.98145088354585,88.7637676945257,-0.402169200894946,-0.402169200894946,0.46877615938395,0.46877615938395,2.351,2.351,-0.289365253370252,-0.289365253370252,29.1717018986434,29.1717018986434,0.2203768226499999,0.24052757741144581,0.15991218477500005,0.15730463554074856,0.6396487391,-0.03333333333333277,0.024333333333333297,1.9976806090103736
2020-01-01,0.3931739631,102.18036666666669,2.433333333333333,96.89956666666669,-0.0316666666666666,-0.0995781542489027,-1.5552426703733246,-4.16876457146743,-0.024995834027731,2.809,-0.268842908128662,28.1462434697604,92.66738002687032,1,0,1,-2.8781208685,0.0502981416,0.3904555037,0.1290856968,0.4988853242683611,0.0333476816623878,-3.54743879212549,-0.8306229311580537,2.3000000000000003,2.333333333333333,-0.034,-0.0583333333333333,95.97913149255622,93.98145088354585,-0.402169200894946,-0.402169200894946,0.46877615938395,0.46877615938395,2.351,2.351,-0.289365253370252,-0.289365253370252,29.1717018986434,29.1717018986434,-1.41391136345,2.0707049401973086,-0.5770703816,1.5409074548191501,-2.3082815264,0.13333333333333286,0.0023333333333334025,-3.3117514656859015
2020-04-01,-7.2401830181,101.87496666666668,2.733333333333333,82.92659,-0.0436666666666666,-0.2993307972307235,-15.57192883208316,-4.16876457146743,-0.024995834027731,2.809,-0.268842908128662,28.1462434697604,89.97709021430535,1,1,2,0.3931739631,-2.8781208685,0.0502981416,0.3904555037,-0.0995781542489027,0.4988853242683611,-1.5552426703733246,-3.54743879212549,2.433333333333333,2.3000000000000003,-0.0316666666666666,-0.034,92.66738002687032,95.97913149255622,-4.16876457146743,-0.402169200894946,-0.024995834027731,0.46877615938395,2.809,2.351,-0.268842908128662,-0.289365253370252,28.1462434697604,29.1717018986434,-1.2424734526999999,2.3131547586848664,-0.5110483150249999,1.586239723498461,-2.0441932600999997,0.2999999999999998,-0.011999999999999997,-2.69028981256497
2020-07-01,4.9946573859,101.8071,2.966666666666667,88.91067,-0.039,-0.066639808097868,6.96763992132583,-4.16876457146743,-0.024995834027731,2.809,-0.268842908128662,28.1462434697604,94.33419156474709,0,0,3,-7.2401830181,0.3931739631,-2.8781208685,0.0502981416,-0.2993307972307235,-0.0995781542489027,-15.57192883208316,-1.5552426703733246,2.733333333333333,2.433333333333333,-0.0436666666666666,-0.0316666666666666,89.97709021430535,92.66738002687032,-4.16876457146743,-4.16876457146743,-0.024995834027731,-0.024995834027731,2.809,2.809,-0.268842908128662,-0.268842908128662,28.1462434697604,28.1462434697604,-3.4235045274999996,5.3975984846241944,-2.418707945475,3.533664435849911,-9.674831781899998,0.23333333333333384,0.004666666666666597,4.357101350441738
2020-10-01,1.6697425246,101.33196666666667,3.0666666666666664,94.71249,-0.026,-0.4677920476571451,6.3213723859878,-4.16876457146743,-0.024995834027731,2.809,-0.268842908128662,28.1462434697604,95.78811097687934,0,0,4,4.9946573859,-7.2401830181,0.3931739631,-2.8781208685,-0.066639808097868,-0.2993307972307235,6.96763992132583,-15.57192883208316,2.966666666666667,2.733333333333333,-0.039,-0.0436666666666666,94.33419156474709,89.97709021430535,-4.16876457146743,-4.16876457146743,-0.024995834027731,-0.024995834027731,2.809,2.809,-0.268842908128662,-0.268842908128662,28.1462434697604,28.1462434697604,-1.1227628160999994,8.651338616403558,-1.1826181344000002,5.170772844550322,-4.7304725376,0.09999999999999964,0.013000000000000001,1.453919412132251
2021-01-01,1.0870646586,101.63743333333332,2.8666666666666667,96.62618333333334,-0.0166666666666666,0.3009979802801155,2.0003871815837293,2.69657404187188,-0.233352779398264,2.808,-0.520062350346241,29.6493466370105,95.38090247547974,0,0,1,1.6697425246,4.9946573859,-7.2401830181,0.3931739631,-0.4677920476571451,-0.066639808097868,6.3213723859878,6.96763992132583,3.0666666666666664,2.966666666666667,-0.026,-0.039,95.78811097687934,94.33419156474709,-4.16876457146743,-4.16876457146743,-0.024995834027731,-0.024995834027731,2.809,2.809,-0.268842908128662,-0.268842908128662,28.1462434697604,28.1462434697604,3.3321999552500006,2.3510698452931575,-0.045652286125,5.173687977864939,-0.1826091444999995,-0.19999999999999973,0.009333333333333398,-0.4072085013995945
2021-04-01,0.6981320861,101.12833333333332,2.9,97.44633333333331,-0.0193333333333333,-0.5021568267305376,0.8452045621990756,2.69657404187188,-0.233352779398264,2.808,-0.520062350346241,29.6493466370105,96.4136116493193,0,0,2,1.0870646586,1.6697425246,4.9946573859,-7.2401830181,0.3009979802801155,-0.4677920476571451,2.0003871815837293,6.3213723859878,2.8666666666666667,3.0666666666666664,-0.0166666666666666,-0.026,95.38090247547974,95.78811097687934,2.69657404187188,-4.16876457146743,-0.233352779398264,-0.024995834027731,2.808,2.809,-0.520062350346241,-0.268842908128662,29.6493466370105,28.1462434697604,1.3784035916000004,0.41201547029590563,0.12782038775,5.204845498905979,0.5112815509999997,0.033333333333333215,-0.002666666666666699,1.0327091738395495
2021-07-01,-0.142902614,,2.766666666666667,93.77083333333331,-0.0306666666666666,,-3.8447936727587617,2.69657404187188,-0.233352779398264,2.808,-0.520062350346241,29.6493466370105,97.4732622556046,0,0,3,0.6981320861,1.0870646586,1.6697425246,4.9946573859,-0.5021568267305376,0.3009979802801155,0.8452045621990756,2.0003871815837293,2.9,2.8666666666666667,-0.0193333333333333,-0.0166666666666666,96.4136116493193,95.38090247547974,2.69657404187188,2.69657404187188,-0.233352779398264,-0.233352779398264,2.808,2.808,-0.520062350346241,-0.520062350346241,29.6493466370105,29.6493466370105,0.8925983723500004,0.2750168594390803,2.1123991637999997,1.9625510247048954,8.4495966552,-0.13333333333333286,-0.0113333333333333,1.0596506062853024
2021-10-01,1.1971655649,,2.733333333333333,95.80602666666664,-0.0306666666666666,,2.1471729450951216,2.69657404187188,-0.233352779398264,2.808,-0.520062350346241,29.6493466370105,97.7921729949532,0,0,4,-0.142902614,0.6981320861,1.0870646586,1.6697425246,,-0.5021568267305376,-3.8447936727587617,0.8452045621990756,2.766666666666667,2.9,-0.0306666666666666,-0.0193333333333333,97.4732622556046,96.4136116493193,2.69657404187188,2.69657404187188,-0.233352779398264,-0.233352779398264,2.808,2.808,-0.520062350346241,-0.520062350346241,29.6493466370105,29.6493466370105,0.2776147360500004,0.594701339653907,0.8280091638249999,0.7605179234469917,3.3120366553,-0.0333333333333341,0.0,0.3189107393486097
2022-01-01,-0.3250008384,,2.7,96.14016333333336,-0.0153333333333333,,0.3481569539688145,0.941998775483285,2.49770278172255,2.614,-3.7201385890606,28.7683676764073,96.27057149519632,0,0,1,1.1971655649,-0.142902614,0.6981320861,1.0870646586,,,2.1471729450951216,-3.8447936727587617,2.733333333333333,2.766666666666667,-0.0306666666666666,-0.0306666666666666,97.7921729949532,97.4732622556046,2.69657404187188,2.69657404187188,-0.233352779398264,-0.233352779398264,2.808,2.808,-0.520062350346241,-0.520062350346241,29.6493466370105,29.6493466370105,0.5271314754500004,0.9475712965524987,0.7098649238999999,0.6074788577269223,2.8394596955999996,-0.03333333333333277,0.0153333333333333,-1.5216014997568834
2022-04-01,0.9068461421,,2.6,94.31760333333334,-0.0226666666666666,,-1.913931542134062,0.941998775483285,2.49770278172255,2.614,-3.7201385890606,28.7683676764073,96.34564180760822,0,0,2,-0.3250008384,1.1971655649,-0.142902614,0.6981320861,,,0.3481569539688145,2.1471729450951216,2.7,2.733333333333333,-0.0153333333333333,-0.0306666666666666,96.27057149519632,97.7921729949532,0.941998775483285,2.69657404187188,2.49770278172255,-0.233352779398264,2.614,2.808,-3.7201385890606,-0.520062350346241,28.7683676764073,29.6493466370105,0.4360823632500004,1.0763341858677682,0.35684854964999985,0.7158391234358377,1.4273941985999998,-0.10000000000000009,-0.007333333333333299,0.07507031241189566
2022-07-01,-0.3597802362,,2.533333333333333,97.23370333333332,-0.0263333333333333,,3.0449547523382137,0.941998775483285,2.49770278172255,2.614,-3.7201385890606,28.7683676764073,96.20569321387433,0,0,3,0.9068461421,-0.3250008384,1.1971655649,-0.142902614,,,-1.913931542134062,0.3481569539688145,2.6,2.7,-0.0226666666666666,-0.0153333333333333,96.34564180760822,96.27057149519632,0.941998775483285,0.941998775483285,2.49770278172255,2.49770278172255,2.614,2.614,-3.7201385890606,-3.7201385890606,28.7683676764073,28.7683676764073,0.29092265185000044,0.8710473532957246,0.40902706364999986,0.7555151580390144,1.6361082545999999,-0.06666666666666687,-0.0036666666666667,-0.1399485937338909
2022-10-01,0.4634436375,,2.533333333333333,96.29204666666668,-0.0623333333333333,,-0.9731667215500116,0.941998775483285,2.49770278172255,2.614,-3.7201385890606,28.7683676764073,96.70989401311256,0,0,4,-0.3597802362,0.9068461421,-0.3250008384,1.1971655649,,,3.0449547523382137,-1.913931542134062,2.533333333333333,2.6,-0.0263333333333333,-0.0226666666666666,96.20569321387433,96.34564180760822,0.941998775483285,0.941998775483285,2.49770278172255,2.49770278172255,2.614,2.614,-3.7201385890606,-3.7201385890606,28.7683676764073,28.7683676764073,0.27353295295000046,0.895640101325689,0.35480765809999987,0.813856822289028,1.4192306324,0.0,-0.036000000000000004,0.5042007992382338
2023-01-01,0.8159416022,,2.6,94.13535,-0.0186666666666666,,-2.2652086027977525,1.47503481053384,3.26813365933163,2.6,-1.44769708360611,29.9793389407217,96.57956208391526,0,0,1,0.4634436375,-0.3597802362,0.9068461421,-0.3250008384,,,-0.9731667215500116,3.0449547523382137,2.533333333333333,2.533333333333333,-0.0623333333333333,-0.0263333333333333,96.70989401311256,96.20569321387433,0.941998775483285,0.941998775483285,2.49770278172255,2.49770278172255,2.614,2.614,-3.7201385890606,-3.7201385890606,28.7683676764073,28.7683676764073,0.05183170065000045,0.5821071835279312,0.17137717624999987,0.620412966698798,0.6855087049999999,0.06666666666666687,0.0436666666666667,-0.13033192919729686
2023-04-01,0.0795630149,,2.533333333333333,94.71249,-0.044,,0.6112241440556332,1.47503481053384,3.26813365933163,2.6,-1.44769708360611,29.9793389407217,94.707394976824,0,0,2,0.8159416022,0.4634436375,-0.3597802362,0.9068461421,,,-2.2652086027977525,-0.9731667215500116,2.6,2.533333333333333,-0.0186666666666666,-0.0623333333333333,96.57956208391526,96.70989401311256,1.47503481053384,0.941998775483285,3.26813365933163,2.49770278172255,2.6,2.614,-1.44769708360611,-3.7201385890606,29.9793389407217,28.7683676764073,0.6396926198500005,0.24925370119383,0.4566127863999999,0.5768799702785716,1.8264511456,-0.06666666666666687,-0.0253333333333334,-1.8721671070912578
2023-07-01,-1.3660923089,,2.6,94.16572333333332,-0.0546666666666666,,-0.5789637505707823,1.47503481053384,3.26813365933163,2.6,-1.44769708360611,29.9793389407217,92.41469898492376,0,0,3,0.0795630149,0.8159416022,0.4634436375,-0.3597802362,,,0.6112241440556332,-2.2652086027977525,2.533333333333333,2.6,-0.044,-0.0186666666666666,94.707394976824,96.57956208391526,1.47503481053384,1.47503481053384,3.26813365933163,3.26813365933163,2.6,2.6,-1.44769708360611,-1.44769708360611,29.9793389407217,29.9793389407217,0.4477523085500005,0.5206982926004025,0.2497920045999999,0.5055454522235312,0.9991680184,0.06666666666666687,-0.010666666666666602,-2.2926959919002456
2023-10-01,0.5289645209,,2.533333333333333,95.16813,-0.0156666666666666,,1.0588872673043426,1.47503481053384,3.26813365933163,2.6,-1.44769708360611,29.9793389407217,89.04830112179816,0,0,4,-1.3660923089,0.0795630149,0.8159416022,0.4634436375,,,-0.5789637505707823,0.6112241440556332,2.6,2.533333333333333,-0.0546666666666666,-0.044,92.41469898492376,94.707394976824,1.47503481053384,1.47503481053384,3.26813365933163,3.26813365933163,2.6,2.6,-1.44769708360611,-1.44769708360611,29.9793389407217,29.9793389407217,-0.6432646469999996,1.022232682717417,-0.0017860135750001338,0.9579607531518319,-0.007144054300000147,-0.06666666666666687,0.039,-3.3663978631255986
2024-01-01,-0.2995330162,,2.566666666666667,90.09533333333331,0.0006666666666666,,-5.477674787184306,0.104309021773304,2.73853681635241,2.5,-0.868951885736313,31.068062509507,92.41190969149488,0,0,1,0.5289645209,-1.3660923089,0.0795630149,0.8159416022,,,1.0588872673043426,-0.5789637505707823,2.533333333333333,2.6,-0.0156666666666666,-0.0546666666666666,89.04830112179816,92.41469898492376,1.47503481053384,1.47503481053384,3.26813365933163,3.26813365933163,2.6,2.6,-1.44769708360611,-1.44769708360611,29.9793389407217,29.9793389407217,-0.4185638939999996,1.340007535085463,0.014594207274999868,0.969063236464891,0.05837682909999986,0.03333333333333366,0.0163333333333332,3.363608569696723
2024-04-01,-0.0209113219,,2.566666666666667,,0.077,,,0.104309021773304,2.73853681635241,2.5,-0.868951885736313,31.068062509507,93.50508345778223,0,0,2,-0.2995330162,0.5289645209,-1.3660923089,0.0795630149,,,-5.477674787184306,1.0588872673043426,2.566666666666667,2.533333333333333,0.0006666666666666,-0.0156666666666666,92.41190969149488,89.04830112179816,0.104309021773304,1.47503481053384,2.73853681635241,3.26813365933163,2.5,2.6,-0.868951885736313,-1.44769708360611,31.068062509507,29.9793389407217,0.11471575235000045,0.5858362266797656,-0.26427444732500016,0.808846509523449,-1.0570977893000002,0.0,0.0763333333333334,1.0931737662873502
2024-07-01,0.6834865651,,2.533333333333333,,0.1773333333333333,,,0.104309021773304,2.73853681635241,2.5,-0.868951885736313,31.068062509507,93.72067861974942,0,0,3,-0.0209113219,-0.2995330162,0.5289645209,-1.3660923089,,,,-5.477674787184306,2.566666666666667,2.566666666666667,0.077,0.0006666666666666,93.50508345778223,92.41190969149488,0.104309021773304,0.104309021773304,2.73853681635241,2.73853681635241,2.5,2.5,-0.868951885736313,-0.868951885736313,31.068062509507,31.068062509507,-0.16022216904999956,0.1970152894252247,-0.2893930315250001,0.7960686036607747,-1.1575721261,-0.03333333333333366,0.10033333333333329,0.21559516196718675
2024-10-01,0.3481387861,,2.5,,0.227,,,0.104309021773304,2.73853681635241,2.5,-0.868951885736313,31.068062509507,95.288406753521,0,0,4,0.6834865651,-0.0209113219,-0.2995330162,0.5289645209,,,,,2.533333333333333,2.566666666666667,0.1773333333333333,0.077,93.72067861974942,93.50508345778223,0.104309021773304,0.104309021773304,2.73853681635241,2.73853681635241,2.5,2.5,-0.868951885736313,-0.868951885736313,31.068062509507,31.068062509507,0.33128762160000047,0.49808452255117747,0.2230016869749999,0.4612286673100607,0.8920067479,-0.033333333333333215,0.04966666666666672,1.5677281337715812
2025-01-01,0.5073262254,,2.466666666666667,,0.416,,,,,2.451,,,96.54648622136142,0,0,1,0.3481387861,0.6834865651,-0.0209113219,-0.2995330162,,,,,2.5,2.533333333333333,0.227,0.1773333333333333,95.288406753521,93.72067861974942,0.104309021773304,0.104309021773304,2.73853681635241,2.73853681635241,2.5,2.5,-0.868951885736313,-0.868951885736313,31.068062509507,31.068062509507,0.5158126756000004,0.2371266885867505,0.1777952532749999,0.4289783218642316,0.7111810130999998,-0.033333333333333215,0.18899999999999997,1.2580794678404175
2025-04-01,0.270451708,,2.5,,0.477,,,,,2.451,,,97.7603166625587,0,0,2,0.5073262254,0.3481387861,0.6834865651,-0.0209113219,,,,,2.466666666666667,2.5,0.416,0.227,96.54648622136142,95.288406753521,,0.104309021773304,,2.73853681635241,2.451,2.5,,-0.868951885736313,,31.068062509507,0.4277325057500005,0.1125625178087591,0.3795100636749999,0.3000334024177831,1.5180402547000003,0.033333333333333215,0.061,1.213830441197274
2025-07-01,-0.5874929249,,2.533333333333333,,0.4773333333333333,,,,,2.451,,,98.32473046153277,0,0,3,0.270451708,0.5073262254,0.3481387861,0.6834865651,,,,,2.5,2.466666666666667,0.477,0.416,97.7603166625587,96.54648622136142,,,,,2.451,2.451,,,,,0.3888889667000005,0.16749557754383604,0.45235082114999986,0.18293301398579284,1.8094032846,0.033333333333333215,0.0003333333333332966,0.5644137989740727
2025-10-01,0.1842364822,,2.6,,0.504,,,,,2.451,,,99.88843167286484,0,0,4,-0.5874929249,0.270451708,0.5073262254,0.3481387861,,,,,2.533333333333333,2.5,0.4773333333333333,0.477,98.32473046153277,97.7603166625587,,,,,2.451,2.451,,,,,-0.1585206084499996,0.606658467806196,0.13460594864999986,0.4913917415143752,0.5384237946,0.06666666666666687,0.026666666666666727,1.5637012113320736
2026-01-01,0.4526321206,,2.6666666666666665,,0.7280000000000001,,,,,,,,99.0807375,0,0,1,0.1842364822,-0.5874929249,0.270451708,0.5073262254,,,,,2.6,2.533333333333333,0.504,0.4773333333333333,99.88843167286484,98.32473046153277,,,,,2.451,2.451,,,,,-0.20162822134999958,0.5456950970014871,0.09363037267499986,0.4741829663644858,0.3745214907,0.06666666666666643,0.2240000000000001,-0.8076941728648421
