,gdp_level,gdp_growth,cpi_level,m2_level,fed_funds_rate,unrate,indpro_level,cpi_growth,indpro_growth,m2_growth,recession,covid_shock,quarter,gdp_growth_lag1,gdp_growth_lag2,gdp_growth_lag3,gdp_growth_lag4,cpi_growth_lag1,cpi_growth_lag2,indpro_growth_lag1,indpro_growth_lag2,m2_growth_lag1,m2_growth_lag2,unrate_lag1,unrate_lag2,fed_funds_rate_lag1,fed_funds_rate_lag2,gdp_growth_roll2_mean,gdp_growth_roll2_std,gdp_growth_roll4_mean,gdp_growth_roll4_std,gdp_growth_yoy,unrate_diff,fed_funds_rate_diff
2000-04-01,14130.908,1.804901034497952,171.4333333333333,4766.566666666667,6.273333333333333,3.9333333333333336,92.87833333333332,0.7807964710944582,1.1270407901489143,1.7338620692109783,0,0,2,,,,,,,,,,,,,,,,,,,,,
2000-07-01,14145.312,0.1018806703717345,173.0,4823.233333333333,6.52,4.0,92.7787,0.9097130385018914,-0.1073305342750963,1.1818249853547511,0,0,3,1.804901034497952,,,,0.7807964710944582,,1.1270407901489143,,1.7338620692109783,,3.9333333333333336,,6.273333333333333,,,,,,,0.06666666666666643,0.24666666666666615
2000-10-01,14229.765,0.5952635784890248,174.23333333333335,4893.766666666666,6.473333333333334,3.9,92.5344,0.7103802552987482,-0.2636620309371729,1.4517767245473934,0,0,4,0.1018806703717345,1.804901034497952,,,0.9097130385018914,0.7807964710944582,-0.1073305342750963,1.1270407901489143,1.1818249853547511,1.7338620692109783,4.0,3.9333333333333336,6.52,6.273333333333333,0.9533908524348432,1.2042172479724318,,,,-0.10000000000000009,-0.04666666666666597
2001-01-01,14183.12,-0.3283372449143229,175.9,5021.3,5.593333333333334,4.233333333333333,91.44053333333332,0.9520254692745312,-1.1891615201818695,2.572657786590682,1,0,1,0.5952635784890248,0.1018806703717345,1.804901034497952,,0.7103802552987482,0.9097130385018914,-0.2636620309371729,-0.1073305342750963,1.4517767245473934,1.1818249853547511,3.9,4.0,6.473333333333334,6.52,0.34857212443037966,0.34887440005127524,,,,0.3333333333333335,-0.8799999999999999
2001-04-01,14271.694,0.6225609914771724,177.13333333333333,5153.099999999999,4.326666666666667,4.4,90.341,0.6987092914091164,-1.209745261483075,2.590961100731448,1,0,2,-0.3283372449143229,0.5952635784890248,0.1018806703717345,1.804901034497952,0.9520254692745312,0.7103802552987482,-1.1891615201818695,-0.2636620309371729,2.572657786590682,1.4517767245473934,4.233333333333333,3.9,5.593333333333334,6.473333333333334,0.13346316678735093,0.6530844053379861,0.5434270096110971,0.9217627732595159,2.1737080384443885,0.16666666666666696,-1.2666666666666666
2001-07-01,14214.516,-0.4014439041817752,177.63333333333333,5270.766666666666,3.4966666666666666,4.833333333333333,89.08386666666667,0.2818755977023635,-1.4013151336200735,2.2577354189342813,1,0,3,0.6225609914771724,-0.3283372449143229,0.5952635784890248,0.1018806703717345,0.6987092914091164,0.9520254692745312,-1.209745261483075,-1.1891615201818695,2.590961100731448,2.572657786590682,4.4,4.233333333333333,4.326666666666667,5.593333333333334,0.14711187328142472,0.672386591170755,0.2478419988559022,0.45254955816660425,0.9913679954236088,0.4333333333333327,-0.8300000000000005
2001-10-01,14253.574,0.2743986302357726,177.5,5390.533333333334,2.1333333333333333,5.5,88.13586666666667,-0.0750891719156321,-1.0698684899683286,2.2468499177891843,1,0,4,-0.4014439041817752,0.6225609914771724,-0.3283372449143229,0.5952635784890248,0.2818755977023635,0.6987092914091164,-1.4013151336200735,-1.209745261483075,2.2577354189342813,2.590961100731448,4.833333333333333,4.4,3.4966666666666666,4.326666666666667,0.11055854364769857,0.7240808056886648,0.12201085521752475,0.5631272429991844,0.488043420870099,0.666666666666667,-1.3633333333333333
2002-01-01,14372.785,0.8328805568895703,178.0666666666667,5482.599999999999,1.7333333333333334,5.7,88.738,0.318740309228005,0.6808644722963386,1.693511230145539,0,0,1,0.2743986302357726,-0.4014439041817752,0.6225609914771724,-0.3283372449143229,-0.0750891719156321,0.2818755977023635,-1.0698684899683286,-1.4013151336200735,2.2468499177891843,2.2577354189342813,5.5,4.833333333333333,2.1333333333333333,3.4966666666666666,-0.06352263697300131,0.4778928391009507,0.041794618154211705,0.4915459254774058,0.16717847261684682,0.20000000000000018,-0.3999999999999999
2002-04-01,14460.848,0.6108371693470005,179.46666666666667,5528.900000000001,1.75,5.833333333333333,90.09136666666666,0.7831477654657526,1.513613261740332,0.8409439741345892,0,0,2,0.8328805568895703,0.2743986302357726,-0.4014439041817752,0.6225609914771724,0.318740309228005,-0.0750891719156321,0.6808644722963386,-1.0698684899683286,1.693511230145539,2.2468499177891843,5.7,5.5,1.7333333333333334,2.1333333333333333,0.5536395935626715,0.3949063575070284,0.332099068605185,0.5405444357805596,1.32839627442074,0.13333333333333286,0.016666666666666607
2002-07-01,14519.633,0.4056874047378755,180.4333333333333,5633.0,1.74,5.733333333333333,90.6354,0.5371875472413912,0.6020524647806447,1.8653279173587836,0,0,3,0.6108371693470005,0.8328805568895703,0.2743986302357726,-0.4014439041817752,0.7831477654657526,0.318740309228005,1.513613261740332,0.6808644722963386,0.8409439741345892,1.693511230145539,5.833333333333333,5.7,1.75,1.7333333333333334,0.7218588631182854,0.15700838504898368,0.32916811307264204,0.5384723141522064,1.3166724522905682,-0.09999999999999964,-0.010000000000000009
2002-10-01,14537.58,0.1235287243973815,181.5,5748.099999999999,1.4433333333333334,5.866666666666667,90.63353333333332,0.5894288570083006,-0.0020595549743873,2.022720550847268,0,0,4,0.4056874047378755,0.6108371693470005,0.8328805568895703,0.2743986302357726,0.5371875472413912,0.7831477654657526,0.6020524647806447,1.513613261740332,1.8653279173587836,0.8409439741345892,5.733333333333333,5.833333333333333,1.74,1.75,0.508262287042438,0.1450627897139363,0.5309509403025547,0.24430400740749925,2.123803761210219,0.13333333333333375,-0.29666666666666663
2003-01-01,14614.141,0.5252600765849991,183.36666666666667,5841.400000000001,1.25,5.866666666666667,91.22833333333334,1.0232137508397798,0.6541251684675231,1.6101128716790924,0,0,1,0.1235287243973815,0.4056874047378755,0.6108371693470005,0.8328805568895703,0.5894288570083006,0.5371875472413912,-0.0020595549743873,0.6020524647806447,2.022720550847268,1.8653279173587836,5.866666666666667,5.733333333333333,1.4433333333333334,1.74,0.26460806456762853,0.1995163162394108,0.49323346384295697,0.3019584332302756,1.9729338553718279,0.0,-0.19333333333333336
2003-04-01,14743.567,0.8817230452867975,183.0666666666667,5958.599999999999,1.2466666666666668,6.133333333333333,90.5838,-0.1637405987596096,-0.7090132232326241,1.98650600173913,0,0,2,0.5252600765849991,0.1235287243973815,0.4056874047378755,0.6108371693470005,1.0232137508397798,0.5894288570083006,0.6541251684675231,-0.0020595549743873,1.6101128716790924,2.022720550847268,5.866666666666667,5.866666666666667,1.25,1.4433333333333334,0.3243944004911903,0.2840669633471056,0.41632834376681416,0.21255952290253396,1.6653133750672566,0.2666666666666657,-0.0033333333333331883
2003-07-01,14988.782,1.6495202585943505,184.4333333333333,6079.133333333334,1.0166666666666666,6.133333333333333,91.18136666666668,0.7437676010247252,0.6575174226204794,2.0026587802854934,0,0,3,0.8817230452867975,0.5252600765849991,0.1235287243973815,0.4056874047378755,-0.1637405987596096,1.0232137508397798,-0.7090132232326241,0.6541251684675231,1.98650600173913,1.6101128716790924,6.133333333333333,5.866666666666667,1.2466666666666668,1.25,0.7034915609358983,0.2520573824109298,0.4840498127517634,0.3140904370071523,1.9361992510070536,0.0,-0.2300000000000002
2003-10-01,15162.76,1.1540367047402356,185.13333333333333,6073.066666666667,0.9966666666666668,5.833333333333333,92.03723333333332,0.3788224968635845,0.9342641980834898,-0.0998447551992853,0,0,4,1.6495202585943505,0.8817230452867975,0.5252600765849991,0.1235287243973815,0.7437676010247252,-0.1637405987596096,0.6575174226204794,-0.7090132232326241,2.0026587802854934,1.98650600173913,6.133333333333333,6.133333333333333,1.0166666666666666,1.2466666666666668,1.2656216519405739,0.542914616105905,0.7950080262158821,0.6484234878836591,3.1800321048635283,-0.2999999999999998,-0.019999999999999796
2004-01-01,15248.68,0.565052023890189,186.7,6119.433333333333,1.0033333333333332,5.7,92.64823333333334,0.8426764343087534,0.6616679050932106,0.7605805238590335,0,0,1,1.1540367047402356,1.6495202585943505,0.8817230452867975,0.5252600765849991,0.3788224968635845,0.7437676010247252,0.9342641980834898,0.6575174226204794,-0.0998447551992853,2.0026587802854934,5.833333333333333,6.133333333333333,0.9966666666666668,1.0166666666666666,1.401778481667293,0.3503597808966548,1.0526350213015956,0.4739513068386999,4.210540085206382,-0.13333333333333286,0.0066666666666663765
2004-04-01,15366.85,0.7719649918941585,188.16666666666663,6251.666666666667,1.01,5.599999999999999,93.1341,0.7825044373929835,0.5230505674585828,2.1378595221056784,0,0,2,0.565052023890189,1.1540367047402356,1.6495202585943505,0.8817230452867975,0.8426764343087534,0.3788224968635845,0.6616679050932106,0.9342641980834898,0.7605805238590335,-0.0998447551992853,5.7,5.833333333333333,1.0033333333333332,0.9966666666666668,0.8595443643152123,0.4164750618440623,1.062583008127893,0.4593860109046306,4.250332032511572,-0.10000000000000142,0.006666666666666821
2004-07-01,15512.619,0.9441229885171154,189.36666666666667,6320.766666666666,1.4333333333333331,5.433333333333334,93.64643333333332,0.635707597336399,0.5485953049900516,1.09924139526818,0,0,3,0.7719649918941585,0.565052023890189,1.1540367047402356,1.6495202585943505,0.7825044373929835,0.8426764343087534,0.5230505674585828,0.6616679050932106,2.1378595221056784,0.7605805238590335,5.599999999999999,5.7,1.01,1.0033333333333332,0.6685085078921738,0.1463095627910414,1.0351434947797333,0.4767400824608106,4.140573979118933,-0.1666666666666652,0.4233333333333331
2004-10-01,15670.88,1.0150391321133156,191.4,6403.5,1.95,5.433333333333334,94.95476666666669,1.0680308123882654,1.387429476252677,1.300420706556693,0,0,4,0.9441229885171154,0.7719649918941585,0.565052023890189,1.1540367047402356,0.635707597336399,0.7825044373929835,0.5485953049900516,0.5230505674585828,1.09924139526818,2.1378595221056784,5.433333333333334,5.599999999999999,1.4333333333333331,1.01,0.8580439902056369,0.12173408684758334,0.8587941772604246,0.250514747510733,3.4351767090416985,0.0,0.5166666666666668
2005-01-01,15844.727,1.103255052923657,192.36666666666667,6438.066666666667,2.47,5.3,96.3006,0.5037794029957077,1.4073911455413146,0.5383572121781199,0,0,1,1.0150391321133156,0.9441229885171154,0.7719649918941585,0.565052023890189,1.0680308123882654,0.635707597336399,1.387429476252677,0.5485953049900516,1.300420706556693,1.09924139526818,5.433333333333334,5.433333333333334,1.95,1.4333333333333331,0.9795810603152155,0.05014528603247204,0.8240447841036946,0.20057182482955246,3.2961791364147786,-0.13333333333333375,0.5200000000000002
2005-04-01,15922.782,0.4914150308623632,193.66666666666663,6485.066666666667,2.9433333333333334,5.1000000000000005,96.85623333333332,0.6735195134990768,0.5753199162912281,0.7273809843438173,0,0,2,1.103255052923657,1.0150391321133156,0.9441229885171154,0.7719649918941585,0.5037794029957077,1.0680308123882654,1.4073911455413146,1.387429476252677,0.5383572121781199,1.300420706556693,5.3,5.433333333333334,2.47,1.95,1.0591470925184865,0.06237807581360812,0.9585955413620617,0.14041921758633483,3.834382165448247,-0.1999999999999993,0.47333333333333316
2005-07-01,16047.587,0.7807581701131383,196.6,6577.333333333333,3.4599999999999995,4.966666666666667,96.45046666666669,1.5032739529264203,-0.4198170706178672,1.4127296854173466,0,0,3,0.4914150308623632,1.103255052923657,1.0150391321133156,0.9441229885171154,0.6735195134990768,0.5037794029957077,0.5753199162912281,1.4073911455413146,0.7273809843438173,0.5383572121781199,5.1000000000000005,5.3,2.9433333333333334,2.47,0.7973350418930102,0.43263622860086764,0.8884580511041129,0.2725816496880688,3.5538322044164516,-0.13333333333333375,0.5166666666666662
2005-10-01,16136.734,0.5539792372076136,198.4333333333333,6664.0,3.98,4.966666666666667,97.34793333333332,0.92819837781688,0.9261924580298064,1.3090510161159583,0,0,4,0.7807581701131383,0.4914150308623632,1.103255052923657,1.0150391321133156,1.5032739529264203,0.6735195134990768,-0.4198170706178672,0.5753199162912281,1.4127296854173466,0.7273809843438173,4.966666666666667,5.1000000000000005,3.4599999999999995,2.9433333333333334,0.6360866004877508,0.2045964958540263,0.8476168465031186,0.2736974792084883,3.3904673860124745,0.0,0.5200000000000005
2006-01-01,16353.835,1.3364138447713003,199.46666666666667,6749.466666666667,4.456666666666667,4.733333333333333,98.30133333333332,0.5193946500923197,0.9746088629808192,1.274358455257918,0,0,1,0.5539792372076136,0.7807581701131383,0.4914150308623632,1.103255052923657,0.92819837781688,1.5032739529264203,0.9261924580298064,-0.4198170706178672,1.3090510161159583,1.4127296854173466,4.966666666666667,4.966666666666667,3.98,3.4599999999999995,0.6673687036603759,0.1603569212877453,0.7323518727766931,0.2767548238522475,2.9294074911067725,-0.2333333333333334,0.476666666666667
2006-04-01,16396.151,0.2584185748899514,201.26666666666665,6825.333333333333,4.906666666666667,4.633333333333333,98.8828,0.8983590612470671,0.5897719479456498,1.1177690510105975,0,0,2,1.3364138447713003,0.5539792372076136,0.7807581701131383,0.4914150308623632,0.5193946500923197,0.92819837781688,0.9746088629808192,0.9261924580298064,1.274358455257918,1.3090510161159583,4.733333333333333,4.966666666666667,4.456666666666667,3.98,0.9451965409894569,0.5532648168433181,0.7906415707386039,0.3844956172222621,3.1625662829544154,-0.10000000000000053,0.4500000000000002
2006-07-01,16420.738,0.1498436040080264,203.16666666666663,6925.099999999999,5.246666666666667,4.633333333333334,99.2836,0.9395931648588096,0.4045090858147304,1.451131247512727,0,0,3,0.2584185748899514,1.3364138447713003,0.5539792372076136,0.7807581701131383,0.8983590612470671,0.5193946500923197,0.5897719479456498,0.9746088629808192,1.1177690510105975,1.274358455257918,4.633333333333333,4.733333333333333,4.906666666666667,4.456666666666667,0.7974162098306259,0.7622577654201242,0.7323924567455009,0.4559472180743681,2.9295698269820036,8.881784197001252e-16,0.33999999999999986
2006-10-01,16561.866,0.8557775565416037,202.33333333333331,7039.566666666667,5.246666666666667,4.433333333333334,99.51353333333334,-0.4110157861828334,0.2313246997189821,1.6394122842829262,0,0,4,0.1498436040080264,0.2584185748899514,1.3364138447713003,0.5539792372076136,0.9395931648588096,0.8983590612470671,0.4045090858147304,0.5897719479456498,1.451131247512727,1.1177690510105975,4.633333333333334,4.633333333333333,5.246666666666667,4.906666666666667,0.2041310894489889,0.07677409817774022,0.5746638152192229,0.535778008499339,2.2986552608768918,-0.20000000000000018,0.0
2007-01-01,16611.69,0.3003840617131104,204.317,7137.400000000001,5.256666666666667,4.5,100.52153333333332,0.9756206934616428,1.0078318255620111,1.3801949130916924,0,0,1,0.8557775565416037,0.1498436040080264,0.2584185748899514,1.3364138447713003,-0.4110157861828334,0.9395931648588096,0.2313246997189821,0.4045090858147304,1.6394122842829262,1.451131247512727,4.433333333333334,4.633333333333334,5.246666666666667,5.246666666666667,0.5028105802748151,0.4991706849063149,0.6501133950527205,0.5528715193059764,2.600453580210882,0.06666666666666643,0.009999999999999787
2007-04-01,16713.314,0.6098982914680917,206.631,7262.533333333333,5.25,4.5,101.71776666666666,1.1261884506108544,1.183001804599737,1.7380147579119765,0,0,2,0.3003840617131104,0.8557775565416037,0.1498436040080264,0.2584185748899514,0.9756206934616428,-0.4110157861828334,1.0078318255620111,0.2313246997189821,1.3801949130916924,1.6394122842829262,4.5,4.433333333333334,5.256666666666667,5.246666666666667,0.578080809127357,0.39272250642012346,0.391105949288173,0.3162085925711271,1.564423797152692,0.0,-0.006666666666666821
2007-07-01,16809.587,0.5743731109307149,207.939,7377.533333333333,5.073333333333333,4.666666666666667,101.8732,0.6310173626604687,0.1526918075760441,1.5710634111934851,0,0,3,0.6098982914680917,0.3003840617131104,0.8557775565416037,0.1498436040080264,1.1261884506108544,0.9756206934616428,1.183001804599737,1.0078318255620111,1.7380147579119765,1.3801949130916924,4.5,4.5,5.25,5.256666666666667,0.45514117659060105,0.21885961073347837,0.47897587843270806,0.31588145135364604,1.9159035137308322,0.16666666666666696,-0.17666666666666675
2007-10-01,16915.191,0.6262715512194816,210.4896666666667,7455.233333333334,4.496666666666667,4.8,102.17546666666668,1.219179498927403,0.2962694073932681,1.0476900564285074,1,0,4,0.5743731109307149,0.6098982914680917,0.3003840617131104,0.8557775565416037,0.6310173626604687,1.1261884506108544,0.1526918075760441,1.183001804599737,1.5710634111934851,1.7380147579119765,4.666666666666667,4.5,5.073333333333333,5.25,0.5921357011994033,0.02512009606085798,0.5851082551633802,0.2273466708693775,2.3404330206535207,0.13333333333333286,-0.5766666666666662
2008-01-01,16843.003,-0.4276775590032144,212.76966666666667,7592.933333333333,3.1766666666666663,5.0,101.87406666666668,1.0773640999506284,-0.2954186802341496,1.8301743544430595,1,0,1,0.6262715512194816,0.5743731109307149,0.6098982914680917,0.3003840617131104,1.219179498927403,0.6310173626604687,0.2962694073932681,0.1526918075760441,1.0476900564285074,1.5710634111934851,4.8,4.666666666666667,4.496666666666667,5.073333333333333,0.6003223310750982,0.03669773906119389,0.5277317538328496,0.15310543304105215,2.1109270153313986,0.20000000000000018,-1.3200000000000007
2008-04-01,16943.291,0.5936625931315831,215.5376666666667,7729.0,2.0866666666666664,5.333333333333333,100.39313333333332,1.2925478139099944,-1.464359814044247,1.7761497948864502,1,0,2,-0.4276775590032144,0.6262715512194816,0.5743731109307149,0.6098982914680917,1.0773640999506284,1.219179498927403,-0.2954186802341496,0.2962694073932681,1.8301743544430595,1.0476900564285074,5.0,4.8,3.1766666666666663,4.496666666666667,0.09929699610813361,0.7452545628639962,0.34571634865376843,0.5160508282239106,1.3828653946150737,0.33333333333333304,-1.0899999999999999
2008-07-01,16854.295,-0.5266423802783748,218.861,7825.766666666666,1.94,6.0,97.1922,1.5301143524211192,-3.240335049156773,1.244222007291107,1,0,3,0.5936625931315831,-0.4276775590032144,0.6262715512194816,0.5743731109307149,1.2925478139099944,1.0773640999506284,-1.464359814044247,-0.2954186802341496,1.7761497948864502,1.8301743544430595,5.333333333333333,5.0,2.0866666666666664,3.1766666666666663,0.08299251706418434,0.7221965474726152,0.3416574240696413,0.5133370282436728,1.3666296962785651,0.666666666666667,-0.1466666666666665
2008-10-01,16485.35,-2.213341273948544,213.84866666666667,8069.033333333333,0.5066666666666667,6.866666666666667,93.0097,-2.3168225357181,-4.398667254331112,3.0611981696667456,1,0,4,-0.5266423802783748,0.5936625931315831,-0.4276775590032144,0.6262715512194816,1.5301143524211192,1.2925478139099944,-3.240335049156773,-1.464359814044247,1.244222007291107,1.7761497948864502,6.0,5.333333333333333,1.94,2.0866666666666664,0.033510106426604125,0.7921752436951959,0.06640355126736888,0.629092970089244,0.26561420506947553,0.8666666666666671,-1.4333333333333331
2009-01-01,16298.262,-1.1413631359902254,212.37766666666667,8326.466666666667,0.1833333333333333,8.266666666666667,87.75126666666667,-0.6902463434634853,-5.819749159998544,3.140550663117025,1,0,1,-2.213341273948544,-0.5266423802783748,0.5936625931315831,-0.4276775590032144,-2.3168225357181,1.5301143524211192,-4.398667254331112,-3.240335049156773,3.0611981696667456,1.244222007291107,6.866666666666667,6.0,0.5066666666666667,1.94,-1.3699918271134595,1.1926762255340235,-0.6434996550246376,1.1626418102122411,-2.5739986200985503,1.4000000000000004,-0.3233333333333334
2009-04-01,16269.145,-0.178810721762801,213.507,8435.333333333334,0.18,9.3,85.24893333333334,0.5303482697453177,-2.893069332317655,1.2990036573478747,1,0,2,-1.1413631359902254,-2.213341273948544,-0.5266423802783748,0.5936625931315831,-0.6902463434634853,-2.3168225357181,-5.819749159998544,-4.398667254331112,3.140550663117025,3.0611981696667456,8.266666666666667,6.866666666666667,0.1833333333333333,0.5066666666666667,-1.6773522049693848,0.7580030106340542,-0.8219210492713903,1.173195071788868,-3.2876841970855613,1.0333333333333332,-0.0033333333333332993
2009-07-01,16326.281,0.3505771547139602,215.344,8465.4,0.1566666666666666,9.633333333333333,86.58386666666667,0.8567130474912865,1.55378971948803,0.3558034766067308,0,0,3,-0.178810721762801,-1.1413631359902254,-2.213341273948544,-0.5266423802783748,0.5303482697453177,-0.6902463434634853,-2.893069332317655,-5.819749159998544,1.2990036573478747,3.140550663117025,9.3,8.266666666666667,0.18,0.1833333333333333,-0.6600869288765132,0.6806273393476936,-1.0150393779949862,0.8925049240877083,-4.060157511979945,0.33333333333333215,-0.0233333333333334
2009-10-01,16502.754,1.0751135379244658,217.03,8505.9,0.12,9.933333333333334,88.01443333333333,0.7798843341534578,1.638731511944247,0.4772772490063914,0,0,4,0.3505771547139602,-0.178810721762801,-1.1413631359902254,-2.213341273948544,0.8567130474912865,0.5303482697453177,1.55378971948803,-2.893069332317655,0.3558034766067308,1.2990036573478747,9.633333333333333,9.3,0.1566666666666666,0.18,0.08588321647557962,0.3743337573346637,-0.7957344942469026,1.1289661166230487,-3.1829379769876103,0.3000000000000007,-0.0366666666666666
2010-01-01,16582.71,0.483331022067901,217.374,8505.166666666666,0.1333333333333333,9.833333333333334,89.7711,0.1583779485945236,1.9762281049632515,-0.0086218383380298,0,0,1,1.0751135379244658,0.3505771547139602,-0.178810721762801,-1.1413631359902254,0.7798843341534578,0.8567130474912865,1.638731511944247,1.55378971948803,0.4772772490063914,0.3558034766067308,9.933333333333334,9.633333333333333,0.12,0.1566666666666666,0.712845346319213,0.5123245897845237,0.02637920872134991,0.9328581693983131,0.10551683488539965,-0.09999999999999964,0.013333333333333308
2010-04-01,16743.162,0.9629349822608546,217.2973333333333,8599.1,0.1933333333333333,9.633333333333333,91.47163333333332,-0.0352756952586297,1.876580877061862,1.0983724648642834,0,0,2,0.483331022067901,1.0751135379244658,0.3505771547139602,-0.178810721762801,0.1583779485945236,0.7798843341534578,1.9762281049632515,1.638731511944247,-0.0086218383380298,0.4772772490063914,9.833333333333334,9.933333333333334,0.1333333333333333,0.12,0.7792222799961834,0.4184534299498128,0.4325527482358815,0.5150883716802642,1.730210992943526,-0.20000000000000107,0.06
2010-07-01,16872.266,0.7681272705003295,217.9343333333333,8684.133333333333,0.1866666666666666,9.466666666666669,92.65876666666666,0.2927178804412733,1.2894663588866706,0.9840059185389548,0,0,3,0.9629349822608546,0.483331022067901,1.0751135379244658,0.3505771547139602,-0.0352756952586297,0.1583779485945236,1.876580877061862,1.9762281049632515,1.0983724648642834,-0.0086218383380298,9.633333333333333,9.833333333333334,0.1933333333333333,0.1333333333333333,0.7231330021643778,0.33913121253636075,0.7179891742417954,0.35477330812649516,2.8719566969671817,-0.1666666666666643,-0.00666666666666671
2010-10-01,16960.864,0.523736364445071,219.699,8794.033333333333,0.1866666666666666,9.5,93.04663333333332,0.8064633548182876,0.4177231579324036,1.2575855408883283,0,0,4,0.7681272705003295,0.9629349822608546,0.483331022067901,1.0751135379244658,0.2927178804412733,-0.0352756952586297,1.2894663588866706,1.876580877061862,0.9840059185389548,1.0983724648642834,9.466666666666669,9.633333333333333,0.1866666666666666,0.1933333333333333,0.865531126380592,0.1377498540133028,0.8223767031883877,0.25918301917220343,3.289506812753551,0.03333333333333144,0.0
2011-01-01,16920.632,-0.2374866736049696,222.04366666666667,8907.366666666667,0.1566666666666666,9.033333333333331,93.5568,1.0615631507868706,0.5467937311199655,1.2805188511824994,0,0,1,0.523736364445071,0.7681272705003295,0.9629349822608546,0.483331022067901,0.8064633548182876,0.2927178804412733,0.4177231579324036,1.2894663588866706,1.2575855408883283,0.9840059185389548,9.5,9.466666666666669,0.1866666666666666,0.1866666666666666,0.6459318174727002,0.1728104669319981,0.684532409818539,0.22422716139028587,2.738129639274156,-0.46666666666666856,-0.03
2011-04-01,17035.114,0.6743037468666557,224.56833333333336,9109.066666666668,0.0933333333333333,9.066666666666666,93.94496666666667,1.1305981745300286,0.4140411347539618,2.239160477842006,0,0,2,-0.2374866736049696,0.523736364445071,0.7681272705003295,0.9629349822608546,1.0615631507868706,0.8064633548182876,0.5467937311199655,0.4177231579324036,1.2805188511824994,1.2575855408883283,9.033333333333331,9.5,0.1566666666666666,0.1866666666666666,0.1431248454200507,0.5382659722006087,0.5043279859003214,0.5261736449376744,2.0173119436012854,0.03333333333333499,-0.0633333333333333
2011-07-01,17031.313,-0.0223152255784953,226.03266666666664,9477.566666666666,0.0833333333333333,9.0,95.03566666666666,0.6499490627828841,1.1543109909708529,3.9657348082554833,0,0,3,0.6743037468666557,-0.2374866736049696,0.523736364445071,0.7681272705003295,1.1305981745300286,1.0615631507868706,0.4140411347539618,0.5467937311199655,2.239160477842006,1.2805188511824994,9.066666666666666,9.033333333333331,0.0933333333333333,0.1566666666666666,0.21840853663084306,0.6447331893364195,0.43217017705177163,0.45764633309101344,1.7286807082070865,-0.06666666666666643,-0.009999999999999995
2011-10-01,17222.583,1.1167896811464573,227.0473333333333,9636.4,0.0733333333333333,8.633333333333333,96.0208,0.4478981031862616,1.0312574928073914,1.661999230405442,0,0,4,-0.0223152255784953,0.6743037468666557,-0.2374866736049696,0.523736364445071,0.6499490627828841,1.1305981745300286,1.1543109909708529,0.4140411347539618,3.9657348082554833,2.239160477842006,9.0,9.066666666666666,0.0833333333333333,0.0933333333333333,0.3259942606440802,0.4925839993191708,0.23455955303206544,0.4342850355234123,0.9382382121282618,-0.36666666666666714,-0.009999999999999995
2012-01-01,17367.01,0.8350941818790147,228.326,9802.966666666664,0.1033333333333333,8.266666666666667,96.97176666666668,0.5615919658330526,0.9855036177892628,1.713746606269417,0,0,1,1.1167896811464573,-0.0223152255784953,0.6743037468666557,-0.2374866736049696,0.4478981031862616,0.6499490627828841,1.0312574928073914,1.1543109909708529,1.661999230405442,3.9657348082554833,8.633333333333333,9.0,0.0733333333333333,0.0833333333333333,0.547237227783981,0.8054688040280836,0.382822882207412,0.6251904210771384,1.531291528829648,-0.36666666666666536,0.03
2012-04-01,17444.525,0.4453416266322563,228.808,9960.2,0.1533333333333333,8.2,97.5877,0.2108791639305884,0.6331590043553881,1.5912090762007836,0,0,2,0.8350941818790147,1.1167896811464573,-0.0223152255784953,0.6743037468666557,0.5615919658330526,0.4478981031862616,0.9855036177892628,1.0312574928073914,1.713746606269417,1.661999230405442,8.266666666666667,8.633333333333333,0.1033333333333333,0.0733333333333333,0.975941931512736,0.19918879776173953,0.6509680960784081,0.48468104577705756,2.6038723843136324,-0.0666666666666682,0.04999999999999999
2012-07-01,17469.65,0.1439243764862041,229.841,10150.733333333332,0.1433333333333333,8.033333333333333,97.56826666666666,0.4504541584990917,-0.0199156948460732,1.8948800751225288,0,0,3,0.4453416266322563,0.8350941818790147,1.1167896811464573,-0.0223152255784953,0.2108791639305884,0.5615919658330526,0.6331590043553881,0.9855036177892628,1.5912090762007836,1.713746606269417,8.2,8.266666666666667,0.1533333333333333,0.1033333333333333,0.6402179042556355,0.2755966747997674,0.5937275660198083,0.4944286020651336,2.374910264079233,-0.16666666666666607,-0.009999999999999981
2012-10-01,17489.852,0.1155737415750479,231.3693333333333,10381.8,0.16,7.8,98.0357,0.6627513813426411,0.4779394110269841,2.25083206411103,0,0,4,0.1439243764862041,0.4453416266322563,0.8350941818790147,1.1167896811464573,0.4504541584990917,0.2108791639305884,-0.0199156948460732,0.6331590043553881,1.8948800751225288,1.5912090762007836,8.033333333333333,8.2,0.1433333333333333,0.1533333333333333,0.2946330015592302,0.2131341815448747,0.6352874665359831,0.4278957094631673,2.5411498661439325,-0.2333333333333334,0.01666666666666669
2013-01-01,17662.4,0.9817259265515688,232.29933333333332,10534.666666666666,0.1433333333333333,7.733333333333333,98.77346666666666,0.4011490592279898,0.7497314631875973,1.461713308385626,0,0,1,0.1155737415750479,0.1439243764862041,0.4453416266322563,0.8350941818790147,0.6627513813426411,0.4504541584990917,0.4779394110269841,-0.0199156948460732,2.25083206411103,1.8948800751225288,7.8,8.033333333333333,0.16,0.1433333333333333,0.129749059030626,0.02004692619661213,0.3849834816431308,0.3351287555333404,1.5399339265725231,-0.06666666666666643,-0.01666666666666669
2013-04-01,17709.671,0.2672788265137171,232.045,10653.666666666666,0.1166666666666666,7.533333333333334,99.2267,-0.1095451545370274,0.457811862059998,1.1232714659481502,0,0,2,0.9817259265515688,0.1155737415750479,0.1439243764862041,0.4453416266322563,0.4011490592279898,0.6627513813426411,0.7497314631875973,0.4779394110269841,1.461713308385626,2.25083206411103,7.733333333333333,7.8,0.1433333333333333,0.16,0.5486498340633084,0.6124620835364427,0.4216414178112693,0.40210302755554633,1.6865656712450772,-0.1999999999999993,-0.026666666666666713
2013-07-01,17860.45,0.8477896552497199,233.3,10804.133333333331,0.0833333333333333,7.233333333333333,99.63223333333332,0.5393860652711524,0.4078608777667192,1.4024656110590783,0,0,3,0.2672788265137171,0.9817259265515688,0.1155737415750479,0.1439243764862041,-0.1095451545370274,0.4011490592279898,0.457811862059998,0.7497314631875973,1.1232714659481502,1.461713308385626,7.533333333333334,7.733333333333333,0.1166666666666666,0.1433333333333333,0.624502376532643,0.5051903892358286,0.37712571778163445,0.4084115790904368,1.5085028711265378,-0.3000000000000007,-0.0333333333333333
2013-10-01,18016.147,0.8679640238263175,234.1626666666667,11017.133333333331,0.0866666666666666,6.933333333333334,100.3051,0.369085151597659,0.673080105375945,1.952285983048796,0,0,4,0.8477896552497199,0.2672788265137171,0.9817259265515688,0.1155737415750479,0.5393860652711524,-0.1095451545370274,0.4078608777667192,0.457811862059998,1.4024656110590783,1.1232714659481502,7.233333333333333,7.533333333333334,0.0833333333333333,0.1166666666666666,0.5575342408817185,0.41048314355145,0.5530920374725135,0.42570926996178826,2.212368149890054,-0.2999999999999998,0.0033333333333332993
2014-01-01,17953.974,-0.3456928149660143,235.621,11182.733333333332,0.0733333333333333,6.666666666666667,100.9903,0.620855138749743,0.6807931492372354,1.491928525059727,0,0,1,0.8679640238263175,0.8477896552497199,0.2672788265137171,0.9817259265515688,0.369085151597659,0.5393860652711524,0.673080105375945,0.4078608777667192,1.952285983048796,1.4024656110590783,6.933333333333334,7.233333333333333,0.0866666666666666,0.0833333333333333,0.8578768395380187,0.014265432826675112,0.7411896080353308,0.3213951212723615,2.9647584321413234,-0.2666666666666666,-0.013333333333333294
2014-04-01,18185.911,1.283569022914932,236.87233333333333,11339.166666666666,0.0933333333333333,6.2,102.37046666666669,0.5296736146774172,1.3573786923290143,1.3891887371231704,0,0,2,-0.3456928149660143,0.8679640238263175,0.8477896552497199,0.2672788265137171,0.620855138749743,0.369085151597659,0.6807931492372354,0.673080105375945,1.491928525059727,1.952285983048796,6.666666666666667,6.933333333333334,0.0733333333333333,0.0866666666666666,0.2611356044301516,0.8581849807434863,0.409334922655935,0.5752767519504349,1.63733969062374,-0.4666666666666668,0.01999999999999999
2014-07-01,18406.941,1.2080648325781596,237.47833333333327,11483.666666666666,0.09,6.066666666666666,102.93203333333334,0.2555073165354748,0.5470640320588416,1.2662926531696428,0,0,3,1.283569022914932,-0.3456928149660143,0.8679640238263175,0.8477896552497199,0.5296736146774172,0.620855138749743,1.3573786923290143,0.6807931492372354,1.3891887371231704,1.491928525059727,6.2,6.666666666666667,0.0933333333333333,0.0733333333333333,0.4689381039744588,1.1520620938940744,0.6634074717562388,0.7020740489870263,2.6536298870249553,-0.13333333333333375,-0.0033333333333332993
2014-10-01,18500.031,0.5044586015433339,236.8883333333333,11652.2,0.0999999999999999,5.7,103.4978,-0.2487528511981196,0.5481456571783561,1.4569267438707456,0,0,4,1.2080648325781596,1.283569022914932,-0.3456928149660143,0.8679640238263175,0.2555073165354748,0.5296736146774172,0.5470640320588416,1.3573786923290143,1.2662926531696428,1.3891887371231704,6.066666666666666,6.2,0.09,0.0933333333333333,1.2458169277465458,0.053389524995141456,0.7534762660883487,0.7547470240729736,3.013905064353395,-0.36666666666666625,0.009999999999999898
2015-01-01,18666.621,0.8964547876924911,235.355,11882.0,0.11,5.533333333333334,102.33846666666666,-0.6493850155202097,-1.1264735913441015,1.952964654837963,0,0,1,0.5044586015433339,1.2080648325781596,1.283569022914932,-0.3456928149660143,-0.2487528511981196,0.2555073165354748,0.5481456571783561,0.5470640320588416,1.4569267438707456,1.2662926531696428,5.7,6.066666666666666,0.0999999999999999,0.09,0.8562617170607467,0.4975247372498344,0.6625999105176028,0.7582430379100824,2.6503996420704112,-0.16666666666666607,0.010000000000000106
2015-04-01,18782.243,0.6174946582536478,236.96,11985.4,0.1233333333333333,5.433333333333334,100.9316,0.679633794368506,-1.38425608312156,0.8664592448011987,0,0,2,0.8964547876924911,0.5044586015433339,1.2080648325781596,1.283569022914932,-0.6493850155202097,-0.2487528511981196,-1.1264735913441015,0.5481456571783561,1.952964654837963,1.4569267438707456,5.533333333333334,5.7,0.11,0.0999999999999999,0.7004566946179125,0.27718316142533383,0.9731368111822292,0.3545413611202814,3.8925472447289167,-0.10000000000000053,0.013333333333333294
2015-07-01,18857.418,0.3994462115690211,237.855,12115.433333333334,0.1366666666666667,5.1000000000000005,101.00473333333332,0.3769893790151357,0.0724320733406003,1.0790879578525647,0,0,3,0.6174946582536478,0.8964547876924911,0.5044586015433339,1.2080648325781596,0.679633794368506,-0.6493850155202097,-1.38425608312156,-1.1264735913441015,0.8664592448011987,1.952964654837963,5.433333333333334,5.533333333333334,0.1233333333333333,0.11,0.7569747229730694,0.19725459920688415,0.8066182200169081,0.31427066268783393,3.2264728800676323,-0.33333333333333304,0.013333333333333391
2015-10-01,18892.206,0.1843091727105061,237.837,12314.9,0.16,5.033333333333333,99.613,-0.0075679221044566,-1.387470226797305,1.632978940080143,0,0,4,0.3994462115690211,0.6174946582536478,0.8964547876924911,0.5044586015433339,0.3769893790151357,0.679633794368506,0.0724320733406003,-1.38425608312156,1.0790879578525647,0.8664592448011987,5.1000000000000005,5.433333333333334,0.1366666666666667,0.1233333333333333,0.5084704349113345,0.15418353527789314,0.6044635647646234,0.21405746225772612,2.4178542590584935,-0.06666666666666732,0.023333333333333317
2016-01-01,19001.69,0.5778466518471248,237.6893333333333,12596.266666666668,0.36,4.9,98.9716,-0.0621066220993782,-0.6459737868611093,2.2590562395826908,0,0,1,0.1843091727105061,0.3994462115690211,0.6174946582536478,0.8964547876924911,-0.0075679221044566,0.3769893790151357,-1.387470226797305,0.0724320733406003,1.632978940080143,1.0790879578525647,5.033333333333333,5.1000000000000005,0.16,0.1366666666666667,0.2918776921397636,0.1521248590612491,0.5244262075564166,0.3046126489727736,2.0977048302256662,-0.13333333333333286,0.19999999999999998
2016-04-01,19062.709,0.3206095662672936,239.5903333333333,12797.3,0.3733333333333333,4.933333333333334,98.64793333333334,0.7966021540333657,-0.3275657528558184,1.5833737418413207,0,0,2,0.5778466518471248,0.1843091727105061,0.3994462115690211,0.6174946582536478,-0.0621066220993782,-0.0075679221044566,-0.6459737868611093,-1.387470226797305,2.2590562395826908,1.632978940080143,4.9,5.033333333333333,0.36,0.16,0.3810779122788155,0.2782730201485624,0.444774173595075,0.19785288399554923,1.7790966943803,0.033333333333333215,0.013333333333333308
2016-07-01,19197.938,0.7068859191104337,240.60733333333332,12982.233333333332,0.3966666666666666,4.9,98.86496666666666,0.4235762025319722,0.2197663248165504,1.4347544879102614,0,0,3,0.3206095662672936,0.5778466518471248,0.1843091727105061,0.3994462115690211,0.7966021540333657,-0.0621066220993782,-0.3275657528558184,-0.6459737868611093,1.5833737418413207,2.2590562395826908,4.933333333333334,4.9,0.3733333333333333,0.36,0.4492281090572092,0.18189408758616288,0.3705529005984864,0.16430316039494608,1.4822116023939456,-0.033333333333333215,0.023333333333333317
2016-10-01,19304.352,0.5527685286210726,242.13466666666667,13193.1,0.45,4.766666666666667,98.71053333333332,0.6327762778487234,-0.1563284564984002,1.611220959583548,0,0,4,0.7068859191104337,0.3206095662672936,0.5778466518471248,0.1843091727105061,0.4235762025319722,0.7966021540333657,0.2197663248165504,-0.3275657528558184,1.4347544879102614,1.5833737418413207,4.9,4.933333333333334,0.3966666666666666,0.3733333333333333,0.5137477426888637,0.27313862850739207,0.44741282748383954,0.2377967395532949,1.7896513099353581,-0.13333333333333375,0.0533333333333334
2017-01-01,19398.343,0.4857087331036069,243.83866666666663,13392.9,0.7000000000000001,4.566666666666666,98.71313333333336,0.7012759205097474,0.0026339294007193,1.5030750140020643,0,0,1,0.5527685286210726,0.7068859191104337,0.3206095662672936,0.5778466518471248,0.6327762778487234,0.4235762025319722,-0.1563284564984002,0.2197663248165504,1.611220959583548,1.4347544879102614,4.766666666666667,4.9,0.45,0.3966666666666666,0.6298272238657532,0.10897745191380331,0.5395276664614812,0.1608079438274716,2.158110665845925,-0.20000000000000018,0.25000000000000006
2017-04-01,19506.949,0.5583111012978037,244.12,13554.9,0.95,4.366666666666667,100.1701,0.1153103259454724,1.465174018440063,1.2023389781797178,0,0,2,0.4857087331036069,0.5527685286210726,0.7068859191104337,0.3206095662672936,0.7012759205097474,0.6327762778487234,0.0026339294007193,-0.1563284564984002,1.5030750140020643,1.611220959583548,4.566666666666666,4.766666666666667,0.7000000000000001,0.45,0.5192386308623398,0.04741843615538386,0.5164931867756017,0.16008681844888117,2.065972747102407,-0.1999999999999993,0.2499999999999999
2017-07-01,19660.766,0.785431525684821,245.287,13692.166666666666,1.153333333333333,4.333333333333333,99.8649,0.4769045852770937,-0.3051468361251253,1.0075787580154485,0,0,3,0.5583111012978037,0.4857087331036069,0.5527685286210726,0.7068859191104337,0.1153103259454724,0.7012759205097474,1.465174018440063,0.0026339294007193,1.2023389781797178,1.5030750140020643,4.366666666666667,4.566666666666666,0.95,0.7000000000000001,0.5220099172007053,0.05133762688031967,0.5759185705332293,0.09333846755372485,2.303674282132917,-0.0333333333333341,0.20333333333333314
2017-10-01,19882.352,1.1207427769393874,247.23833333333332,13845.966666666667,1.2033333333333334,4.166666666666667,101.25183333333332,0.7923830151004729,1.379254025379506,1.1170081666739051,0,0,4,0.785431525684821,0.5583111012978037,0.4857087331036069,0.5527685286210726,0.4769045852770937,0.1153103259454724,-0.3051468361251253,1.465174018440063,1.0075787580154485,1.2023389781797178,4.333333333333333,4.366666666666667,1.153333333333333,0.95,0.6718713134913123,0.16059839223002725,0.5955549721768261,0.13081422894166692,2.3822198887073043,-0.16666666666666607,0.050000000000000266
2018-01-01,20044.077,0.8101194549169577,249.3216666666667,13955.566666666666,1.4466666666666663,4.033333333333333,101.79256666666669,0.8391113087693469,0.5326269640315573,0.7884498057126876,0,0,1,1.1207427769393874,0.785431525684821,0.5583111012978037,0.4857087331036069,0.7923830151004729,0.4769045852770937,1.379254025379506,-0.3051468361251253,1.1170081666739051,1.0075787580154485,4.166666666666667,4.333333333333333,1.2033333333333334,1.153333333333333,0.9530871513121042,0.23710085957025148,0.7375485342564048,0.28558708614115613,2.950194137025619,-0.13333333333333375,0.24333333333333296
2018-04-01,20150.476,0.5294212303768475,250.679,14086.333333333334,1.7366666666666666,3.9333333333333336,102.97776666666664,0.5429339431240798,1.1576024864932144,0.9326587325587,0,0,2,0.8101194549169577,1.1207427769393874,0.785431525684821,0.5583111012978037,0.8391113087693469,0.7923830151004729,0.5326269640315573,1.379254025379506,0.7884498057126876,1.1170081666739051,4.033333333333333,4.166666666666667,1.4466666666666663,1.2033333333333334,0.9654311159281725,0.21964385739675418,0.8186512147097424,0.23109350581223112,3.27460485883897,-0.09999999999999964,0.29000000000000026
2018-07-01,20276.154,0.621760482522582,251.68633333333327,14211.733333333332,1.923333333333333,3.766666666666667,103.83256666666666,0.4010367024059214,0.8266558580679373,0.8862854294996225,0,0,3,0.5294212303768475,0.8101194549169577,1.1207427769393874,0.785431525684821,0.5429339431240798,0.8391113087693469,1.1576024864932144,0.5326269640315573,0.9326587325587,0.7884498057126876,3.9333333333333336,4.033333333333333,1.7366666666666666,1.4466666666666663,0.6697703426469026,0.1984836180393367,0.8114287469795034,0.24213011537268636,3.2457149879180136,-0.16666666666666652,0.18666666666666631
2018-10-01,20304.874,0.141543998318383,252.711,14312.666666666666,2.22,3.8333333333333335,104.0491,0.406294010101238,0.20832372100541,0.7077011582774517,0,0,4,0.621760482522582,0.5294212303768475,0.8101194549169577,1.1207427769393874,0.4010367024059214,0.5429339431240798,0.8266558580679373,1.1576024864932144,0.8862854294996225,0.9326587325587,3.766666666666667,3.9333333333333336,1.923333333333333,1.7366666666666666,0.5755908564497147,0.0652937113619443,0.7705109861889436,0.2610760558060769,3.0820439447557746,0.06666666666666643,0.2966666666666673
2019-01-01,20431.641,0.6223772907267389,253.38566666666665,14508.766666666668,2.4033333333333333,3.8666666666666663,103.0383,0.2666158901067028,-0.9762139341846776,1.3608138352859456,0,0,1,0.141543998318383,0.621760482522582,0.5294212303768475,0.8101194549169577,0.406294010101238,0.4010367024059214,0.20832372100541,0.8266558580679373,0.7077011582774517,0.8862854294996225,3.8333333333333335,3.766666666666667,2.22,1.923333333333333,0.3816522404204825,0.33956433241835154,0.5257112915336926,0.2814911030632289,2.1028451661347702,0.03333333333333277,0.18333333333333313
2019-04-01,20602.275,0.8316777932895647,255.24733333333333,14698.666666666666,2.3966666666666665,3.633333333333333,102.36783333333334,0.732030749114454,-0.6528228119908164,1.3003722290960695,0,0,2,0.6223772907267389,0.141543998318383,0.621760482522582,0.5294212303768475,0.2666158901067028,0.406294010101238,-0.9762139341846776,0.20832372100541,1.3608138352859456,0.7077011582774517,3.8666666666666663,3.8333333333333335,2.4033333333333333,2.22,0.38196064452256095,0.34000048168220237,0.47877575048613785,0.22902420196600856,1.9151030019445514,-0.2333333333333334,-0.006666666666666821
2019-07-01,20843.322,1.1632102580909631,256.08933333333334,14968.1,2.19,3.6,102.2905,0.3293332224809653,-0.0755731132510817,1.81644831456822,0,0,3,0.8316777932895647,0.6223772907267389,0.141543998318383,0.621760482522582,0.732030749114454,0.2666158901067028,-0.6528228119908164,-0.9762139341846776,1.3003722290960695,1.3608138352859456,3.633333333333333,3.8666666666666663,2.3966666666666665,2.4033333333333333,0.7270275420081518,0.14799780466792764,0.5543398912143171,0.2923989198475377,2.2173595648572686,-0.03333333333333277,-0.20666666666666655
2019-10-01,20985.448,0.6795635968053659,257.888,15279.466666666667,1.643333333333333,3.6,101.68853333333334,0.6999040201002948,-0.590225774061448,2.0588609246487977,0,0,4,1.1632102580909631,0.8316777932895647,0.6223772907267389,0.141543998318383,0.3293332224809653,0.732030749114454,-0.0755731132510817,-0.6528228119908164,1.81644831456822,1.3003722290960695,3.6,3.633333333333333,2.19,2.3966666666666665,0.9974440256902639,0.23442885404456068,0.6897023351064124,0.42793185113457927,2.7588093404256497,0.0,-0.5466666666666669
2020-01-01,20709.212,-1.3250619707966038,258.81766666666664,15650.733333333332,1.26,3.8333333333333335,99.93836666666668,0.3598441936334851,-1.7360884136413013,2.40078951330478,1,0,1,0.6795635968053659,1.1632102580909631,0.8316777932895647,0.6223772907267389,0.6999040201002948,0.3293332224809653,-0.590225774061448,-0.0755731132510817,2.0588609246487977,1.81644831456822,3.6,3.6,1.643333333333333,2.19,0.9213869274481645,0.3419898338932799,0.8242072347281582,0.24264924437103172,3.2968289389126326,0.2333333333333334,-0.3833333333333331
2020-04-01,19077.992,-8.204320604026982,256.292,17725.3,0.06,13.0,87.3719,-0.9806404617330068,-13.43799419748013,12.447522327348535,1,1,2,-1.3250619707966038,0.6795635968053659,1.1632102580909631,0.8316777932895647,0.3598441936334851,0.6999040201002948,-1.7360884136413013,-0.590225774061448,2.40078951330478,2.0588609246487977,3.8333333333333335,3.6,1.26,1.643333333333333,-0.32274918699561894,1.4174843325912843,0.3373474193473225,1.1265180631148763,1.34938967738929,9.166666666666666,-1.2
2020-07-01,20558.879,7.475749636244799,259.22166666666664,18449.9,0.0933333333333333,8.799999999999999,95.64913333333334,1.13661320584999,9.051291436473452,4.006595289586024,0,0,3,-8.204320604026982,-1.3250619707966038,0.6795635968053659,1.1632102580909631,-0.9806404617330068,0.3598441936334851,-13.43799419748013,-1.7360884136413013,12.447522327348535,2.40078951330478,13.0,3.8333333333333335,0.06,1.26,-4.764691287411793,4.8643704290933005,-1.9216521799818143,4.324755953940396,-7.686608719927257,-4.200000000000001,0.0333333333333333
2020-10-01,20791.917,1.127138965704333,261.0916666666667,18960.56666666667,0.09,6.766666666666667,97.39466666666664,0.718800742438841,1.8084817100302075,2.7302433445026253,0,0,4,7.475749636244799,-8.204320604026982,-1.3250619707966038,0.6795635968053659,1.13661320584999,-0.9806404617330068,9.051291436473452,-13.43799419748013,4.006595289586024,12.447522327348535,8.799999999999999,13.0,0.0933333333333333,0.06,-0.36428548389109183,11.087483996377554,-0.3435173354433554,6.4535077920727195,-1.3740693417734215,-2.0333333333333323,-0.0033333333333332993
2021-01-01,21082.134,1.386164653473898,263.74233333333336,19630.4,0.08,6.233333333333333,97.62756666666668,1.0101057493312915,0.2388446760531515,3.471800119210755,0,0,1,1.127138965704333,7.475749636244799,-8.204320604026982,-1.3250619707966038,0.718800742438841,1.13661320584999,1.8084817100302075,9.051291436473452,2.7302433445026253,4.006595289586024,6.766666666666667,8.799999999999999,0.09,0.0933333333333333,4.301444300974566,4.489145656252435,-0.23162349321861364,6.480980967453748,-0.9264939728744546,-0.5333333333333332,-0.009999999999999995
2021-04-01,21440.929,1.6875713541763204,268.5503333333333,20368.13333333333,0.07,5.933333333333334,99.26356666666668,1.8065741147178291,1.661870318734504,3.6892202955131737,0,0,2,1.386164653473898,1.127138965704333,7.475749636244799,-8.204320604026982,1.0101057493312915,0.718800742438841,0.2388446760531515,1.8084817100302075,3.471800119210755,2.7302433445026253,6.233333333333333,6.766666666666667,0.08,0.09,1.2566518095891155,0.18315882032331007,0.4461831628490118,6.470272694737205,1.7847326513960473,-0.2999999999999998,-0.009999999999999995
2021-07-01,21617.828,0.8216679141918704,272.8296666666667,20819.866666666665,0.09,5.066666666666666,99.71783333333332,1.5809311250206015,0.4565928834231236,2.193607105778028,0,0,3,1.6875713541763204,1.386164653473898,1.127138965704333,7.475749636244799,1.8065741147178291,1.0101057493312915,1.661870318734504,0.2388446760531515,3.6892202955131737,3.471800119210755,5.933333333333334,6.233333333333333,0.07,0.08,1.5368680038251092,0.2131267219616953,2.9191561523998377,3.0463493904138703,11.676624609599351,-0.8666666666666671,0.01999999999999999
2021-10-01,21988.737,1.701202308971439,278.77133333333336,21336.0,0.08,4.166666666666667,100.54136666666666,2.154418314872242,0.8224720519453221,2.4488127812020366,0,0,4,0.8216679141918704,1.6875713541763204,1.386164653473898,1.127138965704333,1.5809311250206015,1.8065741147178291,0.4565928834231236,1.661870318734504,2.193607105778028,3.6892202955131737,5.066666666666666,5.933333333333334,0.09,0.07,1.2546196341840954,0.6122861942657457,1.2556357218866057,0.36898313732362625,5.022542887546423,-0.8999999999999995,-0.009999999999999995
2022-01-01,21932.71,-0.2551237912953752,284.90566666666666,21720.366666666665,0.12,3.8666666666666663,100.79423333333334,2.176627934253528,0.2511893570974699,1.7854589565937218,0,0,1,1.701202308971439,0.8216679141918704,1.6875713541763204,1.386164653473898,2.154418314872242,1.5809311250206015,0.8224720519453221,0.4565928834231236,2.4488127812020366,2.193607105778028,4.166666666666667,5.066666666666666,0.08,0.09,1.2614351115816547,0.6219247348354217,1.3991515577033822,0.4115323614427208,5.596606230813529,-0.3000000000000007,0.039999999999999994
2022-04-01,21967.045,0.1564245950852694,291.60533333333336,21711.13333333333,0.77,3.633333333333333,101.26383333333332,2.3243158536129904,0.464817716257393,-0.0425190632258321,0,0,2,-0.2551237912953752,1.701202308971439,0.8216679141918704,1.6875713541763204,2.176627934253528,2.154418314872242,0.2511893570974699,0.8224720519453221,1.7854589565937218,2.4488127812020366,3.8666666666666663,4.166666666666667,0.12,0.08,0.7230392588380319,1.3833314517108906,0.9888294465110639,0.925756984748891,3.9553177860442554,-0.2333333333333334,0.65
2022-07-01,22125.625,0.719306332529257,295.453,21610.83333333333,2.19,3.533333333333333,101.20369999999998,1.3108481880422571,-0.0594004718796448,-0.4630453644153931,0,0,3,0.1564245950852694,-0.2551237912953752,1.701202308971439,0.8216679141918704,2.3243158536129904,2.176627934253528,0.464817716257393,0.2511893570974699,-0.0425190632258321,1.7854589565937218,3.633333333333333,3.8666666666666663,0.77,0.12,-0.049349598105052905,0.2910086547961021,0.6060427567383011,0.8543287751435499,2.4241710269532044,-0.09999999999999964,1.42
2022-10-01,22278.345,0.6878691350323152,298.5416666666667,21388.93333333333,3.653333333333333,3.5666666666666664,100.65816666666667,1.039973817182549,-0.5405029394184524,-1.032107785770009,0,0,4,0.719306332529257,0.1564245950852694,-0.2551237912953752,1.701202308971439,1.3108481880422571,2.3243158536129904,-0.0594004718796448,0.464817716257393,-0.4630453644153931,-0.0425190632258321,3.533333333333333,3.633333333333333,2.19,0.77,0.4378654638072632,0.3980174935526842,0.5804523613226478,0.8472205387498569,2.321809445290591,0.033333333333333215,1.463333333333333
2023-01-01,22439.607,0.7212436699248315,301.23033333333336,21152.166666666668,4.516666666666667,3.533333333333333,100.72236666666667,0.8965689218673134,0.0637598889150936,-1.1131311197763338,0,0,1,0.6878691350323152,0.719306332529257,0.1564245950852694,-0.2551237912953752,1.039973817182549,1.3108481880422571,-0.5405029394184524,-0.0594004718796448,-1.032107785770009,-0.4630453644153931,3.5666666666666664,3.533333333333333,3.653333333333333,2.19,0.7035877337807861,0.022229455531125115,0.3271190678378668,0.466224127649222,1.3084762713514673,-0.033333333333333215,0.8633333333333337
2023-04-01,22580.499,0.6259090548015322,303.3976666666667,20795.6,4.989999999999999,3.533333333333333,100.76706666666666,0.7169177134413118,0.044369573127323,-1.7000917245455938,0,0,2,0.7212436699248315,0.6878691350323152,0.719306332529257,0.1564245950852694,0.8965689218673134,1.039973817182549,0.0637598889150936,-0.5405029394184524,-1.1131311197763338,-1.032107785770009,3.533333333333333,3.5666666666666664,4.516666666666667,3.653333333333333,0.7045564024785733,0.02359935994100894,0.5712109331429185,0.27694699356434765,2.284843732571674,0.0,0.4733333333333327
2023-07-01,22840.989,1.1470027396091709,305.989,20775.93333333333,5.260000000000001,3.633333333333333,100.92236666666668,0.850477732641508,0.1539991740028057,-0.0946160343721302,0,0,3,0.6259090548015322,0.7212436699248315,0.6878691350323152,0.719306332529257,0.7169177134413118,0.8965689218673134,0.044369573127323,0.0637598889150936,-1.7000917245455938,-1.1131311197763338,3.533333333333333,3.533333333333333,4.989999999999999,4.516666666666667,0.6735763623631819,0.0674117528353421,0.6885820480719842,0.04449410271010094,2.754328192287937,0.09999999999999964,0.27000000000000135
2023-10-01,23033.78,0.8405149026469161,308.195,20755.7,5.33,3.8,100.6453,0.7183545928922008,-0.2749119893547203,-0.0974357775515244,0,0,4,1.1470027396091709,0.6259090548015322,0.7212436699248315,0.6878691350323152,0.850477732641508,0.7169177134413118,0.1539991740028057,0.044369573127323,-0.0946160343721302,-1.7000917245455938,3.633333333333333,3.533333333333333,5.260000000000001,4.989999999999999,0.8864558972053516,0.3684688781609383,0.7955061498419627,0.23763674669874144,3.1820245993678506,0.16666666666666696,0.0699999999999994
2024-01-01,23082.119,0.2096414414644698,311.00333333333333,20907.7,5.33,3.8333333333333335,99.98826666666666,0.907093071265752,-0.6549608751896585,0.7296604423943975,0,0,1,0.8405149026469161,1.1470027396091709,0.6259090548015322,0.7212436699248315,0.7183545928922008,0.850477732641508,-0.2749119893547203,0.1539991740028057,-0.0974357775515244,-0.0946160343721302,3.8,3.633333333333333,5.33,5.260000000000001,0.9937588211280435,0.2167196278671586,0.8336675917456129,0.22658960583982954,3.3346703669824516,0.03333333333333366,0.0
2024-04-01,23286.508,0.8815888542736516,313.0806666666667,21015.966666666667,5.33,3.9666666666666655,100.6668,0.665724808016499,0.676320743853065,0.5164954115819853,0,0,2,0.2096414414644698,0.8405149026469161,1.1470027396091709,0.6259090548015322,0.907093071265752,0.7183545928922008,-0.6549608751896585,-0.2749119893547203,0.7296604423943975,-0.0974357775515244,3.8333333333333335,3.8,5.33,5.33,0.525078172055693,0.44609490247271316,0.7057670346305225,0.39385438782189724,2.82306813852209,0.13333333333333197,0.0
2024-07-01,23478.57,0.8213953149049047,314.12100000000004,21188.733333333334,5.263333333333333,4.166666666666667,100.07166666666669,0.3317383682787778,-0.5929457237361824,0.8187127580473685,0,0,3,0.8815888542736516,0.2096414414644698,0.8405149026469161,1.1470027396091709,0.665724808016499,0.907093071265752,0.676320743853065,-0.6549608751896585,0.5164954115819853,0.7296604423943975,3.9666666666666655,3.8333333333333335,5.33,5.33,0.5456151478690607,0.47513857219810746,0.7696869844985523,0.3973062679996429,3.0787479379942093,0.2000000000000015,-0.06666666666666732
2024-10-01,23586.542,0.4588204928330341,316.5876666666666,21426.366666666665,4.65,4.133333333333333,99.69643333333332,0.782192912016999,-0.3756693632577246,1.115265698930834,0,0,4,0.8213953149049047,0.8815888542736516,0.2096414414644698,0.8405149026469161,0.3317383682787778,0.665724808016499,-0.5929457237361824,0.676320743853065,0.8187127580473685,0.5164954115819853,4.166666666666667,3.9666666666666655,5.263333333333333,5.33,0.8514920845892782,0.04256325987101516,0.6882851283224858,0.320082455730026,2.753140513289943,-0.0333333333333341,-0.6133333333333324
2025-01-01,23548.21,-0.1626486056421683,319.475,21610.233333333334,4.33,4.133333333333334,100.7348,0.9078832376236968,1.036141861938944,0.854471707218174,0,0,1,0.4588204928330341,0.8213953149049047,0.8815888542736516,0.2096414414644698,0.782192912016999,0.3317383682787778,-0.3756693632577246,-0.5929457237361824,1.115265698930834,0.8187127580473685,4.133333333333333,4.166666666666667,4.65,5.263333333333333,0.6401079038689694,0.25637911537448566,0.5928615258690153,0.31644683309477656,2.371446103476061,8.881784197001252e-16,-0.3200000000000003
2025-04-01,23770.976,0.9415531607956495,320.78566666666666,21849.83333333333,4.33,4.2,101.19063333333334,0.4094171532663004,0.4514875616419722,1.102632581663343,0,0,2,-0.1626486056421683,0.4588204928330341,0.8213953149049047,0.8815888542736516,0.9078832376236968,0.782192912016999,1.036141861938944,-0.3756693632577246,0.854471707218174,1.115265698930834,4.133333333333334,4.133333333333333,4.33,4.65,0.14808594359543292,0.43944501382968365,0.49978901409235577,0.47948018744556176,1.999156056369423,0.06666666666666643,0.0
2025-07-01,24026.834,1.0705948402604193,323.235,22098.066666666666,4.293333333333333,4.333333333333333,101.7289,0.7606417835554602,0.5305235235928407,1.1296829803260522,0,0,3,0.9415531607956495,-0.1626486056421683,0.4588204928330341,0.8213953149049047,0.4094171532663004,0.9078832376236968,0.4514875616419722,1.036141861938944,1.102632581663343,0.854471707218174,4.2,4.133333333333334,4.33,4.33,0.3894522775767406,0.7807885568463325,0.5147800907228552,0.49604746556969503,2.059120362891421,0.13333333333333286,-0.03666666666666707
2025-10-01,24055.749,0.1202722552804402,325.547,22294.966666666664,3.8966666666666665,4.45,101.24933333333333,0.7127231603106132,-0.4725310208161914,0.8870819424082299,0,0,4,1.0705948402604193,0.9415531607956495,-0.1626486056421683,0.4588204928330341,0.7606417835554602,0.4094171532663004,0.5305235235928407,0.4514875616419722,1.1296829803260522,1.102632581663343,4.333333333333333,4.2,4.293333333333333,4.33,1.0060740005280344,0.09124624660512393,0.5770799720617339,0.5590412338812158,2.3083198882469356,0.11666666666666714,-0.3966666666666665
2026-01-01,24180.419,0.516916176263571,328.1136666666667,22550.900000000005,3.64,4.333333333333333,101.56613333333333,0.7853248600749652,0.3124024640312584,1.1414033485671382,0,0,1,0.1202722552804402,1.0705948402604193,0.9415531607956495,-0.1626486056421683,0.7127231603106132,0.7606417835554602,-0.4725310208161914,0.5305235235928407,0.8870819424082299,1.1296829803260522,4.45,4.333333333333333,3.8966666666666665,4.293333333333333,0.5954335477704298,0.6719795441540573,0.4924429126735854,0.6065244050968601,1.9697716506943417,-0.11666666666666714,-0.2566666666666664
2026-04-01,24269.613,0.3681900592443554,332.98466666666667,22961.93333333333,3.633333333333333,4.266666666666667,102.6055,1.473634980740535,1.0181391294579178,1.8062795859387748,0,0,2,0.516916176263571,0.1202722552804402,1.0705948402604193,0.9415531607956495,0.7853248600749652,0.7127231603106132,0.3124024640312584,-0.4725310208161914,1.1414033485671382,0.8870819424082299,4.333333333333333,4.45,3.64,3.8966666666666665,0.3185942157720056,0.2804696062435578,0.6623341081500203,0.43190181445715836,2.649336432600081,-0.06666666666666643,-0.006666666666667265
